{"type":"FeatureCollection","features":[{"type":"Feature","id":41457,"geometry":{"type":"Polygon","coordinates":[[[-120.950415331,44.4626554000001],[-120.949121161,44.4639495700001],[-120.950846721,44.4676882840001],[-120.951997095,44.4689824540001],[-120.951421908,44.471858388],[-120.951853298,44.473871542],[-120.951997095,44.4770350690001],[-120.94949712,44.478358685],[-120.948412215,44.4813526070001],[-120.945597,44.4820885730001],[-120.943369293,44.4799110020001],[-120.942075123,44.478904426],[-120.94092475,44.4750311290001],[-120.939199189,44.473440151],[-120.938911596,44.4722897780001],[-120.936610849,44.470851811],[-120.934885289,44.467832081],[-120.934453899,44.4656751300001],[-120.935604272,44.464093367],[-120.938767799,44.462799196],[-120.942794107,44.463805773],[-120.945526244,44.46308679],[-120.947539397,44.46179262],[-120.950415331,44.4609298390001],[-120.950415331,44.4626554000001]]]},"properties":{"OBJECTID":41457,"poly_SourceOID":23223,"poly_IncidentName":"0391 OD","poly_FeatureCategory":"Wildfire Daily Fire Perimeter","poly_MapMethod":"Mixed Methods","poly_GISAcres":496.12770038953784,"poly_DeleteThis":"No","poly_FeatureAccess":"Public","poly_FeatureStatus":"Approved","poly_IsVisible":"Yes","poly_CreateDate":1751485658000,"poly_DateCurrent":1751556701000,"poly_PolygonDateTime":1751504268000,"poly_IRWINID":"{602B6CB2-21BD-4D58-B8E4-01DEBA0DBECF}","poly_FORID":null,"poly_Acres_AutoCalc":496.12579440213415,"poly_SourceGlobalID":"{77FC7502-6AAE-424B-8F47-36E1B7B954BD}","poly_Source":"2025 NIFS","attr_SourceOID":38427924,"attr_ABCDMisc":null,"attr_ADSPermissionState":"ICS209","attr_CalculatedAcres":null,"attr_ContainmentDateTime":null,"attr_ControlDateTime":null,"attr_CreatedBySystem":"wildcade","attr_IncidentSize":624,"attr_DiscoveryAcres":0.01,"attr_DispatchCenterID":"ORCOC","attr_EstimatedCostToDate":500000,"attr_FinalAcres":null,"attr_FFReportApprovedByTitle":null,"attr_FFReportApprovedByUnit":null,"attr_FFReportApprovedDate":null,"attr_FireBehaviorGeneral":"Minimal","attr_FireBehaviorGeneral1":"Smoldering","attr_FireBehaviorGeneral2":"Uphill Runs","attr_FireBehaviorGeneral3":null,"attr_FireCause":"Natural","attr_FireCauseGeneral":null,"attr_FireCauseSpecific":null,"attr_FireCode":"S446","attr_FireDepartmentID":null,"attr_FireDiscoveryDateTime":1751483340000,"attr_FireMgmtComplexity":null,"attr_FireOutDateTime":null,"attr_FireStrategyConfinePercent":0,"attr_FireStrategyFullSuppPrcnt":100,"attr_FireStrategyMonitorPercent":0,"attr_FireStrategyPointZonePrcnt":0,"attr_FSJobCode":"PN","attr_FSOverrideCode":"1532","attr_GACC":"NWCC","attr_ICS209ReportDateTime":1752778391000,"attr_ICS209RptForTimePeriodFrom":1752008400000,"attr_ICS209RptForTimePeriodTo":1752776100000,"attr_ICS209ReportStatus":"F","attr_IncidentManagementOrg":"Type 4 IC","attr_IncidentName":"0391 GRIZZLY FLAT","attr_IncidentShortDescription":"12 Miles NE from Prineville, OR","attr_IncidentTypeCategory":"WF","attr_IncidentTypeKind":"FI","attr_InitialLatitude":44.482083,"attr_InitialLongitude":-120.945583,"attr_InitialResponseAcres":null,"attr_InitialResponseDateTime":null,"attr_IrwinID":"{602B6CB2-21BD-4D58-B8E4-01DEBA0DBECF}","attr_IsFireCauseInvestigated":null,"attr_IsFireCodeRequested":0,"attr_IsFSAssisted":1,"attr_IsMultiJurisdictional":null,"attr_IsReimbursable":null,"attr_IsTrespass":null,"attr_IsUnifiedCommand":0,"attr_LocalIncidentIdentifier":"000391","attr_ModifiedBySystem":"INFORM_Inspector","attr_PercentContained":100,"attr_PercentPerimToBeContained":100,"attr_POOCity":null,"attr_POOCounty":"Jefferson","attr_POODispatchCenterID":"ORCOC","attr_POOFips":"41031","attr_POOJurisdictionalAgency":null,"attr_POOJurisdictionalUnit":null,"attr_POOJurisdictUnitParentUnit":null,"attr_POOLandownerCategory":"Private","attr_POOLandownerKind":"Private","attr_POOLegalDescPrincipalMerid":null,"attr_POOLegalDescQtr":null,"attr_POOLegalDescQtrQtr":null,"attr_POOLegalDescRange":null,"attr_POOLegalDescSection":null,"attr_POOLegalDescTownship":null,"attr_POOPredictiveServiceAreaID":"NW06","attr_POOProtectingAgency":"DOF","attr_POOProtectingUnit":"OR951S","attr_POOState":"US-OR","attr_PredominantFuelGroup":null,"attr_PredominantFuelModel":null,"attr_PrimaryFuelModel":"Tall Grass (2.5 feet)","attr_SecondaryFuelModel":"Brush (2 feet)","attr_TotalIncidentPersonnel":11,"attr_UniqueFireIdentifier":"2025-OR951S-000391","attr_FORID":null,"attr_WFDSSDecisionStatus":"No Decision","attr_EstimatedFinalCost":null,"attr_OrganizationalAssessment":null,"attr_StratDecisionPublishDate":null,"attr_CreatedOnDateTime_dt":1751485623000,"attr_ModifiedOnDateTime_dt":1764879352000,"attr_Source":"IRWIN","attr_ActiveFireCandidate":1,"attr_IsCpxChild":0,"attr_CpxName":null,"attr_CpxID":null,"attr_SourceGlobalID":"{B97ECB11-A2C5-4D7E-A199-7E89026382C1}","GlobalID":"bd34389b-4645-4b3f-af3d-70f4cf808523","Shape__Area":0.00022707429707224946,"Shape__Length":0.064950544776208208,"attr_IncidentComplexityLevel":"Type 3 Incident"}},{"type":"Feature","id":43597,"geometry":{"type":"Polygon","coordinates":[[[-107.099254362,39.847388331],[-107.099191238,39.847388331],[-107.099170877,39.847325207],[-107.099229926,39.8472743020001],[-107.099254362,39.847388331]],[[-107.073512333,39.851167575],[-107.073461428,39.8512449510001],[-107.073402377,39.851228662],[-107.073410522,39.851153321],[-107.073512333,39.851167575]],[[-107.099021833,39.8471282630001],[-107.098988329,39.8471278910001],[-107.098981101,39.847148609],[-107.098957408,39.847126534],[-107.098963804,39.8471129280001],[-107.098955644,39.847096236],[-107.098934827,39.8470690130001],[-107.098918278,39.84704179],[-107.09897059,39.847034851],[-107.098980376,39.8470472330001],[-107.099007815,39.8470452010001],[-107.099025334,39.847021818],[-107.099016819,39.8470462270001],[-107.099037847,39.847055669],[-107.099039448,39.8470989050001],[-107.099021833,39.8471282630001]],[[-107.099148477,39.8472233960001],[-107.099111825,39.8472844830001],[-107.099007976,39.8472722650001],[-107.099050738,39.847182671],[-107.099148477,39.8472233960001]],[[-107.146427553,39.8261796040001],[-107.146346756,39.826192636],[-107.146289415,39.8261339920001],[-107.146400186,39.826079258],[-107.146469255,39.8261444180001],[-107.146427553,39.8261796040001]],[[-107.06933806,39.8475105040001],[-107.069303445,39.8475329030001],[-107.069179234,39.847479961],[-107.069258647,39.847388331],[-107.069336025,39.847457562],[-107.06933806,39.8475105040001]],[[-107.070417263,39.8496342930001],[-107.070352103,39.849687235],[-107.070270654,39.8496607640001],[-107.070274727,39.8495589520001],[-107.070417263,39.8495854230001],[-107.070417263,39.8496342930001]],[[-107.123535902,39.835311319],[-107.123698164,39.835282685],[-107.123698164,39.8353463170001],[-107.123644078,39.8353876780001],[-107.123535902,39.8354099490001],[-107.123535902,39.835311319]],[[-107.109664081,39.836523513],[-107.109473183,39.836529876],[-107.109482729,39.8364280650001],[-107.10964181,39.836450336],[-107.109664081,39.836523513]],[[-107.105615545,39.8397076690001],[-107.105509661,39.839713777],[-107.105462828,39.8396811980001],[-107.105466901,39.839579386],[-107.105562604,39.8395895670001],[-107.105617581,39.8396241830001],[-107.105615545,39.8397076690001]],[[-107.096084968,39.851241643],[-107.095983156,39.8513052750001],[-107.095903616,39.851241643],[-107.095967248,39.851114378],[-107.09608815,39.851235279],[-107.096084968,39.851241643]],[[-107.148365393,39.8271648140001],[-107.14827417,39.8271765420001],[-107.148242894,39.8270931380001],[-107.14834324,39.8270318890001],[-107.148459223,39.827100957],[-107.148365393,39.8271648140001]],[[-107.078725546,39.8547168690001],[-107.078805278,39.8547053290001],[-107.078936418,39.8547336550001],[-107.078929074,39.854788209],[-107.078877667,39.8548165350001],[-107.0787801,39.8548207320001],[-107.078718202,39.854772473],[-107.078725546,39.8547168690001]],[[-107.104086794,39.841088498],[-107.104060823,39.8411961320001],[-107.103910672,39.8411675830001],[-107.103936548,39.8410263600001],[-107.104086794,39.841088498]],[[-107.097764858,39.8460810710001],[-107.097631232,39.8460715260001],[-107.097615323,39.8459665330001],[-107.097831673,39.8459538060001],[-107.097764858,39.8460810710001]],[[-107.051934397,39.8349489980001],[-107.051797971,39.834938816],[-107.051747064,39.8349001280001],[-107.051808151,39.834820715],[-107.051969013,39.8348390410001],[-107.051934397,39.8349489980001]],[[-107.146387155,39.826802528],[-107.146319389,39.8267777670001],[-107.146299842,39.826681331],[-107.146328511,39.826591411],[-107.146440585,39.8266213840001],[-107.146428857,39.826674815],[-107.146431463,39.826738671],[-107.146387155,39.826802528]],[[-107.050794744,39.817039331],[-107.05066748,39.8170997820001],[-107.050613392,39.816991607],[-107.050696114,39.81691843],[-107.050829742,39.816991607],[-107.050794744,39.817039331]],[[-107.113589832,39.8353384060001],[-107.11366672,39.8353175550001],[-107.113692784,39.835321465],[-107.113707119,39.835344922],[-107.113679752,39.8353735920001],[-107.113635444,39.835420507],[-107.113604167,39.8354569960001],[-107.113535098,39.8354583],[-107.11348297,39.835420507],[-107.113468636,39.8353410130001],[-107.113589832,39.8353384060001]],[[-107.055086482,39.837506503],[-107.054988743,39.8374861410001],[-107.054960236,39.837384329],[-107.055043721,39.8373049160001],[-107.055143497,39.837433199],[-107.055086482,39.837506503]],[[-107.055247344,39.8180075590001],[-107.05514146,39.818011631],[-107.055074265,39.817924073],[-107.055169968,39.817854841],[-107.055300286,39.817915928],[-107.055247344,39.8180075590001]],[[-107.14903914,39.8253234100001],[-107.149088661,39.825234793],[-107.149174672,39.825246522],[-107.149186401,39.825314287],[-107.149182491,39.8254081170001],[-107.149106907,39.8254224520001],[-107.149035233,39.825388569],[-107.14903914,39.8253234100001]],[[-107.13817131,39.8375066310001],[-107.138324027,39.8374811780001],[-107.138314483,39.8375988970001],[-107.138254032,39.837652985],[-107.138139494,39.8376338950001],[-107.13817131,39.8375066310001]],[[-107.150789577,39.8277104520001],[-107.150675039,39.8277740840001],[-107.150544593,39.8277009070001],[-107.150671858,39.8275800060001],[-107.150789577,39.8277104520001]],[[-107.098442541,39.8450693180001],[-107.098356638,39.8450661370001],[-107.098299369,39.8450279570001],[-107.098315277,39.844926146],[-107.098515718,39.8449515990001],[-107.098515718,39.8450215940001],[-107.098442541,39.8450693180001]],[[-107.066727613,39.84374755],[-107.066611548,39.84374755],[-107.066578968,39.8436477750001],[-107.066666526,39.8435866880001],[-107.06683146,39.843664065],[-107.066727613,39.84374755]],[[-107.093856314,39.8552298550001],[-107.093791154,39.855235963],[-107.093762647,39.8551117530001],[-107.093823734,39.854997725],[-107.093958125,39.855058811],[-107.093945908,39.8550771370001],[-107.093913328,39.855150442],[-107.093856314,39.8552298550001]],[[-107.097670174,39.845834687],[-107.097643703,39.845765455],[-107.09763963,39.845669752],[-107.097670174,39.8455760850001],[-107.097820855,39.845643281],[-107.097794384,39.84572473],[-107.097751623,39.845812288],[-107.097670174,39.845834687]],[[-107.10036207,39.8461950990001],[-107.100529041,39.846170665],[-107.10050257,39.846313201],[-107.100439447,39.8463559620001],[-107.10036207,39.8463294910001],[-107.100227679,39.8462785850001],[-107.10036207,39.8461950990001]],[[-107.111461691,39.836001729],[-107.111318518,39.83596355],[-107.111248523,39.8358553750001],[-107.111296247,39.835759926],[-107.11142033,39.835763108],[-107.111442601,39.835849012],[-107.111461691,39.836001729]],[[-107.13291529,39.835521306],[-107.132800751,39.8355467590001],[-107.132670306,39.8354672180001],[-107.13279757,39.835324046],[-107.132947106,39.8353494990001],[-107.13291529,39.835521306]],[[-107.089221375,39.8540325340001],[-107.089155168,39.853996006],[-107.089204488,39.8538973660001],[-107.08936654,39.853936118],[-107.089361928,39.8539492950001],[-107.089384425,39.853951835],[-107.089392858,39.85400473],[-107.089396968,39.85400608],[-107.089431584,39.8540264420001],[-107.089425477,39.8541078920001],[-107.089315519,39.854148616],[-107.08921778,39.8540936380001],[-107.089221375,39.8540325340001]],[[-107.070838762,39.8494876840001],[-107.070716588,39.849495829],[-107.070655502,39.849379764],[-107.070753241,39.8493105320001],[-107.070973154,39.849357366],[-107.070985371,39.849434742],[-107.070948719,39.849473431],[-107.070838762,39.8494876840001]],[[-107.097898486,39.8465105880001],[-107.097723497,39.846564675],[-107.097656684,39.84649468],[-107.097691681,39.8463578710001],[-107.097962119,39.846380142],[-107.097962118,39.8464469560001],[-107.097898486,39.8465105880001]],[[-107.095528186,39.852361569],[-107.095798623,39.852278848],[-107.095795441,39.8523902040001],[-107.09573181,39.8524570180001],[-107.095604545,39.8525079230001],[-107.095439101,39.8525461030001],[-107.095528186,39.852361569]],[[-107.095906798,39.8504939640001],[-107.095789078,39.8505353250001],[-107.095677722,39.8504557850001],[-107.095664995,39.850283978],[-107.095916343,39.850315794],[-107.095935431,39.850392153],[-107.095906798,39.8504939640001]],[[-107.109027758,39.8367398620001],[-107.109129571,39.836688957],[-107.109279106,39.8367907680001],[-107.109275925,39.8369148510001],[-107.109110482,39.836927577],[-107.108957764,39.836889398],[-107.109027758,39.8367398620001]],[[-107.053628541,39.8363315980001],[-107.053781258,39.836262366],[-107.053905469,39.8362969820001],[-107.053854563,39.8364965330001],[-107.053720171,39.8364985690001],[-107.053583744,39.836445627],[-107.053628541,39.8363315980001]],[[-107.150353696,39.828528126],[-107.15020416,39.828649027],[-107.150083259,39.8285567610001],[-107.150134165,39.828321321],[-107.150382331,39.828327685],[-107.150353696,39.828528126]],[[-107.122005548,39.8360653610001],[-107.121910099,39.8359826390001],[-107.121808288,39.835915825],[-107.121868738,39.8357821980001],[-107.122110541,39.8358267400001],[-107.122167809,39.835874464],[-107.122209171,39.8359508230001],[-107.122110542,39.8360558160001],[-107.122005548,39.8360653610001]],[[-107.128489671,39.8349422530001],[-107.128333771,39.8349708870001],[-107.12817151,39.8348913470001],[-107.128305136,39.834671816],[-107.128483306,39.8346972690001],[-107.128524667,39.8348531680001],[-107.128489671,39.8349422530001]],[[-107.06882493,39.846775425],[-107.069020408,39.846728592],[-107.069140546,39.8467347010001],[-107.069134437,39.846846693],[-107.069061133,39.846954613],[-107.068969503,39.8470319900001],[-107.068869727,39.847027918],[-107.068794387,39.846928142],[-107.06882493,39.846775425]],[[-107.12236507,39.8366253250001],[-107.122343733,39.8365573150001],[-107.122161447,39.8365171500001],[-107.122240987,39.836370796],[-107.122289266,39.8363932710001],[-107.122349162,39.836243531],[-107.122495516,39.8362308050001],[-107.122511424,39.836358069],[-107.122432673,39.8364666910001],[-107.122508242,39.8364980600001],[-107.122543241,39.8365903270001],[-107.122546421,39.836723954],[-107.122428702,39.836688957],[-107.12236507,39.8366253250001]],[[-107.111092624,39.836211715],[-107.110955815,39.8362626210001],[-107.110873093,39.8360621790001],[-107.110720376,39.835957186],[-107.110795829,39.8358762130001],[-107.110777645,39.835874464],[-107.110723557,39.8358140140001],[-107.110850822,39.835731292],[-107.110981268,39.835734474],[-107.110943611,39.8358882360001],[-107.110997176,39.8359953660001],[-107.111108532,39.8359858210001],[-107.111203981,39.8359858210001],[-107.111194436,39.836090814],[-107.111092624,39.836211715]],[[-107.146426361,39.828966226],[-107.146248531,39.8289543710001],[-107.146129977,39.8287943240001],[-107.14630188,39.828539434],[-107.146627901,39.82865206],[-107.146556769,39.8289128770001],[-107.146426361,39.828966226]],[[-107.136637519,39.8367958590001],[-107.136472585,39.8368101120001],[-107.13638299,39.8367571700001],[-107.136382808,39.8367566520001],[-107.136226201,39.836777533],[-107.136220092,39.83668183],[-107.136236382,39.836596308],[-107.136258004,39.8365183130001],[-107.136240454,39.8364985690001],[-107.136168898,39.836472729],[-107.136128462,39.836502642],[-107.136036831,39.836431374],[-107.136073027,39.8364020070001],[-107.136071447,39.8364008300001],[-107.13616715,39.8362725480001],[-107.136356518,39.836170736],[-107.136554034,39.836182953],[-107.136743403,39.8362134970001],[-107.136755622,39.836349924],[-107.136676208,39.8365230040001],[-107.136657882,39.836667576],[-107.136637519,39.8367958590001]],[[-107.146618486,39.813692277],[-107.146828472,39.8135904650001],[-107.146927103,39.8135936470001],[-107.147146633,39.8138386310001],[-107.147165723,39.814007256],[-107.14714027,39.8142808750001],[-107.14684438,39.8143699600001],[-107.146586669,39.814299965],[-107.146465768,39.813969077],[-107.146618486,39.813692277]],[[-107.105344728,39.8394409220001],[-107.105073909,39.839412415],[-107.104864176,39.8395162630001],[-107.104748111,39.83940427],[-107.104717569,39.8392576620001],[-107.104788835,39.8391456690001],[-107.104782727,39.83904793],[-107.104715532,39.838960372],[-107.104750148,39.838864669],[-107.104860104,39.838773039],[-107.105059656,39.838899285],[-107.105212372,39.838970553],[-107.105367125,39.838972589],[-107.105521879,39.8390499660001],[-107.105637944,39.8391558500001],[-107.105910799,39.8391925020001],[-107.106008538,39.839261734],[-107.105912835,39.839390017],[-107.10572143,39.8394327770001],[-107.105464864,39.8394714660001],[-107.105344728,39.8394409220001]],[[-107.149440574,39.8278663510001],[-107.149446937,39.827688181],[-107.149233769,39.827716815],[-107.149125595,39.8276627280001],[-107.149310128,39.827519556],[-107.14911605,39.827519556],[-107.149036509,39.827602277],[-107.148883792,39.8275704610001],[-107.148673806,39.827494103],[-107.14880107,39.827363657],[-107.149071507,39.827328659],[-107.14897924,39.8271854870001],[-107.148925153,39.827010498],[-107.149065144,39.82687687],[-107.149233769,39.826908686],[-107.149459664,39.826969137],[-107.149695103,39.8269373210001],[-107.149914634,39.82691505],[-107.150178708,39.8270932200001],[-107.150296427,39.8271886680001],[-107.150353695,39.827245937],[-107.15034097,39.8274177440001],[-107.150299609,39.82756728],[-107.150194616,39.8276977260001],[-107.150080078,39.8278249900001],[-107.149917816,39.827920439],[-107.149784188,39.828089064],[-107.149606018,39.8282163280001],[-107.149481934,39.828327685],[-107.149163774,39.828254508],[-107.149278312,39.8280699740001],[-107.149440574,39.8278663510001]],[[-107.147499792,39.8280222500001],[-107.14771296,39.8277486320001],[-107.147681143,39.827599096],[-107.147684325,39.8275736430001],[-107.147728868,39.8274177440001],[-107.147903856,39.82737002],[-107.14812975,39.8274686500001],[-107.148177475,39.8275100110001],[-107.148053392,39.827599096],[-107.147996123,39.82772636],[-107.148148841,39.827812264],[-107.148250652,39.8277104520001],[-107.148457456,39.8275831880001],[-107.148581539,39.827681818],[-107.14870244,39.8277899920001],[-107.148575176,39.8278631700001],[-107.148616537,39.8281463330001],[-107.148479729,39.828324503],[-107.148397006,39.8286172110001],[-107.148454275,39.828964007],[-107.148482908,39.829291713],[-107.147967488,39.8296003290001],[-107.147553879,39.8295557860001],[-107.147130725,39.8292598960001],[-107.14686347,39.8289894600001],[-107.147025732,39.828493128],[-107.147499792,39.8280222500001]],[[-107.092959461,39.8554601860001],[-107.092301993,39.8555790240001],[-107.091878722,39.8552489750001],[-107.091411648,39.854958674],[-107.09106947,39.8546251430001],[-107.090820213,39.854064801],[-107.090959493,39.854077509],[-107.091025953,39.854008116],[-107.091274373,39.8539775730001],[-107.091453561,39.8539918270001],[-107.091602207,39.8540040440001],[-107.09172438,39.8539796090001],[-107.091677547,39.8539042690001],[-107.091608315,39.85384929],[-107.091576645,39.8537934030001],[-107.091532974,39.8538370730001],[-107.091467814,39.8538370730001],[-107.09142987,39.853803483],[-107.091406728,39.8538309640001],[-107.09131917,39.8538330010001],[-107.091196996,39.8537983850001],[-107.091101294,39.8537495150001],[-107.091007627,39.8536884280001],[-107.091131837,39.8536191960001],[-107.091207143,39.8535485400001],[-107.090917208,39.853391452],[-107.090751492,39.8530724390001],[-107.090204692,39.853029017],[-107.090095587,39.8527879150001],[-107.08990336,39.8527571660001],[-107.089808287,39.852837284],[-107.089759418,39.8528678270001],[-107.089710904,39.852873892],[-107.089689931,39.8529406220001],[-107.089608245,39.852985296],[-107.089658937,39.8530765410001],[-107.089634322,39.853146597],[-107.089663715,39.8531875150001],[-107.089659642,39.8532282400001],[-107.089616881,39.8532221310001],[-107.089607385,39.8532061060001],[-107.089403425,39.853178407],[-107.08935828,39.8532506390001],[-107.089256469,39.8532628560001],[-107.089026748,39.8531946750001],[-107.089047798,39.853115405],[-107.089063027,39.852971675],[-107.089028411,39.8528942980001],[-107.089042923,39.8528558850001],[-107.089007804,39.8528350030001],[-107.089007134,39.852776014],[-107.088996861,39.852748192],[-107.08895307,39.852743617],[-107.088928635,39.852649951],[-107.088949305,39.8526193960001],[-107.088850162,39.85259763],[-107.088840441,39.852651096],[-107.088776809,39.852724273],[-107.088655908,39.8527020020001],[-107.088704065,39.852565558],[-107.088617535,39.852546563],[-107.088547238,39.852466975],[-107.088419578,39.8524768710001],[-107.088285187,39.8524504000001],[-107.088154868,39.8525318490001],[-107.088022952,39.8524871500001],[-107.087841416,39.8525779190001],[-107.087807443,39.852582166],[-107.087833358,39.852628779],[-107.087843062,39.8526649950001],[-107.087885997,39.8526646880001],[-107.087912687,39.8527025870001],[-107.08792939,39.8527425880001],[-107.087941511,39.8527442220001],[-107.087944714,39.8528242900001],[-107.08794578,39.852881939],[-107.087978159,39.8528925740001],[-107.088006633,39.852884074],[-107.088006632,39.8528221550001],[-107.088055741,39.8527671750001],[-107.088071755,39.852733013],[-107.088108052,39.852719134],[-107.088137175,39.8527248990001],[-107.088171573,39.852721269],[-107.088199863,39.852689776],[-107.088291142,39.8526849720001],[-107.088330641,39.8526961810001],[-107.08833331,39.8527324790001],[-107.088330642,39.852783188],[-107.088388823,39.8528018710001],[-107.088400567,39.852834966],[-107.088419249,39.852841905],[-107.088448073,39.852861121],[-107.088451276,39.8529123650001],[-107.088441134,39.8529577360001],[-107.088433128,39.852991365],[-107.088355729,39.8529956350001],[-107.088278863,39.8529662770001],[-107.088258046,39.852988162],[-107.088253776,39.8530132500001],[-107.088225485,39.8530394060001],[-107.088186271,39.8530400490001],[-107.088041857,39.8531092480001],[-107.087882776,39.8531028850001],[-107.087936864,39.8529565310001],[-107.087959718,39.8529546],[-107.08797054,39.8529388590001],[-107.087946849,39.8529337160001],[-107.087875323,39.8529556010001],[-107.087844896,39.852974284],[-107.087797389,39.8529940340001],[-107.087762159,39.8530319330001],[-107.087713051,39.8530543520001],[-107.087669281,39.853041541],[-107.087617503,39.853023926],[-107.087546606,39.8529953550001],[-107.087437351,39.8530615240001],[-107.087430145,39.8530568910001],[-107.087427475,39.8530687640001],[-107.087381036,39.8530789060001],[-107.087329793,39.8530511490001],[-107.087304171,39.8530057770001],[-107.087296305,39.8529708510001],[-107.087259181,39.8529469860001],[-107.087229373,39.852830732],[-107.087178845,39.8528217100001],[-107.087099277,39.8527699900001],[-107.08704105,39.852792487],[-107.086839463,39.8528087770001],[-107.086682673,39.8528352480001],[-107.086636148,39.8527486130001],[-107.086610132,39.852756089],[-107.086460597,39.852810176],[-107.086212431,39.852813358],[-107.086156325,39.852732797],[-107.086124937,39.8527918820001],[-107.086061195,39.8527746550001],[-107.08604517,39.8528212050001],[-107.085960569,39.852857462],[-107.085907526,39.852889691],[-107.08584441,39.8528849910001],[-107.085808576,39.8528536360001],[-107.085747915,39.852854719],[-107.085690034,39.8527258010001],[-107.085026287,39.852682514],[-107.084812523,39.8526178880001],[-107.084946747,39.8523494400001],[-107.084929641,39.8522168710001],[-107.084860002,39.8521917240001],[-107.084841396,39.8521847470001],[-107.084709934,39.852136892],[-107.084575042,39.852118133],[-107.084534131,39.852165503],[-107.084335281,39.852250014],[-107.084350195,39.852324583],[-107.084300885,39.852414982],[-107.084332099,39.852476107],[-107.084281194,39.8525811010001],[-107.084134896,39.8526108560001],[-107.084086718,39.8526576580001],[-107.08382324,39.852692457],[-107.08379989,39.8526048890001],[-107.083705322,39.8526192800001],[-107.083616236,39.852813358],[-107.083498517,39.852886535],[-107.083323529,39.8528197210001],[-107.083100816,39.8529151700001],[-107.08287174,39.8528610820001],[-107.082862645,39.852807419],[-107.082619511,39.852727799],[-107.082477801,39.8526246600001],[-107.08229209,39.8527023990001],[-107.082267234,39.8524240090001],[-107.082192665,39.852279842],[-107.082048498,39.8523096690001],[-107.081968958,39.8522599570001],[-107.081814849,39.8523295540001],[-107.081755194,39.852483664],[-107.081799935,39.8526278300001],[-107.082083297,39.852841595],[-107.082152895,39.8529758190001],[-107.082302033,39.8531498130001],[-107.082142953,39.8532740950001],[-107.081978901,39.8533039230001],[-107.081809878,39.8531945550001],[-107.081730337,39.853045417],[-107.08150663,39.8531448420001],[-107.08139141,39.853098754],[-107.081272408,39.8531447550001],[-107.081215394,39.853091813],[-107.081203891,39.8530237460001],[-107.081158643,39.853005647],[-107.081079102,39.852970848],[-107.080969734,39.8533834630001],[-107.080726142,39.853289009],[-107.080512377,39.8533983770001],[-107.08032844,39.85337352],[-107.080250827,39.853281795],[-107.080101961,39.853514472],[-107.080214101,39.8537115660001],[-107.080393067,39.85364694],[-107.080492492,39.8537065950001],[-107.080495401,39.853735681],[-107.080616742,39.8537596960001],[-107.080630996,39.853769877],[-107.080606561,39.85386558],[-107.080553619,39.8539735000001],[-107.080553619,39.854081421],[-107.080362213,39.8541221450001],[-107.080233931,39.8540284790001],[-107.080197514,39.8539578530001],[-107.080099762,39.853970072],[-107.079975479,39.854059555],[-107.079864551,39.8540823100001],[-107.079836866,39.8541465800001],[-107.079663786,39.854232102],[-107.079502268,39.8542366840001],[-107.0794487,39.8542853650001],[-107.07932145,39.854439159],[-107.079409257,39.854482558],[-107.079647496,39.8545517900001],[-107.079824648,39.8546698910001],[-107.079790032,39.8547737390001],[-107.079606772,39.8548022460001],[-107.079458127,39.8548511160001],[-107.07939704,39.8548470430001],[-107.079323289,39.8547703720001],[-107.079266617,39.854812301],[-107.079147094,39.854836086],[-107.079097181,39.85480922],[-107.079157271,39.854771559],[-107.079094283,39.8546820290001],[-107.078983198,39.8546384160001],[-107.078922406,39.854563768],[-107.078861511,39.854553826],[-107.078810605,39.8545171740001],[-107.078861833,39.854437208],[-107.078851901,39.854414654],[-107.078748776,39.854363688],[-107.078728232,39.854454133],[-107.07868002,39.854501042],[-107.078636991,39.8545904420001],[-107.078599677,39.854697688],[-107.078488373,39.8546985080001],[-107.078427558,39.854638734],[-107.078318157,39.854574337],[-107.078453171,39.854458794],[-107.078352168,39.854401947],[-107.078246021,39.854474512],[-107.07809051,39.8543969290001],[-107.077903223,39.8543454360001],[-107.077629674,39.854345666],[-107.077533274,39.8543228080001],[-107.077465723,39.854257165],[-107.077450677,39.8541121220001],[-107.077366918,39.8541404710001],[-107.077258998,39.8542891160001],[-107.077159222,39.8543603840001],[-107.077037049,39.8543705650001],[-107.076929128,39.8542300660001],[-107.077130714,39.8541058550001],[-107.077169403,39.854008116],[-107.077277324,39.8539897900001],[-107.077434353,39.853954769],[-107.077432014,39.8539322180001],[-107.077422851,39.8538721720001],[-107.077316012,39.8538574350001],[-107.077244744,39.853743406],[-107.077320086,39.8536558490001],[-107.07741903,39.8536226090001],[-107.07760191,39.8534089820001],[-107.077892997,39.853219172],[-107.077927708,39.8532127460001],[-107.077987969,39.853122356],[-107.078142722,39.853089776],[-107.078340625,39.8531182180001],[-107.078499793,39.8529032480001],[-107.078701037,39.8527789280001],[-107.078506045,39.852486287],[-107.078501372,39.85199522],[-107.078372816,39.851951523],[-107.078271004,39.8517926970001],[-107.078295439,39.851692922],[-107.078287294,39.8516012920001],[-107.078290358,39.851591931],[-107.078195916,39.851521086],[-107.078099961,39.851574821],[-107.07794928,39.85156464],[-107.077860258,39.851482935],[-107.077844797,39.851486627],[-107.077790708,39.8515852560001],[-107.077599811,39.851559804],[-107.077434368,39.8515311690001],[-107.077167113,39.8515725300001],[-107.077014395,39.8515279870001],[-107.077084391,39.851356181],[-107.076877586,39.851311638],[-107.076820317,39.851362544],[-107.076635784,39.8512989120001],[-107.07648943,39.8512098260001],[-107.076527609,39.851120741],[-107.076613513,39.8510189300001],[-107.076673963,39.850948934],[-107.07668669,39.8508248520001],[-107.076553062,39.850831215],[-107.076467158,39.8509330260001],[-107.076393981,39.8509712060001],[-107.076298533,39.8509393900001],[-107.076269818,39.8509106760001],[-107.076348803,39.851025039],[-107.076395636,39.8511248140001],[-107.076391563,39.8512693860001],[-107.076375274,39.8514383930001],[-107.07620423,39.8514730090001],[-107.076218484,39.851320292],[-107.076055585,39.851295857],[-107.075939521,39.851477082],[-107.075848879,39.851423477],[-107.075824473,39.8515088980001],[-107.075732206,39.8515470770001],[-107.07550464,39.851488268],[-107.075375484,39.8516135090001],[-107.075186115,39.8517601180001],[-107.075006927,39.8517601180001],[-107.074860318,39.851717357],[-107.074803302,39.8516175820001],[-107.074803303,39.851550386],[-107.074644478,39.851491335],[-107.074371623,39.851332509],[-107.074292211,39.8512836400001],[-107.074485652,39.851261241],[-107.074603753,39.851189973],[-107.074597124,39.8511214650001],[-107.074567737,39.8511398310001],[-107.074347048,39.851124068],[-107.074304426,39.8511960820001],[-107.074237231,39.8512225530001],[-107.074149674,39.851224589],[-107.074062116,39.85109427],[-107.074030825,39.850988756],[-107.073972776,39.8509680240001],[-107.073778699,39.850955298],[-107.073684904,39.850935199],[-107.07362229,39.85098635],[-107.073502152,39.8510087490001],[-107.073379978,39.851037256],[-107.07329242,39.8511003790001],[-107.073250699,39.851137566],[-107.073241515,39.851216444],[-107.0730664,39.851202191],[-107.07296866,39.851106488],[-107.072967654,39.8510461340001],[-107.072860739,39.8509700600001],[-107.072797617,39.850941553],[-107.072693961,39.850925004],[-107.072697547,39.8509276570001],[-107.072677662,39.851116565],[-107.072389328,39.8512309050001],[-107.072155679,39.8512110200001],[-107.07196835,39.851000846],[-107.071862986,39.851027075],[-107.07175303,39.8509456260001],[-107.071620675,39.8508315970001],[-107.071498502,39.850813271],[-107.071437414,39.850715531],[-107.071382436,39.850560778],[-107.071317277,39.850485437],[-107.071229719,39.8504304590001],[-107.071119762,39.85038159],[-107.071211393,39.8502695970001],[-107.071235383,39.850266855],[-107.071425197,39.8502451620001],[-107.071521786,39.849981058],[-107.071524577,39.8498391420001],[-107.071419088,39.8497259230001],[-107.071307095,39.8497198150001],[-107.071278037,39.849707767],[-107.071140125,39.849650583],[-107.071138088,39.8495833870001],[-107.071256189,39.84950601],[-107.071419088,39.8494795390001],[-107.07162882,39.849534518],[-107.071671407,39.8494080660001],[-107.071605658,39.8493994900001],[-107.071469648,39.8493040440001],[-107.071408907,39.8493268220001],[-107.071219538,39.849269808],[-107.070977226,39.8492290830001],[-107.070928357,39.849092656],[-107.070995552,39.849029532],[-107.071099345,39.8490000690001],[-107.070978881,39.8489190670001],[-107.070880283,39.8488298600001],[-107.070806183,39.8488320180001],[-107.07066161,39.8487912940001],[-107.070718625,39.848722062],[-107.070797352,39.848632643],[-107.070807074,39.8485786350001],[-107.070704568,39.8484428140001],[-107.070639212,39.848447171],[-107.070598487,39.848363685],[-107.070651429,39.8482985260001],[-107.070775412,39.848252545],[-107.070787984,39.8482318390001],[-107.070791166,39.84815389],[-107.070794347,39.8480759400001],[-107.070701295,39.8480127560001],[-107.070719835,39.847950375],[-107.07073961,39.8479143320001],[-107.070780721,39.847873222],[-107.070823306,39.8478488710001],[-107.070841161,39.8478205970001],[-107.070844056,39.847789714],[-107.070805621,39.8477807020001],[-107.070761852,39.847795041],[-107.070744967,39.847761453],[-107.070710031,39.8477549080001],[-107.070685004,39.8477302060001],[-107.070659609,39.847703095],[-107.070621009,39.8477155850001],[-107.070587762,39.8477333120001],[-107.070560212,39.8477538180001],[-107.070533527,39.8477760820001],[-107.07051945,39.8477265280001],[-107.070492612,39.847706241],[-107.070454942,39.8477031530001],[-107.070412462,39.847721893],[-107.070371675,39.84770812],[-107.070348696,39.847664341],[-107.070312182,39.847643281],[-107.070268387,39.847650957],[-107.070256338,39.8476250790001],[-107.070259262,39.8475927540001],[-107.070269359,39.847566274],[-107.070290544,39.8475301560001],[-107.070257278,39.8475438770001],[-107.070184905,39.847546564],[-107.07017182,39.8474153000001],[-107.070135204,39.8474105990001],[-107.070088385,39.847448302],[-107.070071771,39.847412331],[-107.070057385,39.847380017],[-107.069986747,39.847378647],[-107.069983886,39.847408767],[-107.069936854,39.847402668],[-107.069899139,39.8473934450001],[-107.069824216,39.8473915270001],[-107.069828252,39.8473874480001],[-107.069839531,39.847350609],[-107.06979982,39.8473695270001],[-107.069762729,39.8473714740001],[-107.069708031,39.847376475],[-107.06967554,39.8473910430001],[-107.069645698,39.847375927],[-107.069613371,39.847363789],[-107.069556513,39.847362967],[-107.069511474,39.847356033],[-107.069477754,39.8473301880001],[-107.06944214,39.8473461560001],[-107.069391211,39.847358672],[-107.069353384,39.8473650280001],[-107.0693543,39.847319654],[-107.069387338,39.84728719],[-107.069404729,39.8472629290001],[-107.069414346,39.8472351980001],[-107.069419553,39.8471719460001],[-107.069375257,39.847183715],[-107.069337764,39.8471676950001],[-107.069278065,39.8471704990001],[-107.069280987,39.847202521],[-107.069245833,39.8472095810001],[-107.069212731,39.847198297],[-107.069155641,39.8471735950001],[-107.069173215,39.847218313],[-107.069105526,39.8472106150001],[-107.069073655,39.8471866360001],[-107.069056504,39.847168734],[-107.069054099,39.8471733580001],[-107.069033975,39.8471971380001],[-107.069002975,39.847183247],[-107.069051946,39.847163977],[-107.069069107,39.8471444890001],[-107.069088696,39.847115574],[-107.069034188,39.847124562],[-107.06904065,39.847084647],[-107.069039298,39.8470560060001],[-107.069085336,39.847036852],[-107.069134744,39.847023935],[-107.069148275,39.846982558],[-107.069175743,39.846964615],[-107.069198747,39.8469427840001],[-107.06921081,39.8469126260001],[-107.069250648,39.8469138890001],[-107.069448803,39.846797399],[-107.069478191,39.846780123],[-107.069466298,39.84675451],[-107.069474211,39.846706931],[-107.069483311,39.846679958],[-107.06951361,39.846638086],[-107.069506097,39.8466023300001],[-107.069466072,39.8465926050001],[-107.069419484,39.846604529],[-107.069385551,39.846585798],[-107.069347754,39.846609953],[-107.069351358,39.8465818070001],[-107.069373255,39.8465591730001],[-107.069390363,39.846533779],[-107.069395653,39.846497664],[-107.069417219,39.846467966],[-107.069426913,39.846437295],[-107.069447463,39.8464148],[-107.06945696,39.84637904],[-107.069485182,39.846349086],[-107.069482834,39.84631904],[-107.069447964,39.8463026850001],[-107.069419549,39.846276736],[-107.069413949,39.8462335670001],[-107.069408883,39.846196778],[-107.069404222,39.846157514],[-107.069368457,39.8461741740001],[-107.069313716,39.8461823640001],[-107.069267526,39.846202297],[-107.069232016,39.8462044510001],[-107.069165867,39.8462174480001],[-107.069123726,39.846218562],[-107.069100016,39.846243497],[-107.069138675,39.846284069],[-107.069124114,39.8463131730001],[-107.069110182,39.8463446530001],[-107.069098715,39.84637115],[-107.069076585,39.8463928570001],[-107.069001294,39.846321662],[-107.068903215,39.846368818],[-107.068898425,39.8464017150001],[-107.068497376,39.8463150150001],[-107.068469234,39.8463498410001],[-107.06844792,39.8463814290001],[-107.068449019,39.8463458580001],[-107.068454484,39.846313561],[-107.068437252,39.846282655],[-107.068405831,39.8462643010001],[-107.06836406,39.8462756710001],[-107.068323321,39.8462673130001],[-107.068285544,39.846263519],[-107.068261213,39.8462873330001],[-107.068248586,39.846259064],[-107.068232643,39.8462329540001],[-107.068193623,39.8462365410001],[-107.068159686,39.8462506180001],[-107.068147065,39.84622311],[-107.068106382,39.8462247730001],[-107.068064015,39.84619795],[-107.068065911,39.8461445080001],[-107.06807316,39.846109041],[-107.06803939,39.8460926720001],[-107.068003186,39.846096645],[-107.067953695,39.846112217],[-107.067925579,39.846093594],[-107.067915259,39.846063364],[-107.067883748,39.846038982],[-107.067857338,39.8460145860001],[-107.067825433,39.8459796010001],[-107.067777816,39.8459372680001],[-107.067772926,39.8458891650001],[-107.067791431,39.845856138],[-107.067793973,39.8458224660001],[-107.067753746,39.845811037],[-107.067708556,39.845817814],[-107.067654279,39.845784274],[-107.067625209,39.8457655230001],[-107.067600484,39.8457402330001],[-107.067617195,39.845714323],[-107.06764223,39.845690258],[-107.067665035,39.8456569030001],[-107.067692056,39.8456760660001],[-107.067729437,39.8456591020001],[-107.067764264,39.845651672],[-107.067806345,39.845678918],[-107.06783317,39.8457030430001],[-107.067878669,39.845700084],[-107.067910161,39.8457182700001],[-107.06794387,39.8457323540001],[-107.067973603,39.8457506],[-107.067999107,39.8457718770001],[-107.068048606,39.84578824],[-107.068089771,39.84580829],[-107.068127427,39.8458033480001],[-107.06816249,39.845797336],[-107.068191188,39.8457793750001],[-107.068230081,39.84577096],[-107.068262662,39.8457512960001],[-107.068290705,39.84572222],[-107.068304696,39.845682766],[-107.068270877,39.845658777],[-107.068263978,39.8456193800001],[-107.06824539,39.845589927],[-107.068208896,39.845569245],[-107.068186857,39.8455440810001],[-107.068148859,39.8455426510001],[-107.068128915,39.8455177660001],[-107.068109923,39.8454833500001],[-107.068105232,39.8454431380001],[-107.068093937,39.8454105610001],[-107.068060476,39.845398609],[-107.068018199,39.8453735960001],[-107.067961587,39.845368652],[-107.067914016,39.8453621560001],[-107.067868451,39.8453728980001],[-107.067836722,39.8453477050001],[-107.067813691,39.8453208540001],[-107.067813993,39.8452766500001],[-107.06780802,39.845242425],[-107.067792215,39.8452149840001],[-107.0677458,39.845201086],[-107.067685758,39.8451976110001],[-107.067638068,39.845186337],[-107.06759016,39.8452023510001],[-107.067553493,39.845189191],[-107.067565559,39.8451619570001],[-107.067575263,39.845133597],[-107.067580212,39.8450913660001],[-107.06759243,39.8450633850001],[-107.067597434,39.845020505],[-107.067557863,39.845003203],[-107.067522585,39.844995677],[-107.067478082,39.844996677],[-107.067459152,39.845022037],[-107.067429266,39.8450395410001],[-107.067376828,39.8450415240001],[-107.067398449,39.845018942],[-107.067440672,39.8450013770001],[-107.067461342,39.8449778400001],[-107.067498005,39.8449613220001],[-107.067476596,39.8449390500001],[-107.067421012,39.8449297430001],[-107.067409449,39.8448961870001],[-107.06742703,39.8447163920001],[-107.067430967,39.844712783],[-107.067462669,39.8447116560001],[-107.067429596,39.844690148],[-107.067427877,39.8447077230001],[-107.067412107,39.8447134530001],[-107.067373824,39.8447291850001],[-107.067342145,39.844748425],[-107.067300954,39.844753628],[-107.067320654,39.8447809360001],[-107.067268638,39.8447847740001],[-107.067220963,39.844781088],[-107.067184668,39.8447953940001],[-107.067154477,39.8448155790001],[-107.067138987,39.8447865140001],[-107.067099599,39.8447879880001],[-107.067124016,39.8447547850001],[-107.067095044,39.844736787],[-107.067082218,39.844694254],[-107.067030583,39.8446896890001],[-107.067033567,39.844718098],[-107.066979166,39.8447075230001],[-107.06693492,39.844705477],[-107.066920662,39.844733021],[-107.066890448,39.844753536],[-107.066855603,39.844761906],[-107.066819272,39.8447508990001],[-107.066803664,39.8447200140001],[-107.066788589,39.844692498],[-107.06674186,39.8447032080001],[-107.066697043,39.844721916],[-107.06668143,39.844686483],[-107.066692334,39.8446545960001],[-107.066684233,39.8446222630001],[-107.066648,39.844609109],[-107.066588328,39.8446071060001],[-107.066551236,39.8446130950001],[-107.066551336,39.8446429850001],[-107.066516109,39.844635908],[-107.066490992,39.844678414],[-107.066499443,39.8446406400001],[-107.066448787,39.844632903],[-107.066397196,39.8446309400001],[-107.066454179,39.8445284210001],[-107.066319389,39.8444882040001],[-107.066272794,39.844487674],[-107.066325911,39.844502133],[-107.066286498,39.8445125600001],[-107.066251034,39.844515964],[-107.066227637,39.8445375210001],[-107.066200861,39.844556486],[-107.066155492,39.844560781],[-107.066157099,39.844529687],[-107.066123861,39.8444965360001],[-107.066087831,39.844494314],[-107.06605161,39.844483564],[-107.066010573,39.8444865970001],[-107.065963965,39.8445009910001],[-107.065964323,39.84446502],[-107.065987321,39.8444437310001],[-107.066005362,39.8444198550001],[-107.066002808,39.8443866000001],[-107.066037785,39.844356846],[-107.066034509,39.8443254800001],[-107.066066548,39.8443045820001],[-107.066097297,39.8442760610001],[-107.066059856,39.844265755],[-107.06602062,39.8442553510001],[-107.066000353,39.844282945],[-107.065975699,39.8443049270001],[-107.065930141,39.844310627],[-107.065893872,39.844310238],[-107.065876902,39.8443407400001],[-107.065717603,39.8443338440001],[-107.065667715,39.8443394990001],[-107.065595139,39.844261627],[-107.06552222,39.844214734],[-107.065553101,39.8441977200001],[-107.065832914,39.8441467870001],[-107.065841609,39.8441198800001],[-107.065846774,39.8440813400001],[-107.065806814,39.8440672510001],[-107.065766045,39.844071108],[-107.065742071,39.8440506170001],[-107.065692227,39.844045126],[-107.065650503,39.8440344630001],[-107.065619283,39.844018385],[-107.065584266,39.8440116510001],[-107.06553732,39.8440159370001],[-107.065525701,39.843978722],[-107.065522829,39.843938307],[-107.065543145,39.843911038],[-107.06558779,39.843906535],[-107.06561847,39.843938855],[-107.065660987,39.8439425660001],[-107.065698772,39.8439511510001],[-107.065742861,39.8439774780001],[-107.065856476,39.843932937],[-107.065810872,39.8439159060001],[-107.065785164,39.8438925180001],[-107.065752697,39.8439046180001],[-107.065789551,39.84381454],[-107.065833832,39.8438657130001],[-107.06597017,39.8438772860001],[-107.066046148,39.8438892390001],[-107.066154882,39.843873784],[-107.066323702,39.843794276],[-107.066362452,39.8438065880001],[-107.066350437,39.8438328390001],[-107.06623206,39.8439808160001],[-107.066235028,39.8440104750001],[-107.066257585,39.8440406080001],[-107.066301909,39.844040824],[-107.066341914,39.844017971],[-107.066372744,39.84398815],[-107.066409297,39.843992992],[-107.066443818,39.843982269],[-107.066450766,39.843980383],[-107.066450835,39.8439760640001],[-107.066440075,39.84396473],[-107.066478527,39.8439728480001],[-107.066458934,39.843978167],[-107.066457946,39.8439835550001],[-107.066485278,39.8440113520001],[-107.066522919,39.844012558],[-107.066527956,39.84400694],[-107.066570956,39.84400606],[-107.066532633,39.8440112440001],[-107.066558696,39.844035224],[-107.06659128,39.8440497230001],[-107.066619316,39.844079175],[-107.066629293,39.8441076940001],[-107.066659609,39.844128835],[-107.066660641,39.844158943],[-107.066665097,39.84418951],[-107.066703209,39.844186006],[-107.066746621,39.844176281],[-107.066776861,39.844197767],[-107.066813523,39.8442237150001],[-107.066854674,39.8442316210001],[-107.066878358,39.844210613],[-107.066896232,39.8441845080001],[-107.066924972,39.844153324],[-107.066960167,39.844138086],[-107.067003753,39.844126982],[-107.067049389,39.8441336820001],[-107.067084047,39.844145628],[-107.067065214,39.844172943],[-107.067035419,39.84419239],[-107.067042069,39.844224566],[-107.067050796,39.8442533100001],[-107.067088792,39.844255995],[-107.067102729,39.8442243630001],[-107.067138717,39.84423279],[-107.067143295,39.8442604000001],[-107.067162747,39.8442892400001],[-107.067176632,39.8443251150001],[-107.067156313,39.8443490490001],[-107.067137946,39.844376034],[-107.067102583,39.84440253],[-107.067070667,39.84441775],[-107.067047033,39.8444550580001],[-107.067082967,39.844460181],[-107.067123619,39.8444671280001],[-107.067161601,39.844492788],[-107.067191111,39.8445108020001],[-107.067222703,39.8445303240001],[-107.067275049,39.8445473560001],[-107.067322407,39.8445431050001],[-107.067367787,39.844544812],[-107.067417072,39.8445486730001],[-107.067436466,39.8445130480001],[-107.067416442,39.844489992],[-107.067397437,39.8444636520001],[-107.067412374,39.844428889],[-107.067448707,39.8444082930001],[-107.067464366,39.844378313],[-107.067470301,39.844346194],[-107.067508661,39.8443401710001],[-107.067537307,39.844319281],[-107.067519003,39.8442889240001],[-107.067501059,39.844252962],[-107.067510852,39.844220868],[-107.067535747,39.844201008],[-107.067561604,39.8441819940001],[-107.067598898,39.8441833420001],[-107.067641999,39.8441811230001],[-107.067684695,39.844200743],[-107.067727368,39.8442162200001],[-107.067751884,39.8441837610001],[-107.067779772,39.844152298],[-107.067816353,39.844147218],[-107.067862745,39.844151916],[-107.067883453,39.8441474160001],[-107.067904162,39.8441429160001],[-107.067939106,39.8441294690001],[-107.067975516,39.8441208830001],[-107.068013124,39.844101059],[-107.068053348,39.84410096],[-107.068101076,39.844101504],[-107.068127777,39.844081386],[-107.068133177,39.8440503040001],[-107.068144926,39.8440234340001],[-107.068168918,39.84399031],[-107.068171309,39.8439612610001],[-107.068131303,39.8439633260001],[-107.068094444,39.8439512350001],[-107.068058587,39.843929184],[-107.068030852,39.8439028060001],[-107.068024701,39.8438702770001],[-107.06802597,39.8438354900001],[-107.067975559,39.8438211340001],[-107.067936887,39.8438228530001],[-107.067896824,39.8438146180001],[-107.067854348,39.843804753],[-107.067818618,39.8438024750001],[-107.067783493,39.8437873230001],[-107.067756634,39.843813391],[-107.067733272,39.843841092],[-107.067692792,39.8438055240001],[-107.067684168,39.8437755730001],[-107.067645524,39.843782542],[-107.067596254,39.843788842],[-107.067396456,39.8436753410001],[-107.067362082,39.843685162],[-107.06737438,39.8436432390001],[-107.067370826,39.8436150090001],[-107.06735008,39.8435889460001],[-107.067299548,39.84357687],[-107.067251841,39.843581973],[-107.067216569,39.843585924],[-107.067187039,39.843606557],[-107.067144255,39.843602979],[-107.067225901,39.843540992],[-107.067265225,39.8435323740001],[-107.067280983,39.843495354],[-107.067294667,39.8434666430001],[-107.067339376,39.8434591990001],[-107.067377359,39.843463103],[-107.067391116,39.8434356070001],[-107.067394307,39.8434036190001],[-107.067357485,39.843397908],[-107.067358752,39.8433700360001],[-107.067376385,39.84334138],[-107.067414963,39.843344519],[-107.067439842,39.8433673590001],[-107.067450171,39.8433938700001],[-107.067475674,39.843414442],[-107.067511373,39.843421033],[-107.067505569,39.843358139],[-107.067504538,39.843318766],[-107.067516019,39.843288774],[-107.067530111,39.843251165],[-107.067551223,39.8432243670001],[-107.067551145,39.8431927300001],[-107.067506601,39.8431884880001],[-107.067460548,39.843170785],[-107.067472902,39.8431408700001],[-107.067454883,39.8431046270001],[-107.067439509,39.8430685930001],[-107.067402437,39.843049524],[-107.067384134,39.8430736600001],[-107.067366136,39.8431027280001],[-107.067391225,39.843132138],[-107.067422908,39.843154161],[-107.067377141,39.8431493750001],[-107.067336737,39.843152155],[-107.067319504,39.843182847],[-107.067294222,39.843156134],[-107.067247951,39.8431500520001],[-107.067238182,39.8431828590001],[-107.067203178,39.8431769260001],[-107.067184928,39.8431520620001],[-107.067143724,39.843120877],[-107.067134892,39.843084968],[-107.067137388,39.8430456190001],[-107.067129122,39.843008938],[-107.067140066,39.842973504],[-107.067132221,39.8429383530001],[-107.067121044,39.8428993160001],[-107.067093208,39.842877469],[-107.067099905,39.8428425440001],[-107.067058924,39.8428125070001],[-107.067049873,39.842780786],[-107.067030458,39.8427510560001],[-107.067065361,39.842738264],[-107.067049289,39.8427124240001],[-107.067004566,39.8427347570001],[-107.066979737,39.842771457],[-107.066928902,39.842779691],[-107.066890475,39.842789629],[-107.066848245,39.84280498],[-107.066830235,39.8428318260001],[-107.066807498,39.8428563780001],[-107.066815969,39.842892955],[-107.066832019,39.842925673],[-107.066818544,39.842964006],[-107.066780226,39.8429854890001],[-107.066738694,39.8429732500001],[-107.066686284,39.8429465400001],[-107.066637067,39.8429470570001],[-107.066600425,39.842957208],[-107.066557055,39.8429458160001],[-107.066520412,39.8429230240001],[-107.06647925,39.8429506100001],[-107.066447193,39.8429635570001],[-107.066404989,39.842976439],[-107.066369332,39.8429942340001],[-107.066394301,39.843021762],[-107.066417374,39.843042849],[-107.066459582,39.843075798],[-107.066508128,39.8430932200001],[-107.066451095,39.8430804860001],[-107.066466591,39.8431081850001],[-107.066432173,39.843130608],[-107.066446472,39.8431624680001],[-107.066407066,39.843167829],[-107.066364696,39.843155374],[-107.066328117,39.843150119],[-107.066291631,39.843148888],[-107.066263245,39.843176692],[-107.066230266,39.843189227],[-107.066191391,39.843191027],[-107.066139731,39.843192994],[-107.066114879,39.843212878],[-107.066120838,39.843244982],[-107.066161074,39.8432567840001],[-107.066196686,39.8432562020001],[-107.066245841,39.8432515210001],[-107.066198099,39.843261205],[-107.066161613,39.843274905],[-107.066123417,39.843267907],[-107.066087809,39.843272987],[-107.066044368,39.843265688],[-107.06602742,39.843300909],[-107.066004653,39.843324957],[-107.066030134,39.8433443770001],[-107.066066464,39.8433606880001],[-107.066046381,39.84339469],[-107.066004561,39.843396738],[-107.065968179,39.8433984330001],[-107.065924381,39.8434133490001],[-107.065884127,39.8434160080001],[-107.065855326,39.8433919990001],[-107.065810681,39.843370522],[-107.065774819,39.843359589],[-107.065731671,39.843353838],[-107.065702516,39.8433702520001],[-107.065740384,39.843378111],[-107.065739786,39.843410206],[-107.06572624,39.8434674580001],[-107.065733919,39.8434734240001],[-107.065719307,39.843500277],[-107.065725291,39.843471874],[-107.065704415,39.843450504],[-107.06567723,39.8434699250001],[-107.065642026,39.8434578590001],[-107.065598717,39.843461887],[-107.065548768,39.843466216],[-107.065546916,39.843500362],[-107.065537978,39.8434593920001],[-107.065523702,39.8434308510001],[-107.065493651,39.843415249],[-107.065435201,39.8434058940001],[-107.065440349,39.8433668750001],[-107.065430302,39.8433322660001],[-107.065420545,39.8433005890001],[-107.065394548,39.8432730500001],[-107.065349006,39.8432564830001],[-107.065315009,39.8432739690001],[-107.065283836,39.843259376],[-107.065248816,39.8432678560001],[-107.065213917,39.8432498760001],[-107.065179521,39.843236575],[-107.065138851,39.8432144830001],[-107.065113764,39.843191935],[-107.065073719,39.843172494],[-107.065031606,39.843153516],[-107.064990222,39.843154854],[-107.064976755,39.843128963],[-107.064943652,39.843114058],[-107.064908963,39.8430965590001],[-107.064873624,39.8430909510001],[-107.064840946,39.843064391],[-107.064821178,39.8430369960001],[-107.064811773,39.8430092740001],[-107.064777404,39.842993161],[-107.064732573,39.842982326],[-107.06470942,39.842957976],[-107.064678618,39.8429389900001],[-107.064632105,39.842928972],[-107.064637951,39.842891212],[-107.06466239,39.8428670930001],[-107.064692789,39.842883961],[-107.064720045,39.842865712],[-107.064757106,39.8428532400001],[-107.064792753,39.842858612],[-107.064831192,39.8428675960001],[-107.064868183,39.842878161],[-107.064898221,39.8428980750001],[-107.064934098,39.8428863990001],[-107.064919806,39.842859548],[-107.064910887,39.842829312],[-107.064902834,39.8428025520001],[-107.064928149,39.8427799780001],[-107.064959296,39.842761189],[-107.065000736,39.8427505350001],[-107.065029061,39.8427297270001],[-107.065054996,39.842667454],[-107.065053585,39.8426382530001],[-107.06501635,39.842623099],[-107.064986207,39.8426068900001],[-107.064944345,39.842611321],[-107.064897925,39.842616252],[-107.064883212,39.8425884390001],[-107.064886378,39.8425558220001],[-107.064883006,39.8425228240001],[-107.064856403,39.8425001580001],[-107.064813022,39.8424901770001],[-107.064782459,39.8424615500001],[-107.064739144,39.842450953],[-107.064712731,39.842431441],[-107.064712457,39.8424018330001],[-107.064748664,39.842387617],[-107.064796822,39.842383608],[-107.064835255,39.8423674250001],[-107.06487697,39.842355346],[-107.064910038,39.842325213],[-107.06488109,39.842306384],[-107.064862417,39.842282964],[-107.064877306,39.842252972],[-107.064897178,39.8422251650001],[-107.064880782,39.8421990350001],[-107.06465342,39.841877997],[-107.064552559,39.8418701430001],[-107.064489652,39.841806676],[-107.064388585,39.8417480300001],[-107.064219167,39.8416953610001],[-107.064170332,39.8417365980001],[-107.064158713,39.8417735080001],[-107.064149274,39.841782429],[-107.064007972,39.8417763520001],[-107.063954638,39.8416818040001],[-107.063937977,39.8416522690001],[-107.0638648,39.841591818],[-107.063793949,39.841575038],[-107.063743899,39.8415631840001],[-107.063702537,39.841474099],[-107.063813894,39.841388195],[-107.063817076,39.841359561],[-107.063756625,39.8413182],[-107.063540276,39.841222751],[-107.063419374,39.841187754],[-107.063301655,39.8411686640001],[-107.063218933,39.8411400300001],[-107.063117122,39.8411304850001],[-107.063040763,39.8411177580001],[-107.063047126,39.840990494],[-107.063110758,39.8408823190001],[-107.063164845,39.8408091420001],[-107.063043944,39.840748692],[-107.062967587,39.840837777],[-107.062693968,39.8408950460001],[-107.062588974,39.84094277],[-107.062407622,39.8410954870001],[-107.062305811,39.841146393],[-107.062283352,39.8411713470001],[-107.062474334,39.841651966],[-107.062004187,39.8419604590001],[-107.06155741,39.8421057510001],[-107.061016307,39.841979114],[-107.060819906,39.84217284],[-107.060822789,39.8421976490001],[-107.06085719,39.842260798],[-107.060871714,39.842310556],[-107.060857032,39.8423573520001],[-107.060825536,39.8423926070001],[-107.060797256,39.8424122650001],[-107.060780064,39.8424395530001],[-107.060729862,39.8424422790001],[-107.060695079,39.8424523250001],[-107.060651264,39.842448695],[-107.060611506,39.8424509870001],[-107.060573788,39.8424620800001],[-107.060542073,39.8424463150001],[-107.060518942,39.8424199930001],[-107.060474272,39.842429828],[-107.060454044,39.8424056590001],[-107.060427166,39.8423776440001],[-107.060375584,39.84234552],[-107.060348689,39.842326353],[-107.060316159,39.8423102090001],[-107.060294438,39.842283589],[-107.060286806,39.8422553680001],[-107.060320399,39.8422275680001],[-107.060294884,39.842206752],[-107.060281478,39.842174195],[-107.060290503,39.84213508],[-107.060252661,39.8421049090001],[-107.060222652,39.8420824720001],[-107.060182856,39.842079412],[-107.060156696,39.8420588060001],[-107.060114926,39.8420551],[-107.060076557,39.842071993],[-107.060044157,39.8420967610001],[-107.060007049,39.842122703],[-107.059969579,39.842130974],[-107.059958503,39.8421607170001],[-107.059945288,39.8421899370001],[-107.059920978,39.842220454],[-107.059952769,39.842245882],[-107.059916235,39.8422543500001],[-107.059879502,39.842265147],[-107.059858898,39.8422413700001],[-107.059831813,39.84221811],[-107.059828978,39.842185977],[-107.059809728,39.8421585740001],[-107.05976129,39.8421785570001],[-107.059726121,39.8421681630001],[-107.059766354,39.8421498860001],[-107.05976155,39.8421208300001],[-107.059778717,39.8420954370001],[-107.059801202,39.8420709910001],[-107.059813146,39.8420437020001],[-107.059784287,39.842018373],[-107.059761598,39.841992809],[-107.05972762,39.841978215],[-107.059693274,39.8419604600001],[-107.059700344,39.841931941],[-107.059733358,39.841942714],[-107.059752703,39.841912231],[-107.059716528,39.841892054],[-107.059679124,39.841872756],[-107.059651209,39.841849337],[-107.059611875,39.841839667],[-107.059575866,39.841845563],[-107.05954509,39.8418647450001],[-107.059505575,39.841856131],[-107.059495659,39.8418888100001],[-107.059512791,39.8419163560001],[-107.059524716,39.8419465060001],[-107.059489142,39.841952538],[-107.05945307,39.841950943],[-107.059408422,39.8419585520001],[-107.059373834,39.841973475],[-107.059368996,39.8419420320001],[-107.059322217,39.841928373],[-107.059293458,39.8418978620001],[-107.059277956,39.841867237],[-107.059244696,39.8418487980001],[-107.059214148,39.8418346],[-107.059175376,39.8418293070001],[-107.059165708,39.841800387],[-107.059148158,39.8417723760001],[-107.059113987,39.841762869],[-107.059128668,39.84173388],[-107.059125669,39.841702937],[-107.059097218,39.841685032],[-107.059072169,39.8416654960001],[-107.059039967,39.841642258],[-107.059005857,39.841629052],[-107.058990059,39.841602435],[-107.059028626,39.841596167],[-107.059066153,39.841588573],[-107.05906887,39.8415596020001],[-107.059090675,39.841537374],[-107.059138434,39.841525249],[-107.059167011,39.8415042510001],[-107.059128316,39.841495627],[-107.05908539,39.841491309],[-107.059058564,39.8414665340001],[-107.059019304,39.841472599],[-107.058982105,39.841470691],[-107.058973463,39.8414350570001],[-107.058934563,39.841426357],[-107.058880778,39.84142611],[-107.058850809,39.841409748],[-107.05883723,39.8413749220001],[-107.058835197,39.841345758],[-107.058830578,39.8413134740001],[-107.058779868,39.8413101080001],[-107.058732842,39.841306521],[-107.058697594,39.8412968910001],[-107.058653558,39.841299953],[-107.05861668,39.8413018690001],[-107.05857795,39.8412870720001],[-107.058538491,39.841294544],[-107.058494258,39.8413024020001],[-107.058454709,39.841317545],[-107.058423532,39.841283769],[-107.058395793,39.841254195],[-107.058421933,39.8412349320001],[-107.058469402,39.841242272],[-107.058506857,39.841247637],[-107.058543502,39.841248513],[-107.058592114,39.841246879],[-107.058600461,39.8412188550001],[-107.0585617,39.8412107610001],[-107.058578506,39.8411835300001],[-107.058609792,39.8411643640001],[-107.058621888,39.841137723],[-107.058597494,39.8411175520001],[-107.058628714,39.841093159],[-107.058608704,39.8410647800001],[-107.058634806,39.8410440370001],[-107.058669099,39.8411086090001],[-107.058711506,39.8411084860001],[-107.058754562,39.8411188150001],[-107.058780651,39.841145151],[-107.058819977,39.841158487],[-107.058847036,39.8411383010001],[-107.0588176,39.841114008],[-107.058858465,39.8410952240001],[-107.058903787,39.8411031950001],[-107.058920639,39.841070567],[-107.058900428,39.8410415720001],[-107.058874176,39.8410177390001],[-107.058850538,39.8409955330001],[-107.058845703,39.840966875],[-107.058883598,39.840963505],[-107.058920176,39.8409661330001],[-107.058948371,39.840991516],[-107.058980828,39.84102038],[-107.059016732,39.8410143730001],[-107.059047719,39.840995035],[-107.059068328,39.840961441],[-107.059072979,39.8409314560001],[-107.058866491,39.84066597],[-107.058763088,39.840556205],[-107.058659685,39.8404464390001],[-107.058493749,39.84041541],[-107.058268347,39.8403732620001],[-107.057972457,39.840268268],[-107.057670204,39.839940563],[-107.057469763,39.839781482],[-107.057304319,39.8396892150001],[-107.057220669,39.8396424690001],[-107.057087971,39.8395683140001],[-107.056984507,39.839410489],[-107.056148281,39.839152384],[-107.055518702,39.8388984790001],[-107.054997175,39.838702045],[-107.054483154,39.8385390340001],[-107.055017848,39.838339008],[-107.05537505,39.837906199],[-107.055397875,39.8378828310001],[-107.055583948,39.8381115180001],[-107.055748379,39.8383136050001],[-107.055889855,39.8383228860001],[-107.056155758,39.837773886],[-107.05594259,39.8375002670001],[-107.055930434,39.837478457],[-107.055834415,39.8373061890001],[-107.055859868,39.837093021],[-107.055700788,39.8368766720001],[-107.055605339,39.8367016830001],[-107.055497164,39.836529876],[-107.055586249,39.836361251],[-107.055656245,39.8362721660001],[-107.055614884,39.836163991],[-107.055398535,39.8361449010001],[-107.055045376,39.8360685430001],[-107.054781302,39.8360749060001],[-107.054603131,39.8360971770001],[-107.054466323,39.8360621790001],[-107.054348603,39.836084451],[-107.054275427,39.8362212600001],[-107.054129073,39.83620217],[-107.05402726,39.8361512650001],[-107.053705918,39.836167173],[-107.053604106,39.835969913],[-107.053480024,39.835839467],[-107.05337503,39.8358171950001],[-107.053289127,39.8359444600001],[-107.053104593,39.835957186],[-107.05290097,39.8358585560001],[-107.052706892,39.8357026570001],[-107.052878699,39.8354576730001],[-107.053212768,39.8354322210001],[-107.053457752,39.835476763],[-107.053766368,39.8353876780001],[-107.053820455,39.835196781],[-107.053775913,39.834834078],[-107.05384909,39.8345031900001],[-107.05414498,39.834280478],[-107.054326332,39.8340991260001],[-107.054654038,39.8340959440001],[-107.055054921,39.8342200270001],[-107.055430351,39.8343632],[-107.055465348,39.834000496],[-107.055322176,39.833707788],[-107.055334902,39.833561434],[-107.055662608,39.833596431],[-107.055878958,39.833558252],[-107.055729422,39.8334182610001],[-107.055465348,39.8333673550001],[-107.055334903,39.8332814520001],[-107.055204457,39.833233728],[-107.055039013,39.8333259950001],[-107.054813118,39.83331645],[-107.054790847,39.833112827],[-107.054730396,39.8328996590001],[-107.054701762,39.8330237420001],[-107.054412235,39.8328837510001],[-107.05414498,39.8326037690001],[-107.05388727,39.8323969640001],[-107.053594561,39.832228339],[-107.05331458,39.8322697],[-107.053604106,39.832711944],[-107.053737734,39.833077829],[-107.053645466,39.8334150800001],[-107.053508658,39.8335837050001],[-107.053308217,39.8337777830001],[-107.053139591,39.8339877700001],[-107.05290097,39.83394959],[-107.052673044,39.8338341460001],[-107.052655986,39.833825507],[-107.052650397,39.8338215050001],[-107.052606055,39.8336749310001],[-107.052581903,39.8336401390001],[-107.05256229,39.8336039750001],[-107.052529153,39.8335746750001],[-107.05249403,39.833559134],[-107.052459197,39.833564983],[-107.05241999,39.8335675550001],[-107.052399532,39.8335977450001],[-107.052389831,39.833633133],[-107.052387168,39.833633058],[-107.052353738,39.8336321080001],[-107.052347337,39.8336319260001],[-107.05230644,39.833616858],[-107.052278267,39.8335853300001],[-107.052263077,39.8335543210001],[-107.052226383,39.833540016],[-107.052255681,39.8334939540001],[-107.052256585,39.833487995],[-107.052118793,39.8334615030001],[-107.052001105,39.833334633],[-107.052095041,39.8331532720001],[-107.052132323,39.8331532560001],[-107.05213109,39.8331486980001],[-107.052176056,39.8331387470001],[-107.052224033,39.8331445360001],[-107.05225177,39.8331570980001],[-107.05225372,39.833148608],[-107.052246983,39.8331213430001],[-107.0522773,39.8331049180001],[-107.052310016,39.833113215],[-107.052346239,39.8331224020001],[-107.052486015,39.8331578510001],[-107.052519314,39.8331376950001],[-107.052559315,39.8331445050001],[-107.052596729,39.8331482340001],[-107.052615669,39.833111897],[-107.052599715,39.8330867430001],[-107.052582313,39.833058818],[-107.052585384,39.8330244530001],[-107.052587421,39.8329958190001],[-107.052556058,39.8329824100001],[-107.052514919,39.8329745030001],[-107.052464018,39.832970329],[-107.052422088,39.8329756470001],[-107.0524178,39.832975278],[-107.05237822,39.832971867],[-107.052362211,39.8329810110001],[-107.052344261,39.8329912630001],[-107.052311583,39.832933741],[-107.052355014,39.832915701],[-107.052314022,39.8329055080001],[-107.052273528,39.8328903570001],[-107.052301669,39.8328661190001],[-107.052267287,39.8328524180001],[-107.0522727,39.8328157720001],[-107.052310369,39.83279987],[-107.052348541,39.8328000450001],[-107.052362664,39.8327712600001],[-107.052354176,39.8327390750001],[-107.052385564,39.8327163600001],[-107.052378052,39.8326838030001],[-107.052367572,39.8326539330001],[-107.05236277,39.8326212760001],[-107.052409089,39.8326275050001],[-107.0524473,39.832634221],[-107.052493659,39.8326454900001],[-107.052513504,39.8326331850001],[-107.052531839,39.8326218180001],[-107.052544322,39.832594982],[-107.052563473,39.8325687700001],[-107.052601172,39.8325563020001],[-107.052636825,39.832546903],[-107.052618878,39.832519222],[-107.052619613,39.832490179],[-107.052620059,39.8324725470001],[-107.052620406,39.832458794],[-107.05262085,39.832452119],[-107.052654019,39.8324475590001],[-107.052676393,39.8324459350001],[-107.052709289,39.8324203020001],[-107.052780069,39.8323651480001],[-107.052773706,39.8320151710001],[-107.052773706,39.8317733690001],[-107.052770524,39.8315602010001],[-107.052627352,39.831417028],[-107.052627352,39.8311911340001],[-107.052455546,39.831098867],[-107.052271012,39.8308284300001],[-107.052306009,39.830656623],[-107.05218829,39.830621626],[-107.052111931,39.830507088],[-107.052255104,39.830335281],[-107.052105568,39.830055299],[-107.051908308,39.830007575],[-107.051529696,39.8299248530001],[-107.051405614,39.8299471240001],[-107.051071544,39.8299216710001],[-107.050759747,39.8298644020001],[-107.050404134,39.8297732950001],[-107.050374772,39.8297657730001],[-107.050029404,39.829593441],[-107.049793786,39.829434152],[-107.049735333,39.829394635],[-107.049624785,39.8293163550001],[-107.049411969,39.829210468],[-107.049064218,39.8288916240001],[-107.04902146,39.8287977630001],[-107.049075229,39.8287832930001],[-107.049115375,39.828775186],[-107.049155886,39.8287719900001],[-107.049195389,39.828773793],[-107.049232287,39.828781743],[-107.049266013,39.828800465],[-107.049266575,39.828800777],[-107.049314468,39.8288177110001],[-107.04935165,39.828818192],[-107.049409886,39.8288225200001],[-107.049464527,39.8288087350001],[-107.049523698,39.8287976400001],[-107.049528234,39.828795116],[-107.049557966,39.828778577],[-107.049571246,39.82877617],[-107.049610691,39.828769021],[-107.049611005,39.8287689640001],[-107.049663663,39.828751595],[-107.049698662,39.8287420460001],[-107.049742402,39.8287302960001],[-107.049783585,39.828720838],[-107.049819825,39.82871428],[-107.049857114,39.8287147410001],[-107.049865043,39.828714839],[-107.049871245,39.8287117470001],[-107.049905137,39.828694849],[-107.049941522,39.8286968510001],[-107.049945142,39.8286970500001],[-107.049948119,39.8286954530001],[-107.04997473,39.8286811730001],[-107.05002057,39.8286689500001],[-107.050057486,39.8286562210001],[-107.050107131,39.8286398760001],[-107.050158126,39.8286226610001],[-107.050193181,39.828612089],[-107.050226358,39.8285955000001],[-107.050262033,39.828571142],[-107.050271594,39.828560785],[-107.050283524,39.8285478600001],[-107.050286651,39.828544472],[-107.050315859,39.828529534],[-107.050322154,39.8285263130001],[-107.050336753,39.8285205330001],[-107.050353996,39.828513704],[-107.050394325,39.828496295],[-107.050436493,39.8284853980001],[-107.050440323,39.828482955],[-107.050441895,39.8284819510001],[-107.05047191,39.828462803],[-107.050481975,39.8284522270001],[-107.050494815,39.828438734],[-107.050505762,39.8284126],[-107.050507168,39.8283800040001],[-107.050508543,39.8283484450001],[-107.050503672,39.8283433230001],[-107.05049103,39.8283300310001],[-107.050481731,39.8283202530001],[-107.05046831,39.828306088],[-107.050454194,39.828291189],[-107.050405133,39.8282844490001],[-107.050376981,39.828262615],[-107.050372852,39.8282594120001],[-107.050325916,39.828255948],[-107.049955798,39.8278201140001],[-107.049887822,39.827492297],[-107.049922733,39.8274749500001],[-107.049960491,39.827468132],[-107.050213777,39.8273528760001],[-107.050242926,39.827333653],[-107.050275732,39.8273124790001],[-107.050300374,39.8272815560001],[-107.050312339,39.82725463],[-107.050341615,39.8272350880001],[-107.050377624,39.827225674],[-107.050415285,39.8272121460001],[-107.050444686,39.8271930590001],[-107.05047168,39.8271716520001],[-107.050487304,39.827143172],[-107.050492156,39.8271389120001],[-107.050517298,39.827116839],[-107.050513647,39.827086502],[-107.050512011,39.827057188],[-107.050519491,39.8270281380001],[-107.050541434,39.8270056310001],[-107.050555373,39.826978382],[-107.050530811,39.8269564130001],[-107.050518845,39.826928755],[-107.050546343,39.8269090680001],[-107.050584382,39.826901981],[-107.050626368,39.82690368],[-107.050658435,39.82688217],[-107.050695164,39.8268655050001],[-107.050734351,39.8268603700001],[-107.050737208,39.8268328440001],[-107.050748661,39.8268010790001],[-107.050768879,39.8267731990001],[-107.050798912,39.8267557670001],[-107.050836651,39.8267411530001],[-107.050839127,39.8267112240001],[-107.050855365,39.8266850140001],[-107.050896783,39.8266785060001],[-107.050932092,39.8266925],[-107.050965393,39.826713844],[-107.051001596,39.826733393],[-107.051041093,39.826740951],[-107.051066287,39.8267685690001],[-107.05107292,39.8268037880001],[-107.051099574,39.8268282280001],[-107.051123448,39.826862507],[-107.05114692,39.8268842860001],[-107.051160933,39.826912028],[-107.051177469,39.8269424380001],[-107.051201162,39.826967521],[-107.051226444,39.826993809],[-107.051242652,39.8270201380001],[-107.051274265,39.8270370450001],[-107.051303816,39.8270695530001],[-107.051344856,39.8270800860001],[-107.051382465,39.827093146],[-107.051407914,39.8271168790001],[-107.051445426,39.8271262590001],[-107.051487108,39.8271045280001],[-107.051529955,39.82708122],[-107.051574046,39.827064009],[-107.051610351,39.827071898],[-107.051636883,39.8270930830001],[-107.051667431,39.8271102890001],[-107.051696029,39.8271286940001],[-107.0517362,39.8271305580001],[-107.051742108,39.827103105],[-107.051771715,39.827086131],[-107.051791381,39.8270149250001],[-107.051822371,39.826996702],[-107.051839394,39.8269683570001],[-107.05186829,39.8269432820001],[-107.051879084,39.8269147450001],[-107.051893936,39.8268889710001],[-107.051900168,39.826860244],[-107.051940738,39.826857816],[-107.05198782,39.826753781],[-107.05200505,39.8267288820001],[-107.052015875,39.8266950710001],[-107.052009111,39.8266680740001],[-107.052045579,39.8266648430001],[-107.052051689,39.8266377140001],[-107.052063629,39.826610433],[-107.052091146,39.826591498],[-107.052124191,39.826573577],[-107.052157131,39.826555274],[-107.052334369,39.8264319090001],[-107.052420616,39.826413867],[-107.052463898,39.8264104140001],[-107.052495778,39.82642438],[-107.05253895,39.826434179],[-107.05256927,39.826458297],[-107.052604647,39.8264544890001],[-107.052620077,39.826418388],[-107.052621404,39.8263888660001],[-107.052625993,39.8263604150001],[-107.052943919,39.8264133530001],[-107.052984256,39.8264105310001],[-107.053178909,39.826376108],[-107.053220674,39.826384696],[-107.053258645,39.8263987220001],[-107.053288147,39.8264228740001],[-107.053330181,39.8264254740001],[-107.053353837,39.8264032820001],[-107.053337982,39.8263732990001],[-107.05336325,39.8263508200001],[-107.053362476,39.8263222800001],[-107.053484185,39.8262853750001],[-107.053505999,39.826262888],[-107.053531213,39.8262408040001],[-107.053553746,39.8262193350001],[-107.053576065,39.8261969960001],[-107.053608582,39.826185443],[-107.053648876,39.8261649350001],[-107.053685914,39.8261575700001],[-107.053649906,39.826150887],[-107.053625302,39.826116106],[-107.05349225,39.826041344],[-107.053533739,39.8260393560001],[-107.05349704,39.826029055],[-107.053458594,39.826012855],[-107.053476419,39.825979557],[-107.053432607,39.8260098760001],[-107.053392747,39.8260187450001],[-107.053417009,39.826044473],[-107.053369449,39.8260644480001],[-107.053384747,39.8260282250001],[-107.053348597,39.8260333860001],[-107.05330742,39.826042348],[-107.053319127,39.826015872],[-107.053321767,39.825973015],[-107.053348192,39.825829974],[-107.053392567,39.825809641],[-107.053392831,39.8255289360001],[-107.053368161,39.825466611],[-107.053365359,39.8254309640001],[-107.053399654,39.825356948],[-107.053177138,39.8253330960001],[-107.053195422,39.8253076250001],[-107.053145226,39.8253131390001],[-107.053173893,39.8252923000001],[-107.053139793,39.8252956310001],[-107.053113962,39.8253244140001],[-107.053098576,39.825356497],[-107.053093761,39.825389285],[-107.053054577,39.8254010530001],[-107.05301815,39.8253906630001],[-107.052972395,39.825314044],[-107.052970871,39.8253114880001],[-107.053052789,39.825212849],[-107.053118538,39.825116854],[-107.053134803,39.8250911150001],[-107.053127959,39.825062314],[-107.053115787,39.8250332060001],[-107.053087216,39.825016535],[-107.053057411,39.825037294],[-107.053047246,39.825006585],[-107.053007773,39.824999731],[-107.053049896,39.8248990120001],[-107.053029278,39.8248553280001],[-107.052973483,39.82484494],[-107.05300641,39.8248293610001],[-107.05296699,39.8248210740001],[-107.052948573,39.8247949880001],[-107.052920415,39.824776345],[-107.052725154,39.8246979040001],[-107.052674291,39.8245970660001],[-107.0524628,39.8245933320001],[-107.052454742,39.8246002970001],[-107.052433315,39.824618818],[-107.052402069,39.8246281300001],[-107.052336716,39.824647607],[-107.052332935,39.8246198430001],[-107.05230854,39.8245993560001],[-107.052284005,39.8245774170001],[-107.052248312,39.8245663180001],[-107.052225016,39.8245431290001],[-107.052181447,39.824563244],[-107.0521395,39.824582724],[-107.052111116,39.8246042210001],[-107.052079354,39.8246212970001],[-107.052049959,39.8246418950001],[-107.052022035,39.824666247],[-107.052004518,39.8246906200001],[-107.052005094,39.824658302],[-107.051995653,39.8246313700001],[-107.051988102,39.8245967440001],[-107.052000509,39.8245688980001],[-107.052006389,39.8245393730001],[-107.052014131,39.8245108990001],[-107.05201628,39.824483109],[-107.052012155,39.8244546190001],[-107.052027853,39.8244252750001],[-107.05201974,39.8243943200001],[-107.052050076,39.824375979],[-107.052026567,39.8243518890001],[-107.051984138,39.824349592],[-107.051948119,39.8243447070001],[-107.051722398,39.824392743],[-107.051720844,39.8243930740001],[-107.051700763,39.8243973470001],[-107.051694998,39.8244002610001],[-107.051676046,39.8244032040001],[-107.051674903,39.824404187],[-107.051674779,39.8244043770001],[-107.051657577,39.824397547],[-107.051580436,39.824338836],[-107.051595372,39.8243107800001],[-107.051592088,39.8242752350001],[-107.051564397,39.82425785],[-107.05160924,39.824245782],[-107.051620948,39.8242184750001],[-107.051583157,39.8242086330001],[-107.051549487,39.8242200770001],[-107.051511336,39.8242119700001],[-107.051506533,39.824159394],[-107.0515462,39.82414629],[-107.051496318,39.824136944],[-107.051459283,39.8241294910001],[-107.051418978,39.8241319530001],[-107.051337059,39.8241256330001],[-107.051021943,39.8239928080001],[-107.051045515,39.82396386],[-107.050989739,39.823927295],[-107.050919539,39.823845814],[-107.050919948,39.8238337220001],[-107.050937757,39.8237935930001],[-107.05089753,39.823785076],[-107.050865196,39.8237582080001],[-107.050883387,39.8237295750001],[-107.050848697,39.823719399],[-107.050822197,39.8236969970001],[-107.050804107,39.8236730580001],[-107.050771372,39.8236519270001],[-107.050721029,39.823659057],[-107.050678299,39.823668277],[-107.050704759,39.82364016],[-107.050684057,39.8236154530001],[-107.050668021,39.823589461],[-107.050652681,39.8235618680001],[-107.050657069,39.8235343050001],[-107.050668738,39.8235035020001],[-107.050671394,39.823473719],[-107.050684466,39.8234360710001],[-107.050673649,39.823397447],[-107.050661109,39.823369837],[-107.050658315,39.8233346330001],[-107.050655239,39.8233065380001],[-107.050682506,39.8232753660001],[-107.050689007,39.823248119],[-107.050648232,39.823235448],[-107.050621352,39.8232164180001],[-107.050609485,39.82318839],[-107.050521415,39.8229380390001],[-107.050509837,39.82283239],[-107.050495448,39.8227862680001],[-107.050539031,39.822748215],[-107.050518881,39.8227239030001],[-107.050505987,39.8226975600001],[-107.050516854,39.822664941],[-107.050559497,39.822675088],[-107.050591521,39.822690385],[-107.050665009,39.8226518010001],[-107.050671692,39.822623654],[-107.050704277,39.8225251310001],[-107.050718455,39.822495345],[-107.050728372,39.822464901],[-107.050696192,39.822441516],[-107.050678773,39.822410457],[-107.050658619,39.822380202],[-107.050633734,39.822316008],[-107.050677757,39.8223200310001],[-107.050699806,39.822297904],[-107.050740097,39.8223120660001],[-107.050961742,39.822220262],[-107.050758272,39.822030367],[-107.050721523,39.822059902],[-107.050678611,39.8220610380001],[-107.050639047,39.822070678],[-107.050602932,39.822085734],[-107.050566608,39.8220853280001],[-107.0505297,39.8220818240001],[-107.050488821,39.822083266],[-107.050491513,39.8221273400001],[-107.050520168,39.8221447940001],[-107.05050222,39.8221707330001],[-107.050456051,39.822177734],[-107.05042224,39.8221881630001],[-107.050385118,39.8221784470001],[-107.050341979,39.822170618],[-107.050291205,39.8221807350001],[-107.050259109,39.822194471],[-107.050249123,39.8222273970001],[-107.05021921,39.8222470740001],[-107.050253232,39.8222968860001],[-107.050254438,39.822325558],[-107.050041464,39.822397079],[-107.049925776,39.822261783],[-107.049799572,39.8223748670001],[-107.0497391,39.822508144],[-107.049468287,39.8226858460001],[-107.049179068,39.8226858460001],[-107.048921403,39.822629304],[-107.048711063,39.82252026],[-107.048537532,39.82236477],[-107.048406071,39.822142641],[-107.048365046,39.82208172],[-107.048366595,39.822074801],[-107.048365604,39.8220245150001],[-107.048350163,39.821972391],[-107.048323187,39.8219195190001],[-107.048294945,39.8218674240001],[-107.048270529,39.821820426],[-107.048253886,39.821778061],[-107.048243476,39.8217310480001],[-107.048241818,39.821673182],[-107.048247157,39.8216123070001],[-107.048248122,39.8215509550001],[-107.048241704,39.8214943720001],[-107.048229481,39.8214424110001],[-107.048216064,39.8213926600001],[-107.048203986,39.8213436190001],[-107.048200113,39.8212979570001],[-107.048202092,39.8212553450001],[-107.048214362,39.821213879],[-107.04823383,39.8211749870001],[-107.048259091,39.821142106],[-107.048287893,39.8211138840001],[-107.048316789,39.8210840670001],[-107.048342317,39.8210498080001],[-107.048361588,39.821010761],[-107.048373021,39.8209664190001],[-107.048375732,39.820916665],[-107.048369801,39.820864461],[-107.048360625,39.820812426],[-107.048350627,39.8207618330001],[-107.048339471,39.8207132220001],[-107.04833217,39.8206653870001],[-107.04832563,39.8206196950001],[-107.048321269,39.820576067],[-107.048318322,39.820534159],[-107.048315206,39.820492793],[-107.048311846,39.820453926],[-107.048311423,39.820415672],[-107.048311488,39.820376266],[-107.048315312,39.820333858],[-107.048323024,39.82029191],[-107.048333454,39.8202538560001],[-107.048350908,39.820219378],[-107.048376267,39.820189558],[-107.04840818,39.82016035],[-107.0484539,39.820128927],[-107.048503899,39.8200943320001],[-107.048551945,39.820059218],[-107.048591473,39.8200261870001],[-107.048623781,39.819994326],[-107.048653649,39.819964284],[-107.048684878,39.819933383],[-107.048718256,39.8199000450001],[-107.048754201,39.8198629280001],[-107.048791709,39.8198234590001],[-107.048832184,39.819781167],[-107.048873094,39.819741778],[-107.048916126,39.8197079560001],[-107.048960817,39.81967931],[-107.049009548,39.819652375],[-107.049066438,39.8196299140001],[-107.049133427,39.8196113810001],[-107.049206651,39.8195983740001],[-107.04928238,39.8195914720001],[-107.049355657,39.8195892970001],[-107.049428004,39.819584767],[-107.049493613,39.8195758780001],[-107.049548629,39.8195603820001],[-107.049594675,39.8195397870001],[-107.049634159,39.819518277],[-107.049673329,39.8194969360001],[-107.049715834,39.819476498],[-107.049761195,39.81945992],[-107.04980625,39.819449046],[-107.049848839,39.819444602],[-107.049887564,39.8194461360001],[-107.049923108,39.8194516230001],[-107.049957106,39.8194598380001],[-107.049960905,39.819460889],[-107.049979408,39.819446934],[-107.05019342,39.819285548],[-107.050406588,39.819355543],[-107.050638845,39.819559166],[-107.050756565,39.819485989],[-107.050801108,39.8193078190001],[-107.051189264,39.8192250970001],[-107.05149788,39.819196463],[-107.05173332,39.8191837360001],[-107.051968759,39.8192282790001],[-107.052210561,39.819085107],[-107.052477817,39.818964205],[-107.052605081,39.8188146700001],[-107.052570083,39.8186683160001],[-107.052748253,39.8185442330001],[-107.052859609,39.818394697],[-107.053031416,39.8183024300001],[-107.053228676,39.8182133450001],[-107.053604106,39.8180256300001],[-107.053807728,39.817961998],[-107.053957265,39.817758375],[-107.05424361,39.8178570050001],[-107.054275426,39.8179747240001],[-107.054498139,39.8179301820001],[-107.054765394,39.8179874510001],[-107.055029468,39.818117897],[-107.055306268,39.8180988070001],[-107.055557616,39.818117897],[-107.055917137,39.8181338050001],[-107.056085762,39.818000177],[-107.056073036,39.8177774650001],[-107.055901229,39.817357492],[-107.056076219,39.8169820620001],[-107.056131326,39.816822388],[-107.056187187,39.816834483],[-107.05627924,39.8168467790001],[-107.056281312,39.816831268],[-107.056312188,39.816808888],[-107.056351631,39.816797948],[-107.056356987,39.8167635520001],[-107.056392677,39.816756997],[-107.056432242,39.816753437],[-107.056472292,39.8167687150001],[-107.05651135,39.816765493],[-107.056548574,39.8167827820001],[-107.056542973,39.81681045],[-107.056567012,39.8168331270001],[-107.056611525,39.816834881],[-107.056626682,39.8168430360001],[-107.056644012,39.8168523590001],[-107.056674852,39.8168699300001],[-107.056717656,39.8168825760001],[-107.056751437,39.8168934710001],[-107.056787725,39.8168995770001],[-107.056823388,39.8168921500001],[-107.056868245,39.816882977],[-107.056912433,39.816873732],[-107.05695306,39.8168913550001],[-107.056987323,39.8168834860001],[-107.057022173,39.816869205],[-107.057030751,39.8168378330001],[-107.057054878,39.816815981],[-107.057084762,39.8167985640001],[-107.057125762,39.816789579],[-107.05714257,39.8168239870001],[-107.057164395,39.816850479],[-107.057196961,39.816864756],[-107.057240758,39.816875328],[-107.05728699,39.816879429],[-107.057334641,39.8168767010001],[-107.057379757,39.816870313],[-107.057419149,39.8168673100001],[-107.05746608,39.816864132],[-107.057497089,39.8168492130001],[-107.057534972,39.81684238],[-107.057569794,39.8168348790001],[-107.057591357,39.8168311580001],[-107.057593208,39.816830839],[-107.057607991,39.8168282870001],[-107.05764233,39.8168437480001],[-107.057624203,39.8168707300001],[-107.057595282,39.8168979390001],[-107.05758996,39.816926487],[-107.05762017,39.8169471300001],[-107.057661169,39.8169447880001],[-107.057705564,39.8169496510001],[-107.057746113,39.816951138],[-107.057761628,39.816949283],[-107.057786259,39.816946337],[-107.057821862,39.8169442020001],[-107.057859036,39.816937975],[-107.057899806,39.816928929],[-107.057929128,39.8169309900001],[-107.057941642,39.8169318700001],[-107.05798901,39.8169260290001],[-107.058029768,39.8169212780001],[-107.058067412,39.816917281],[-107.058115007,39.8169138010001],[-107.058165117,39.816922506],[-107.058206877,39.816921838],[-107.058246357,39.8169301020001],[-107.058286681,39.816928492],[-107.058328245,39.8169358980001],[-107.058367201,39.816941811],[-107.05840086,39.816933432],[-107.058409241,39.816931346],[-107.058407286,39.816897516],[-107.058427208,39.816871597],[-107.058431333,39.816837891],[-107.058414176,39.8168086000001],[-107.058411247,39.816775551],[-107.058403338,39.816743574],[-107.058443863,39.8167258930001],[-107.05845889,39.8166961360001],[-107.058476649,39.8166719500001],[-107.058492567,39.8166466480001],[-107.058488828,39.816616718],[-107.058443587,39.8165987020001],[-107.058408161,39.8165712210001],[-107.058402939,39.816567116],[-107.058377852,39.8165473920001],[-107.058341692,39.8165445550001],[-107.058301342,39.8165479360001],[-107.058264631,39.8165360570001],[-107.058235187,39.8165191300001],[-107.058213616,39.816489242],[-107.058178569,39.816481067],[-107.058131923,39.8164757770001],[-107.058113894,39.8164440990001],[-107.058103309,39.816413593],[-107.058108213,39.81638381],[-107.058151164,39.8163552090001],[-107.058186802,39.816353404],[-107.058222449,39.816357757],[-107.058241879,39.816382789],[-107.058271604,39.8164006280001],[-107.058310051,39.81640716],[-107.058341899,39.816435932],[-107.058385309,39.8164361990001],[-107.058408412,39.816406913],[-107.058451138,39.8163968700001],[-107.058488093,39.8163854480001],[-107.058489393,39.81635749],[-107.058515395,39.8163309070001],[-107.058507984,39.816303555],[-107.058547045,39.816301992],[-107.058570353,39.8163056270001],[-107.058589651,39.8163086370001],[-107.058625559,39.816305395],[-107.058600422,39.8162699160001],[-107.058586703,39.8162409220001],[-107.058551912,39.816227537],[-107.058543594,39.816200317],[-107.058559774,39.8161747570001],[-107.058551211,39.8161445270001],[-107.058537283,39.8161122020001],[-107.058516257,39.816087881],[-107.058506161,39.816057239],[-107.058489038,39.816030932],[-107.058478312,39.8159959590001],[-107.058468127,39.8159695080001],[-107.058493914,39.8159498680001],[-107.058541633,39.815954839],[-107.058554408,39.8159819970001],[-107.058579013,39.8160020870001],[-107.058615087,39.8159899550001],[-107.058646304,39.8159667200001],[-107.05868003,39.815949173],[-107.058680632,39.815915508],[-107.058690046,39.8158845780001],[-107.058731606,39.815887768],[-107.058754514,39.8159215950001],[-107.058790513,39.815941169],[-107.058800286,39.815970657],[-107.058832553,39.8159906270001],[-107.058867204,39.8159987290001],[-107.058905832,39.815984681],[-107.058936702,39.816004972],[-107.05896571,39.816021434],[-107.0589989,39.816039405],[-107.059038092,39.816052471],[-107.059072994,39.816062871],[-107.05910316,39.8160867280001],[-107.059123376,39.816110359],[-107.05915489,39.8161386460001],[-107.059193981,39.816128512],[-107.059195904,39.8161286340001],[-107.059230453,39.8161308200001],[-107.059236257,39.8161645180001],[-107.059272804,39.81616411],[-107.059300829,39.816184912],[-107.059338142,39.8161875910001],[-107.059374275,39.8161989290001],[-107.059393832,39.8161722670001],[-107.059375102,39.816144869],[-107.059343492,39.8161246720001],[-107.059348301,39.8160916200001],[-107.05933044,39.8160625720001],[-107.05932704,39.8160570420001],[-107.059329409,39.8160266360001],[-107.059360719,39.8160039790001],[-107.059380573,39.8159789270001],[-107.059421596,39.8159690430001],[-107.059465027,39.815977893],[-107.059501535,39.815993442],[-107.05950227,39.8159937550001],[-107.059546406,39.8159871490001],[-107.059571746,39.816009809],[-107.059572214,39.8160378040001],[-107.059531646,39.816061979],[-107.059546928,39.8160881540001],[-107.059569195,39.816118316],[-107.059613798,39.8161082450001],[-107.059658662,39.816112871],[-107.059700514,39.816104012],[-107.059745815,39.816113538],[-107.059753198,39.8161439630001],[-107.059730818,39.8161700690001],[-107.059722431,39.816200838],[-107.059759142,39.816221967],[-107.059759558,39.816223273],[-107.059769335,39.816253923],[-107.059798293,39.8162730940001],[-107.059818026,39.816250085],[-107.059858596,39.8162382690001],[-107.059896375,39.8162265650001],[-107.059930867,39.816213056],[-107.059966502,39.8162267110001],[-107.060004307,39.8162032750001],[-107.060032278,39.8161763860001],[-107.060064864,39.8161536870001],[-107.0601023,39.8161464840001],[-107.060138799,39.8161415050001],[-107.060170971,39.8161194200001],[-107.060208056,39.816118767],[-107.060245019,39.816105878],[-107.060278226,39.816082038],[-107.060299671,39.8160576010001],[-107.060307554,39.8160112150001],[-107.060280084,39.8159901390001],[-107.060270652,39.8159601020001],[-107.060268703,39.8159566240001],[-107.060253544,39.815929575],[-107.060284488,39.815912385],[-107.060313107,39.815885458],[-107.060337232,39.815861582],[-107.060370516,39.8158471940001],[-107.060384237,39.815814048],[-107.06040579,39.815786572],[-107.060439573,39.815777843],[-107.060474877,39.8157637950001],[-107.060503291,39.815744653],[-107.060539541,39.8157461220001],[-107.060541071,39.8157484880001],[-107.060560927,39.8157792050001],[-107.060590707,39.8157997480001],[-107.06063018,39.81582208],[-107.060651739,39.8158567680001],[-107.060628518,39.8158858400001],[-107.060593515,39.8159045030001],[-107.060578517,39.8159360610001],[-107.060602682,39.8159586020001],[-107.060613884,39.8159852740001],[-107.060630789,39.816011894],[-107.060630276,39.816045715],[-107.060637164,39.816076681],[-107.060648817,39.816102658],[-107.060673742,39.816133877],[-107.060671639,39.8161670690001],[-107.060673847,39.816178759],[-107.06067826,39.816202122],[-107.060725317,39.816211616],[-107.060755961,39.816232486],[-107.060779772,39.816269086],[-107.06078771,39.816299433],[-107.060782903,39.8163298910001],[-107.060799716,39.8163590030001],[-107.060793023,39.816388386],[-107.060773975,39.8164199010001],[-107.060740637,39.8164382910001],[-107.060709905,39.816465217],[-107.060673211,39.8164873470001],[-107.0606355,39.8164960920001],[-107.060596184,39.816504722],[-107.060551777,39.8165000610001],[-107.060513252,39.816501606],[-107.060473801,39.816496649],[-107.060448174,39.816467258],[-107.060413368,39.816487803],[-107.060383051,39.8165044],[-107.060344837,39.816517133],[-107.060315221,39.816489824],[-107.060276498,39.8164983300001],[-107.060258983,39.816467464],[-107.060225289,39.8164463250001],[-107.060188383,39.816445747],[-107.06014515,39.816455406],[-107.060111333,39.816474973],[-107.060092205,39.8165035850001],[-107.06010593,39.816535081],[-107.060141693,39.8165565520001],[-107.060169733,39.816576395],[-107.060199795,39.816591997],[-107.060207308,39.8166196670001],[-107.060213945,39.8166564410001],[-107.060216682,39.8166896340001],[-107.060250678,39.816718811],[-107.060262541,39.816744736],[-107.060254488,39.8167803920001],[-107.060282753,39.816804603],[-107.060327963,39.8167966550001],[-107.060376864,39.8167780270001],[-107.060377908,39.8167468680001],[-107.060404825,39.8167194270001],[-107.060401758,39.816690619],[-107.060410959,39.8166556090001],[-107.060434052,39.816628161],[-107.060466551,39.816610602],[-107.06050218,39.816598404],[-107.060536716,39.816589019],[-107.060585318,39.816605194],[-107.060627285,39.816607924],[-107.060661389,39.8165842590001],[-107.060703801,39.8165979840001],[-107.060748444,39.816593917],[-107.06076072,39.816602672],[-107.060785007,39.8166199940001],[-107.060796158,39.816649974],[-107.06078973,39.8166835550001],[-107.060779664,39.816718843],[-107.060782632,39.8167491020001],[-107.060782015,39.8167850500001],[-107.060772255,39.8168046530001],[-107.060767441,39.816814321],[-107.060788358,39.816837471],[-107.060791348,39.8168390280001],[-107.060812437,39.81683609],[-107.060863117,39.816830312],[-107.060913161,39.8168281310001],[-107.060964176,39.816830227],[-107.061014092,39.8168341570001],[-107.061063538,39.8168400660001],[-107.061112218,39.816847244],[-107.061160811,39.8168563140001],[-107.061207928,39.8168651060001],[-107.061254565,39.816873822],[-107.061301736,39.8168833510001],[-107.061322864,39.816886771],[-107.06130191,39.8168880170001],[-107.061279185,39.8168801950001],[-107.061226126,39.816872425],[-107.061191,39.816866835],[-107.061157594,39.816857005],[-107.061114227,39.8168487240001],[-107.061077648,39.816842717],[-107.061025238,39.816841325],[-107.060970933,39.816838445],[-107.06091979,39.8168388990001],[-107.060867385,39.816849893],[-107.060845273,39.816851328],[-107.061149911,39.8168600320001],[-107.061285156,39.816889013],[-107.061429912,39.816920032],[-107.061462335,39.816920032],[-107.061492784,39.8169342200001],[-107.061497799,39.8169638800001],[-107.061535324,39.8169687070001],[-107.061572128,39.8169779880001],[-107.06162384,39.8169847510001],[-107.061660006,39.816985779],[-107.061697093,39.816983764],[-107.061739962,39.8169989720001],[-107.061776024,39.817015439],[-107.061821122,39.8170267100001],[-107.06185452,39.8170389680001],[-107.061867132,39.8170660260001],[-107.061885054,39.8170774550001],[-107.061902907,39.8170888400001],[-107.061936245,39.8171068990001],[-107.061971642,39.8171299430001],[-107.061995821,39.8171582850001],[-107.062019502,39.817180884],[-107.062065039,39.8171811330001],[-107.062095343,39.8172103090001],[-107.062089021,39.817245321],[-107.06211675,39.817268889],[-107.062164129,39.8172740150001],[-107.062200716,39.8172657470001],[-107.062223181,39.817242935],[-107.06224772,39.8172188090001],[-107.062291772,39.817213576],[-107.062334052,39.8172282250001],[-107.062352043,39.817254517],[-107.062356071,39.8172558540001],[-107.062386394,39.817265917],[-107.062428588,39.81726393],[-107.062454796,39.8172426240001],[-107.062490101,39.817227562],[-107.062520861,39.817212295],[-107.06255583,39.8171977160001],[-107.062599421,39.817199648],[-107.06263369,39.8171874240001],[-107.062672071,39.8171788710001],[-107.062716581,39.8171641660001],[-107.062755644,39.8171615310001],[-107.062788219,39.817145279],[-107.062834298,39.8171477490001],[-107.062869931,39.8171467060001],[-107.06287227,39.817174492],[-107.062863699,39.8172016550001],[-107.062822181,39.817233463],[-107.062790926,39.817253629],[-107.062810862,39.8172804070001],[-107.062831778,39.8172728390001],[-107.062853567,39.817264955],[-107.062884624,39.8172860450001],[-107.062876763,39.8173158820001],[-107.062913607,39.817320484],[-107.062942598,39.817301404],[-107.062967279,39.8172741450001],[-107.063007592,39.8172574710001],[-107.063033814,39.8172372880001],[-107.063059932,39.8172147130001],[-107.063068502,39.8171880560001],[-107.063095274,39.817165249],[-107.063135614,39.8171700990001],[-107.063166239,39.8171469430001],[-107.06319905,39.8171317600001],[-107.063201358,39.817130691],[-107.063251198,39.817123339],[-107.063250961,39.817151213],[-107.063249483,39.8171598500001],[-107.063245963,39.817180427],[-107.063245677,39.81721366],[-107.063254798,39.8172407490001],[-107.063267346,39.8172436770001],[-107.063296414,39.817250459],[-107.063329622,39.8172605450001],[-107.063365007,39.8172765580001],[-107.063389764,39.8173020180001],[-107.063419924,39.8173174040001],[-107.063390444,39.817342626],[-107.063369746,39.8173696440001],[-107.063385357,39.817395204],[-107.063411599,39.8174139110001],[-107.063412562,39.817413716],[-107.063449942,39.8174061350001],[-107.063485023,39.8173998510001],[-107.063529843,39.81740159],[-107.06370849,39.8173474280001],[-107.063742875,39.8173337690001],[-107.063779082,39.8173438680001],[-107.063802142,39.8173685560001],[-107.063826217,39.8173982060001],[-107.063866871,39.81740175],[-107.06390451,39.8173973900001],[-107.063935662,39.817379326],[-107.063974613,39.8173638120001],[-107.064026483,39.8173591990001],[-107.064068537,39.81734264],[-107.064105981,39.817335363],[-107.064145822,39.817322301],[-107.064178841,39.817305532],[-107.064216648,39.817294023],[-107.064229756,39.8172895050001],[-107.064249923,39.8172825550001],[-107.064285285,39.8172744840001],[-107.064332356,39.817276759],[-107.064382417,39.8172717670001],[-107.064396175,39.817280413],[-107.064417687,39.817293933],[-107.064445639,39.8173222080001],[-107.064461432,39.817335895],[-107.064472988,39.81734591],[-107.064502717,39.817382256],[-107.064481717,39.8174054150001],[-107.064471934,39.817444263],[-107.064457735,39.8174731770001],[-107.064453226,39.8174903600001],[-107.064450674,39.8175000860001],[-107.064405615,39.8175060560001],[-107.064354248,39.8175198010001],[-107.064315692,39.8175158660001],[-107.064295342,39.817540582],[-107.064273715,39.817571237],[-107.064238371,39.8175869560001],[-107.06420496,39.81760876],[-107.064221719,39.8176334710001],[-107.064224269,39.8176622240001],[-107.064246606,39.8176843090001],[-107.064276676,39.8177031160001],[-107.064308765,39.8177267630001],[-107.064344704,39.8177195960001],[-107.064383063,39.817710522],[-107.064412917,39.8176914100001],[-107.064457003,39.817685413],[-107.064491786,39.817670569],[-107.064527912,39.8176601150001],[-107.064530016,39.817659506],[-107.064580297,39.817655985],[-107.064593221,39.8176286090001],[-107.064594648,39.817600547],[-107.06461558,39.817573456],[-107.064656961,39.8175809730001],[-107.064697895,39.8175958080001],[-107.064714385,39.817622977],[-107.064725066,39.8176569450001],[-107.064706877,39.8176897600001],[-107.064763469,39.817740228],[-107.064745081,39.817892387],[-107.06471277,39.817920482],[-107.064683508,39.817932657],[-107.064649993,39.817922622],[-107.064647538,39.8179218870001],[-107.06464253,39.8179287560001],[-107.064633206,39.818098046],[-107.06466552,39.8181112990001],[-107.064702831,39.8181305890001],[-107.064696559,39.8181605290001],[-107.064699993,39.8181911400001],[-107.064703642,39.8182133880001],[-107.064705181,39.8182227670001],[-107.06474312,39.8182296260001],[-107.06475288,39.8182575930001],[-107.064738657,39.8182943560001],[-107.064754226,39.8183056140001],[-107.064755868,39.8183068020001],[-107.064766197,39.81831427],[-107.064734782,39.818329034],[-107.064714503,39.8183597980001],[-107.064704944,39.818386504],[-107.064693127,39.818375969],[-107.064681502,39.8183656050001],[-107.064647909,39.818355642],[-107.064614759,39.8183733050001],[-107.064588545,39.8183949730001],[-107.064559819,39.818411349],[-107.064523798,39.8184070770001],[-107.064493829,39.818388057],[-107.06445753,39.818411816],[-107.064463436,39.8184410580001],[-107.064450079,39.818468936],[-107.064434742,39.8185026370001],[-107.064414545,39.8185330370001],[-107.064423759,39.818560893],[-107.064455723,39.8185745600001],[-107.064473666,39.818606318],[-107.064492969,39.8186306850001],[-107.06451057,39.8186558290001],[-107.064495089,39.8186987610001],[-107.06450212,39.8187099400001],[-107.064512852,39.818726999],[-107.064316552,39.8187962220001],[-107.064141239,39.818837946],[-107.063954815,39.818844584],[-107.063909715,39.8188360280001],[-107.063749872,39.818805705],[-107.063711851,39.8188379590001],[-107.063663254,39.8188791850001],[-107.063624541,39.819084795],[-107.063562459,39.8194145160001],[-107.06354764,39.8194564560001],[-107.063557521,39.8194601370001],[-107.063593341,39.8194773270001],[-107.063593683,39.819477405],[-107.063635459,39.8194869820001],[-107.063679665,39.819498794],[-107.06372262,39.8195084160001],[-107.063759933,39.819517998],[-107.0637954,39.819527297],[-107.063844406,39.819536543],[-107.063892784,39.8195432480001],[-107.063931937,39.81956387],[-107.063981261,39.819568378],[-107.064028216,39.819573727],[-107.064065792,39.8195752140001],[-107.064110465,39.8195821090001],[-107.064150056,39.8195835110001],[-107.06418753,39.8195924730001],[-107.064235055,39.819589873],[-107.064272316,39.8195966980001],[-107.064315511,39.8196007720001],[-107.064355545,39.8196121070001],[-107.064400076,39.819607847],[-107.0644376,39.8196183680001],[-107.064488074,39.8196335960001],[-107.064537067,39.81963985],[-107.064588474,39.819644645],[-107.064628174,39.8196454220001],[-107.064664668,39.8196455070001],[-107.064706261,39.8196425690001],[-107.064758473,39.8196473620001],[-107.064794943,39.8196482000001],[-107.064839326,39.8196451530001],[-107.064860009,39.819667888],[-107.064904131,39.819681218],[-107.064944429,39.819680417],[-107.064999822,39.819684497],[-107.065024629,39.8196912780001],[-107.065045372,39.8196969480001],[-107.06507626,39.819718165],[-107.065128589,39.8197331270001],[-107.065156835,39.8197567380001],[-107.065163211,39.8197808300001],[-107.065166299,39.8197925000001],[-107.065164092,39.819829231],[-107.065206701,39.819844421],[-107.065250244,39.8198541470001],[-107.065285538,39.819837211],[-107.065323064,39.819846555],[-107.065342029,39.819872769],[-107.065373963,39.819887196],[-107.065395849,39.81991565],[-107.065380058,39.8199409750001],[-107.065371647,39.819973303],[-107.065372709,39.820007563],[-107.065377726,39.8200383990001],[-107.065368063,39.8200691480001],[-107.065369247,39.820098671],[-107.065321545,39.820116048],[-107.065298112,39.8201329680001],[-107.065291666,39.8201376230001],[-107.065259145,39.820159436],[-107.065302145,39.8201615360001],[-107.065340521,39.820178813],[-107.065378721,39.820175213],[-107.065414425,39.8201939160001],[-107.065447079,39.8202193270001],[-107.065478906,39.8202424250001],[-107.065513201,39.820263723],[-107.065682607,39.820352208],[-107.06572397,39.8203672340001],[-107.065753851,39.820381228],[-107.065754936,39.8203817360001],[-107.065764773,39.820414284],[-107.065795046,39.8204327380001],[-107.065800289,39.820462951],[-107.065832893,39.8204810390001],[-107.065869382,39.820492933],[-107.065883723,39.8205200560001],[-107.065891725,39.8205508510001],[-107.065918069,39.8205714630001],[-107.065956733,39.8205870210001],[-107.066005137,39.820598391],[-107.066006857,39.8206044940001],[-107.066013819,39.820629179],[-107.066059673,39.8206417600001],[-107.066076295,39.8206712690001],[-107.066112542,39.820687223],[-107.066128103,39.820713525],[-107.066133743,39.8207473100001],[-107.066173676,39.8207656180001],[-107.066191491,39.820790479],[-107.066210959,39.8208152240001],[-107.06622033,39.820825128],[-107.066234066,39.820839644],[-107.066252597,39.8208656150001],[-107.066289447,39.8208758820001],[-107.066301332,39.820913354],[-107.066347809,39.8209307760001],[-107.066336299,39.820962755],[-107.066325634,39.8209936330001],[-107.066348828,39.8210173030001],[-107.066371718,39.821039834],[-107.06638179,39.8210556290001],[-107.066391164,39.821070327],[-107.066351353,39.821073273],[-107.066385201,39.82118122],[-107.06638024,39.821243489],[-107.066365274,39.8214313610001],[-107.066395546,39.821453278],[-107.066414595,39.821476826],[-107.06640468,39.8214851180001],[-107.06638891,39.8214983070001],[-107.066354502,39.82151291],[-107.06632076,39.8215219090001],[-107.066298977,39.8215440380001],[-107.066295986,39.8216096310001],[-107.066262712,39.821624458],[-107.06622935,39.821643921],[-107.06621112,39.821668],[-107.066207712,39.8216725020001],[-107.066212294,39.8216702140001],[-107.066248723,39.821652021],[-107.066228053,39.821677396],[-107.066218936,39.821682755],[-107.065872154,39.821886583],[-107.065810679,39.8219227170001],[-107.065626827,39.8219820250001],[-107.06559593,39.82200225],[-107.065574947,39.8220266870001],[-107.065573714,39.8220281220001],[-107.065555176,39.8220573790001],[-107.065520353,39.822066513],[-107.065480991,39.8220738090001],[-107.065438783,39.822080805],[-107.065412583,39.822107778],[-107.065382699,39.8221241890001],[-107.065326944,39.8221276580001],[-107.065312433,39.8221489860001],[-107.065306726,39.822157373],[-107.065270049,39.8221580000001],[-107.065245856,39.8221816290001],[-107.065208404,39.8221901110001],[-107.065168978,39.822193229],[-107.065125162,39.82218427],[-107.065087557,39.8221906300001],[-107.065063633,39.8222144980001],[-107.065062708,39.8222451620001],[-107.065029374,39.822244003],[-107.065021202,39.822243719],[-107.065006839,39.822247702],[-107.064999952,39.8222496120001],[-107.064981579,39.8222547080001],[-107.064971985,39.8222587060001],[-107.064968456,39.82226631],[-107.064962715,39.822278677],[-107.064926035,39.8222815990001],[-107.064889556,39.822297221],[-107.064852911,39.822312282],[-107.064839277,39.822344322],[-107.064758042,39.8223862740001],[-107.06469925,39.822416635],[-107.064569264,39.822483762],[-107.064504342,39.8225703250001],[-107.064519329,39.822642724],[-107.064554836,39.8226628990001],[-107.064650474,39.82268422],[-107.064743591,39.822704978],[-107.064786873,39.8227470570001],[-107.064797462,39.822836851],[-107.064798223,39.822843307],[-107.064834036,39.8228570730001],[-107.064842668,39.8229515420001],[-107.064870472,39.8230326660001],[-107.064883789,39.8230604680001],[-107.06488678,39.823066237],[-107.064898569,39.823088979],[-107.064888374,39.8230644810001],[-107.064886441,39.8230598370001],[-107.064891032,39.8230282530001],[-107.064909104,39.823041656],[-107.0649201,39.8230498130001],[-107.064959124,39.823035802],[-107.064955481,39.823006542],[-107.064984837,39.822985133],[-107.065004385,39.8230134510001],[-107.06504485,39.8230212280001],[-107.065153141,39.8230603150001],[-107.065167022,39.8230882410001],[-107.065167339,39.8230885070001],[-107.065227712,39.8231392960001],[-107.065227278,39.8231767190001],[-107.065246191,39.82318861],[-107.065244753,39.823189558],[-107.065257385,39.823391729],[-107.065257469,39.8233930650001],[-107.065254538,39.823395136],[-107.06521389,39.8234437840001],[-107.065127117,39.823536807],[-107.065134671,39.823556511],[-107.0651625,39.823579775],[-107.065157821,39.8235906640001],[-107.065148852,39.8236239290001],[-107.065152023,39.8236595270001],[-107.06516829,39.823686728],[-107.065196836,39.823713195],[-107.065232311,39.8236968750001],[-107.065377209,39.8237791400001],[-107.065411679,39.823769102],[-107.065416385,39.8237286930001],[-107.06544129,39.823774331],[-107.065493506,39.823870018],[-107.065475858,39.8238409670001],[-107.065485781,39.8238738150001],[-107.06548985,39.8239012600001],[-107.065489277,39.823928923],[-107.065480857,39.823961404],[-107.065492122,39.823992054],[-107.065521941,39.824009833],[-107.065506218,39.8241551180001],[-107.065347006,39.8243541000001],[-107.065299721,39.8245110460001],[-107.06530699,39.824536084],[-107.065329995,39.824596521],[-107.065479815,39.824681781],[-107.065448921,39.8246824060001],[-107.065458102,39.824777979],[-107.065486288,39.8248132580001],[-107.065463939,39.824837141],[-107.065432673,39.8248662730001],[-107.065431958,39.8248669390001],[-107.065395886,39.8248633470001],[-107.065358552,39.8248540070001],[-107.065308845,39.824849016],[-107.065307078,39.824879068],[-107.065257745,39.8248836830001],[-107.065232124,39.824910855],[-107.065193455,39.824912731],[-107.065173288,39.8249369690001],[-107.065160044,39.824970464],[-107.065126457,39.8249824740001],[-107.065121571,39.825014525],[-107.065194397,39.8251154110001],[-107.065230262,39.8251320250001],[-107.065327167,39.8251776060001],[-107.065555491,39.825114253],[-107.06556922,39.8251104440001],[-107.065599078,39.8250843260001],[-107.065635729,39.8250801200001],[-107.065684726,39.8250754470001],[-107.065689815,39.8251050750001],[-107.065728509,39.825106679],[-107.065728138,39.825078003],[-107.065748836,39.825054885],[-107.065772102,39.825076385],[-107.065815546,39.8251868610001],[-107.06591749,39.825268684],[-107.066008735,39.8257325340001],[-107.066162744,39.8257732100001],[-107.066286831,39.8259100280001],[-107.066198124,39.826190642],[-107.066236202,39.826192614],[-107.066259054,39.826225392],[-107.066251039,39.8262550480001],[-107.066223439,39.8262870770001],[-107.066240253,39.82631782],[-107.066285237,39.82630793],[-107.066321325,39.8262947480001],[-107.066316174,39.8263242880001],[-107.066292211,39.826355397],[-107.066595449,39.826511764],[-107.066752389,39.8266645790001],[-107.066942036,39.826850118],[-107.066944733,39.8268527560001],[-107.066965284,39.8268728630001],[-107.06701488,39.8270143920001],[-107.067014901,39.8270801370001],[-107.06701491,39.827105497],[-107.067056698,39.8272304110001],[-107.066999851,39.8273074430001],[-107.066959151,39.8273491420001],[-107.066909017,39.827361722],[-107.066900354,39.8273638960001],[-107.066900247,39.8273639230001],[-107.066899454,39.827362963],[-107.066740911,39.827198922],[-107.066715208,39.827173573],[-107.066606709,39.827336582],[-107.066522201,39.827457963],[-107.066518924,39.827462671],[-107.066533291,39.827518389],[-107.066472031,39.827528864],[-107.066431726,39.8275549630001],[-107.066408805,39.8275841560001],[-107.066381459,39.8276163],[-107.066353725,39.827640697],[-107.06631016,39.8276311820001],[-107.066144368,39.8275621180001],[-107.066058198,39.827545055],[-107.066016299,39.8275604],[-107.065989523,39.82758569],[-107.065953326,39.8275874340001],[-107.065937053,39.827623225],[-107.065907355,39.827651216],[-107.065926487,39.827675614],[-107.065946906,39.827698228],[-107.065973533,39.827721561],[-107.066007285,39.82773279],[-107.066041516,39.827750279],[-107.066065642,39.827771231],[-107.066098371,39.8277929390001],[-107.066133585,39.827788507],[-107.066163451,39.827772813],[-107.066207869,39.8277641830001],[-107.066243647,39.8277563710001],[-107.066284495,39.8277445050001],[-107.066316289,39.8277684600001],[-107.066357414,39.827782724],[-107.066448604,39.8278022820001],[-107.066489008,39.8278039],[-107.066499811,39.8278376820001],[-107.066541316,39.827855356],[-107.066586547,39.8278674380001],[-107.066630152,39.8278634260001],[-107.066698759,39.8278711560001],[-107.066726435,39.8278924530001],[-107.066764038,39.827892891],[-107.066846635,39.8279599630001],[-107.066964733,39.8280558660001],[-107.067005751,39.8280536240001],[-107.067041649,39.82806487],[-107.067386652,39.828286796],[-107.067419813,39.828302851],[-107.067460533,39.8283012790001],[-107.06747167,39.828271536],[-107.067469692,39.828239382],[-107.067478831,39.8282109890001],[-107.067486679,39.8281701330001],[-107.067500874,39.8281427850001],[-107.067543614,39.828145598],[-107.067580025,39.8281605550001],[-107.067598342,39.828148379],[-107.067611572,39.8281395860001],[-107.06757129,39.82801471],[-107.067588176,39.827989163],[-107.067559474,39.827955144],[-107.067549461,39.827924205],[-107.067511877,39.8279049290001],[-107.067524807,39.827877465],[-107.067497777,39.827797499],[-107.067476738,39.8277692890001],[-107.067483085,39.8277379140001],[-107.06745263,39.8276609800001],[-107.067440241,39.82765463],[-107.06743411,39.827644223],[-107.067424468,39.8276442650001],[-107.06741004,39.8276186100001],[-107.067427703,39.827633345],[-107.067422768,39.8276249670001],[-107.067397035,39.8275979740001],[-107.067398615,39.8275559840001],[-107.067438053,39.827561034],[-107.067475987,39.8275746460001],[-107.067514478,39.827571618],[-107.067522485,39.827574429],[-107.067551662,39.827584673],[-107.06757555,39.827589957],[-107.067596027,39.8275944860001],[-107.067622007,39.827624638],[-107.067623189,39.827654662],[-107.067623255,39.827657706],[-107.067623875,39.827686451],[-107.067625024,39.827695981],[-107.067628186,39.827722196],[-107.067648142,39.8277521040001],[-107.067680053,39.827778935],[-107.067692351,39.827815082],[-107.067702734,39.8278413800001],[-107.067723771,39.8278693510001],[-107.067759502,39.8278883880001],[-107.067795101,39.8278960380001],[-107.067831837,39.8279002630001],[-107.067872949,39.827903355],[-107.067912433,39.8279013150001],[-107.067942898,39.827925168],[-107.067952589,39.8279626290001],[-107.068001642,39.827971253],[-107.068031468,39.8279902290001],[-107.06803446,39.8280183890001],[-107.068051937,39.8280479430001],[-107.068066807,39.828073332],[-107.068099167,39.828087021],[-107.068130314,39.8281050570001],[-107.068157496,39.828134006],[-107.068189439,39.828153725],[-107.068217714,39.8281724070001],[-107.068242776,39.828192818],[-107.068279541,39.8281761980001],[-107.068278634,39.828147372],[-107.068279677,39.8281048870001],[-107.068316805,39.8281081260001],[-107.068336854,39.8280797030001],[-107.068374855,39.82807753],[-107.06839335,39.828102374],[-107.06839424,39.8281385340001],[-107.068424719,39.8281597070001],[-107.068466747,39.8281595620001],[-107.068504579,39.8281530740001],[-107.068544946,39.8281566700001],[-107.068577386,39.8281860220001],[-107.068615813,39.82820431],[-107.06866419,39.828199666],[-107.068691845,39.8281787600001],[-107.068703262,39.82815265],[-107.068731489,39.8281550730001],[-107.068740614,39.8281591260001],[-107.068749426,39.8281872810001],[-107.068732998,39.828219442],[-107.068722331,39.8282567630001],[-107.068742742,39.8282933090001],[-107.068868877,39.8285005120001],[-107.068834185,39.8285226690001],[-107.068803437,39.8285459270001],[-107.06877146,39.828567799],[-107.068746136,39.8285873180001],[-107.068710471,39.8285959670001],[-107.068698326,39.828633251],[-107.068683025,39.8286659600001],[-107.068669192,39.8286937460001],[-107.068654949,39.828726411],[-107.068646159,39.8287624070001],[-107.068635226,39.8287970870001],[-107.068626998,39.828824001],[-107.06861446,39.8288599040001],[-107.068595087,39.8288971740001],[-107.068556541,39.828902423],[-107.068516504,39.8288997240001],[-107.068477541,39.8289017000001],[-107.068440574,39.828913765],[-107.068430385,39.8289484750001],[-107.068410231,39.8289715240001],[-107.068403962,39.8289843410001],[-107.06840189,39.8289827850001],[-107.06854209,39.8291367840001],[-107.068574191,39.8292130840001],[-107.068602391,39.8293036850001],[-107.068623367,39.829392887],[-107.068627391,39.8294507850001],[-107.0686227,39.8294789290001],[-107.068887132,39.8298026310001],[-107.068807905,39.8299874000001],[-107.068642075,39.8301566600001],[-107.06851469,39.8302867840001],[-107.068403791,39.830348821],[-107.069427808,39.8304908210001],[-107.070538914,39.8302327710001],[-107.070545579,39.829745109],[-107.070477387,39.829386533],[-107.070463321,39.8293125660001],[-107.07018706,39.8283842020001],[-107.070171469,39.8282719540001],[-107.070134442,39.828141746],[-107.070212034,39.8280108820001],[-107.070255635,39.8279997220001],[-107.070284625,39.8279789380001],[-107.070320106,39.8279634200001],[-107.070355696,39.8279676670001],[-107.070386296,39.827946389],[-107.070395683,39.827909619],[-107.070420861,39.8278825100001],[-107.070453409,39.827867037],[-107.070498393,39.827859468],[-107.070525516,39.8278796770001],[-107.070569463,39.827860742],[-107.070589337,39.827831319],[-107.070609473,39.8278010070001],[-107.070623663,39.827770226],[-107.070614945,39.8277347100001],[-107.070583215,39.827721463],[-107.070541826,39.827713407],[-107.070507241,39.8276953370001],[-107.070478736,39.827673099],[-107.070441262,39.827653566],[-107.070416948,39.8276321380001],[-107.070430752,39.827605347],[-107.070435422,39.827572194],[-107.070412381,39.8275426550001],[-107.070370516,39.827535455],[-107.070340881,39.8275498880001],[-107.070335428,39.8275525440001],[-107.070305282,39.8275792630001],[-107.070268041,39.8276044890001],[-107.070236537,39.8276302960001],[-107.070192796,39.8276440610001],[-107.070185994,39.82760984],[-107.070154358,39.8276237150001],[-107.070111437,39.827620429],[-107.070133267,39.827586609],[-107.070162096,39.827557476],[-107.070192534,39.827533149],[-107.070229715,39.827510024],[-107.070262072,39.8274939610001],[-107.070294156,39.8274733170001],[-107.070319227,39.8274456280001],[-107.070349994,39.827431474],[-107.070374404,39.827408302],[-107.070343927,39.827387334],[-107.070299252,39.827402653],[-107.070272181,39.827368902],[-107.07028998,39.827340916],[-107.070285167,39.8273097480001],[-107.070323555,39.827292449],[-107.070343331,39.827266466],[-107.070350832,39.82723695],[-107.070383989,39.8272162320001],[-107.070422076,39.827200766],[-107.070428953,39.827164753],[-107.070459946,39.827137787],[-107.070489381,39.8271150420001],[-107.07051749,39.827088379],[-107.070548299,39.827061939],[-107.070575416,39.8270342860001],[-107.070598977,39.8270036930001],[-107.070639001,39.8269837620001],[-107.070660464,39.8269561870001],[-107.070696671,39.826926531],[-107.070710297,39.8269180630001],[-107.070732854,39.8269040430001],[-107.070736601,39.8268723620001],[-107.070745492,39.8268250130001],[-107.070752393,39.8267777300001],[-107.070757206,39.826747364],[-107.070761212,39.8267164160001],[-107.070764546,39.8266850570001],[-107.070770228,39.8266494900001],[-107.070772535,39.826617803],[-107.070771839,39.8265813900001],[-107.070770214,39.826543327],[-107.070767212,39.82650492],[-107.070761526,39.8264635950001],[-107.070749888,39.8264203850001],[-107.070740384,39.826370142],[-107.070735409,39.826322557],[-107.070745934,39.8262740640001],[-107.070754113,39.826234626],[-107.070766739,39.826194308],[-107.070783265,39.826160977],[-107.070803995,39.826131484],[-107.070822776,39.826102818],[-107.07084085,39.826074986],[-107.070884609,39.82602848],[-107.070914167,39.8260069630001],[-107.070942186,39.8259861350001],[-107.07098867,39.8259457670001],[-107.071010481,39.825922663],[-107.071031216,39.8258985730001],[-107.071032918,39.82589618],[-107.071050566,39.825871368],[-107.071065738,39.82584275],[-107.071079554,39.8258111970001],[-107.071092241,39.8257791840001],[-107.071103351,39.8257469390001],[-107.071117068,39.8257061900001],[-107.071138238,39.8256606320001],[-107.071163585,39.8256312340001],[-107.071141296,39.8255852820001],[-107.071149794,39.8255088330001],[-107.071152472,39.825484734],[-107.071200221,39.8250551580001],[-107.071239553,39.8245904390001],[-107.071240537,39.824585072],[-107.071240535,39.824578837],[-107.071240416,39.824199767],[-107.071686847,39.8236210110001],[-107.071721528,39.8235760480001],[-107.071766533,39.8235177030001],[-107.072434248,39.8226678030001],[-107.072472365,39.822619284],[-107.072504278,39.8225851190001],[-107.072506959,39.8225822480001],[-107.072547366,39.8225389890001],[-107.072528325,39.8223939810001],[-107.072547414,39.822260354],[-107.072775456,39.822172822],[-107.072940432,39.8217108590001],[-107.072779672,39.8215444910001],[-107.072859212,39.8213440500001],[-107.073118743,39.821228143],[-107.073245129,39.8208922310001],[-107.073256753,39.8209005570001],[-107.0732617,39.8209041000001],[-107.073290799,39.8209206000001],[-107.0733256,39.8209397000001],[-107.0733558,39.8209567000001],[-107.073385999,39.8209738],[-107.0734164,39.820989399],[-107.073444601,39.8210068010001],[-107.0734727,39.8210254000001],[-107.0735053,39.8210387],[-107.0735372,39.8210543000001],[-107.0735711,39.8210752000001],[-107.073597,39.821097799],[-107.0736279,39.8211210000001],[-107.073658,39.821140901],[-107.073686699,39.8211617000001],[-107.073721199,39.8211844],[-107.0737483,39.8212037000001],[-107.0737721,39.8212284000001],[-107.073794799,39.8212575000001],[-107.0738209,39.821285301],[-107.073849199,39.8213093000001],[-107.0738729,39.8213312],[-107.073898699,39.821354399],[-107.073928801,39.8213776000001],[-107.0739547,39.8214011000001],[-107.0739789,39.8214252000001],[-107.0740076,39.8214484000001],[-107.074032401,39.8214689000001],[-107.074043624,39.821476793],[-107.074062399,39.82149],[-107.0740836,39.8215143],[-107.0741087,39.8215352],[-107.0741344,39.821555801],[-107.0741598,39.8215794000001],[-107.0741841,39.8216022],[-107.0742125,39.8216251000001],[-107.074238501,39.8216453000001],[-107.0742679,39.8216657],[-107.074297,39.8216863000001],[-107.0743273,39.8217072],[-107.0743527,39.8217288000001],[-107.0743782,39.8217525000001],[-107.074402,39.8217738000001],[-107.0744223,39.8218005000001],[-107.0744282,39.8218291000001],[-107.0744551,39.8218574000001],[-107.074478,39.821882099],[-107.0744949,39.8219064],[-107.0745121,39.8219313000001],[-107.0745338,39.8219574],[-107.0745597,39.8219832],[-107.0745868,39.8220046000001],[-107.0746322,39.8220213010001],[-107.0746773,39.8220258000001],[-107.0747125,39.8220213000001],[-107.074717847,39.822022673],[-107.0747495,39.8220307990001],[-107.074749857,39.8220314480001],[-107.074768399,39.8220651],[-107.0747973,39.8220930000001],[-107.074827299,39.822119],[-107.0748344,39.8221467000001],[-107.0748245,39.8221779],[-107.0748505,39.8222046010001],[-107.0748681,39.8222341000001],[-107.074886799,39.8222585],[-107.0749121,39.8222790990001],[-107.0749429,39.8222974010001],[-107.0749797,39.8223004000001],[-107.074999222,39.8222843230001],[-107.0750086,39.8222766000001],[-107.075,39.8222446],[-107.074989,39.822214999],[-107.0749936,39.8221819],[-107.0750077,39.8221557000001],[-107.0750283,39.8221326],[-107.075060899,39.8221195990001],[-107.075065416,39.8221212330001],[-107.075093801,39.8221315000001],[-107.0751359,39.8221476000001],[-107.0751719,39.8221436000001],[-107.075205399,39.8221309],[-107.075210481,39.8221251210001],[-107.075225799,39.8221076990001],[-107.0752248,39.8220754000001],[-107.0752369,39.8220466000001],[-107.0752313,39.822009],[-107.0752693,39.8220041000001],[-107.075280826,39.821998718],[-107.075281805,39.821996647],[-107.075290123,39.8219943780001],[-107.075302499,39.8219886000001],[-107.075301016,39.8219711560001],[-107.0753,39.8219592],[-107.075279801,39.8219294],[-107.0752889,39.8219001000001],[-107.075325201,39.8218890000001],[-107.07533816,39.8219052810001],[-107.075314441,39.821922198],[-107.075338575,39.8219601270001],[-107.075331839,39.8219684330001],[-107.075382489,39.8219639590001],[-107.075384001,39.8219664000001],[-107.075407101,39.8219901000001],[-107.0754409,39.8220067],[-107.075482399,39.8220118],[-107.075520699,39.8219973000001],[-107.075522102,39.82198214],[-107.07548268,39.821975669],[-107.075445074,39.8219584300001],[-107.075513317,39.821952401],[-107.0755067,39.8219421000001],[-107.0755008,39.8219134],[-107.075489999,39.8218842000001],[-107.0754532,39.821866501],[-107.0754267,39.8218448000001],[-107.0753975,39.8218239],[-107.075396201,39.8217897000001],[-107.0754283,39.8217748000001],[-107.07543824,39.8217804980001],[-107.0754597,39.8217928],[-107.0754859,39.8218145000001],[-107.0755159,39.8218301000001],[-107.0755425,39.8218509000001],[-107.075561299,39.8218777000001],[-107.0755781,39.8219038],[-107.075614,39.8219265000001],[-107.075648396,39.821940468],[-107.0756502,39.8219412],[-107.075652607,39.821940096],[-107.075671659,39.8219313540001],[-107.0756818,39.8219267000001],[-107.0757047,39.8219040000001],[-107.0757324,39.821883599],[-107.075761599,39.8218658000001],[-107.0757913,39.8218501000001],[-107.0758268,39.8218328],[-107.0758688,39.821823699],[-107.0759074,39.8218144000001],[-107.075913642,39.821814266],[-107.0759539,39.8218134000001],[-107.0759873,39.8218233000001],[-107.0760122,39.8218496000001],[-107.0760278,39.8218817000001],[-107.0760529,39.8219078000001],[-107.076072099,39.8219341000001],[-107.0760933,39.8219594],[-107.0761238,39.8219873],[-107.076146101,39.8220148],[-107.0761726,39.822036],[-107.0762043,39.8220487],[-107.0762319,39.8220664],[-107.0762663,39.8220753000001],[-107.076301299,39.8220904],[-107.0763362,39.8220969000001],[-107.0763711,39.822102499],[-107.076407299,39.8221028],[-107.0764492,39.8220884],[-107.076438897,39.822083573],[-107.076455508,39.822036939],[-107.07645904,39.8219997030001],[-107.076458444,39.821954233],[-107.076472079,39.8219120700001],[-107.076487711,39.821871016],[-107.076504101,39.8218382060001],[-107.07651543,39.8218033040001],[-107.076529777,39.8217650010001],[-107.076548102,39.8217395140001],[-107.076554475,39.821699536],[-107.076572174,39.8216656870001],[-107.076566628,39.8216334800001],[-107.076565849,39.8215986550001],[-107.076557195,39.8215638200001],[-107.076575582,39.8215231770001],[-107.076620281,39.8214868700001],[-107.076662874,39.8214477670001],[-107.076703989,39.821411321],[-107.076733792,39.8213842980001],[-107.076764543,39.821355431],[-107.07679778,39.8213232480001],[-107.076845646,39.8212770170001],[-107.076907577,39.821227939],[-107.076957183,39.821197973],[-107.076990526,39.821170884],[-107.076995413,39.8211714880001],[-107.077107764,39.821208461],[-107.077119697,39.821211389],[-107.077130275,39.8212158700001],[-107.077285425,39.8212669270001],[-107.0773278,39.821272799],[-107.077336666,39.82128006],[-107.0773543,39.8212945000001],[-107.0773873,39.821313],[-107.077412456,39.8213153180001],[-107.0774307,39.821316999],[-107.077457301,39.8213424],[-107.077440701,39.821367599],[-107.0774117,39.8213838],[-107.0774101,39.8214135000001],[-107.0774025,39.8214449000001],[-107.077384,39.821470301],[-107.077348499,39.8214881000001],[-107.077342701,39.8215192000001],[-107.077335242,39.821532356],[-107.077335518,39.8215356010001],[-107.077332986,39.8215665880001],[-107.077319037,39.8215917800001],[-107.077315299,39.821606301],[-107.077301654,39.821607149],[-107.0772783,39.8216086],[-107.077261368,39.8216234160001],[-107.077251901,39.8216317000001],[-107.077225022,39.8216330610001],[-107.077217192,39.821635192],[-107.077203917,39.8216397310001],[-107.077186099,39.8216524000001],[-107.0771478,39.8216648000001],[-107.0771148,39.8216492],[-107.077073901,39.821644],[-107.077052399,39.8216666000001],[-107.077074501,39.8216932],[-107.0770876,39.8217224000001],[-107.0770512,39.8217250000001],[-107.0770235,39.8217465000001],[-107.0769987,39.8217668],[-107.076998299,39.8217960000001],[-107.0770175,39.8218197],[-107.0770353,39.8218464],[-107.0770701,39.8218592000001],[-107.0770957,39.8218917],[-107.0771087,39.821918301],[-107.0771099,39.8219471],[-107.0771346,39.8219708],[-107.0771715,39.8219774],[-107.0771873,39.822003599],[-107.077165799,39.822027],[-107.077149499,39.8220577000001],[-107.07711895,39.8220600760001],[-107.077113499,39.822060499],[-107.0770762,39.822055],[-107.0770476,39.8220744000001],[-107.0770349,39.8221031],[-107.0770159,39.8221281],[-107.0770095,39.8221612],[-107.077013999,39.822189699],[-107.076997399,39.8222143],[-107.0769991,39.822241799],[-107.0770087,39.8222718000001],[-107.077029,39.8223077000001],[-107.077062,39.8223285],[-107.0770945,39.8223482000001],[-107.0771224,39.8223676000001],[-107.0771478,39.8223887],[-107.0771665,39.822414699],[-107.077187099,39.8224387000001],[-107.0772089,39.8224621000001],[-107.0772047,39.8224897000001],[-107.077199283,39.8225006100001],[-107.0771903,39.8225187],[-107.077164101,39.8225441000001],[-107.077128001,39.822561901],[-107.0771024,39.822585701],[-107.0770777,39.8226089],[-107.077037399,39.822619],[-107.076999,39.8226166000001],[-107.076963199,39.8226290000001],[-107.0769336,39.8226444000001],[-107.076903199,39.8226592],[-107.076867001,39.8226536000001],[-107.0768408,39.8226345],[-107.076835945,39.822610056],[-107.076808485,39.8225969650001],[-107.076769456,39.8225769150001],[-107.07672608,39.822566615],[-107.076715446,39.822574188],[-107.0767196,39.8225876000001],[-107.0767438,39.8226105000001],[-107.076761699,39.8226405],[-107.0767784,39.8226651000001],[-107.076800799,39.8226950000001],[-107.0768241,39.8227199],[-107.076850899,39.8227406],[-107.0768785,39.8227631],[-107.0768936,39.8227904],[-107.0768639,39.8228094],[-107.0768244,39.822813701],[-107.076787999,39.8228268],[-107.076784997,39.8228332470001],[-107.0767751,39.8228545000001],[-107.076780178,39.8228641910001],[-107.076789301,39.8228816000001],[-107.0768115,39.8229128],[-107.076836601,39.8229353],[-107.076833501,39.8229648000001],[-107.076811682,39.8229840120001],[-107.0768067,39.8229884],[-107.0767737,39.8230032000001],[-107.0767356,39.823014001],[-107.0767007,39.8230285000001],[-107.076688009,39.823036019],[-107.0766661,39.823049],[-107.076636199,39.8230677990001],[-107.076605199,39.8230893],[-107.0765719,39.8231075],[-107.076544199,39.8231257],[-107.0765211,39.8231499],[-107.0765061,39.8231813],[-107.076508901,39.8232147000001],[-107.0765245,39.823243],[-107.076526551,39.8232456870001],[-107.0765432,39.8232675],[-107.0765769,39.8232766],[-107.0766069,39.8232923],[-107.076643899,39.8233037000001],[-107.0766839,39.8233055000001],[-107.076728601,39.8233162000001],[-107.0767386,39.8233450000001],[-107.076722401,39.823369601],[-107.0767069,39.8233961],[-107.076730099,39.8234233000001],[-107.0767616,39.8234384],[-107.076794,39.8234575010001],[-107.0768237,39.8234801],[-107.076826401,39.8235153000001],[-107.0768177,39.8235434000001],[-107.076785601,39.823562],[-107.0767557,39.8235804],[-107.0767521,39.8236080990001],[-107.0767302,39.8236304010001],[-107.076699801,39.8236493000001],[-107.0766626,39.8236637000001],[-107.0766354,39.8236819000001],[-107.0765968,39.8236856],[-107.076520118,39.823661196],[-107.076527299,39.823696458],[-107.076535577,39.8237330690001],[-107.076540702,39.823765548],[-107.076548547,39.8237941580001],[-107.076551741,39.8238244840001],[-107.076556877,39.823816622],[-107.076559944,39.823824894],[-107.076562957,39.8238591360001],[-107.076558884,39.823892297],[-107.076467008,39.823977562],[-107.076419007,39.8240277080001],[-107.07640299,39.8240444410001],[-107.07635045,39.824105983],[-107.076317317,39.8241293],[-107.076261334,39.8241770660001],[-107.076220067,39.8241955500001],[-107.076159517,39.8242282160001],[-107.076127184,39.824255416],[-107.076099883,39.824284316],[-107.076074834,39.8243130170001],[-107.076053333,39.824340083],[-107.076032717,39.824367383],[-107.076010383,39.824393183],[-107.075985,39.824417134],[-107.07578535,39.8245474330001],[-107.075751017,39.8245708170001],[-107.0757177,39.824597467],[-107.075630934,39.8245892],[-107.0756002,39.8246134],[-107.075569,39.8246371000001],[-107.0755335,39.8246595000001],[-107.0754999,39.8246787],[-107.075462901,39.8246961],[-107.075423,39.8247111000001],[-107.075381501,39.8247248000001],[-107.0753381,39.8247367000001],[-107.0752936,39.8247506000001],[-107.075249,39.8247616],[-107.0752012,39.824771201],[-107.0751537,39.8247781000001],[-107.0751043,39.8247855000001],[-107.075056901,39.8247947],[-107.0750104,39.8248049000001],[-107.074963099,39.8248166990001],[-107.0749129,39.8248278990001],[-107.074861199,39.8248402],[-107.0748138,39.8248538990001],[-107.0747686,39.8248676000001],[-107.074724501,39.824878901],[-107.0746702,39.8248837],[-107.074608101,39.8249024],[-107.0745551,39.8249233000001],[-107.0745171,39.8249392000001],[-107.0744857,39.8249533000001],[-107.0744498,39.8249695000001],[-107.0744114,39.8249893],[-107.074370299,39.8250125000001],[-107.0743272,39.8250344],[-107.074283099,39.8250603010001],[-107.0742359,39.825089801],[-107.0741669,39.8251212000001],[-107.0741348,39.8251344],[-107.0740723,39.8251473],[-107.0740212,39.8251490000001],[-107.073980501,39.825146101],[-107.0739376,39.825138],[-107.0738971,39.8251139000001],[-107.0738819,39.8250879],[-107.0738541,39.8250618010001],[-107.0738591,39.8250343990001],[-107.073844799,39.8250081990001],[-107.0738078,39.8249968010001],[-107.073770999,39.8249886],[-107.073741,39.8249737],[-107.0737043,39.8249823],[-107.0736806,39.8250062990001],[-107.073640499,39.8249960000001],[-107.0736085,39.8250080990001],[-107.0735871,39.8249856],[-107.0735793,39.8249539010001],[-107.073572899,39.8249259],[-107.0735544,39.8249001],[-107.0735193,39.8249060000001],[-107.0734908,39.8248840000001],[-107.0734555,39.8248721000001],[-107.0734162,39.8248703],[-107.073381101,39.8248751],[-107.073354099,39.8248938],[-107.073319599,39.8249066000001],[-107.073279,39.8249127],[-107.073246801,39.8249246],[-107.0732233,39.8249503000001],[-107.0731877,39.8249519],[-107.0731515,39.8249442000001],[-107.073147671,39.824936704],[-107.073128943,39.824960473],[-107.073086319,39.8249533420001],[-107.073061922,39.8249781810001],[-107.07307201,39.8250085190001],[-107.073049342,39.8250396500001],[-107.073008342,39.825022231],[-107.072972862,39.825014638],[-107.072933658,39.8250326250001],[-107.072906072,39.825009406],[-107.072864927,39.8250167140001],[-107.0728469,39.8249929630001],[-107.072817758,39.824968104],[-107.072830199,39.82493219],[-107.07284373,39.8248936640001],[-107.072864212,39.82486206],[-107.072832123,39.824845888],[-107.072795665,39.824831213],[-107.072755651,39.8248212340001],[-107.072714567,39.8248116870001],[-107.072681561,39.824801376],[-107.072657133,39.8247785830001],[-107.072622087,39.824767362],[-107.072586127,39.824785407],[-107.07254421,39.824790464],[-107.072508583,39.824788744],[-107.072467613,39.8247776220001],[-107.072432943,39.8247642950001],[-107.072398558,39.8247543190001],[-107.072355042,39.8247650550001],[-107.072341432,39.824797129],[-107.072311886,39.8248150110001],[-107.072293898,39.824852881],[-107.072309313,39.8248828800001],[-107.072370511,39.824895649],[-107.072371172,39.824932817],[-107.072354318,39.8249630500001],[-107.072336659,39.8249873950001],[-107.072379169,39.8249821850001],[-107.072426925,39.8250037490001],[-107.072393927,39.825014262],[-107.072457291,39.8250661770001],[-107.072431463,39.8250874080001],[-107.072406602,39.8251138850001],[-107.072444408,39.825120595],[-107.072438966,39.825155613],[-107.072410158,39.825174475],[-107.072402727,39.825206415],[-107.072363147,39.825215174],[-107.072365405,39.8252430950001],[-107.072358434,39.825271032],[-107.072329079,39.825253811],[-107.072292421,39.825282239],[-107.072338042,39.8253007650001],[-107.072313147,39.825323156],[-107.072290449,39.825345063],[-107.072253647,39.825355304],[-107.07223101,39.825378739],[-107.072214495,39.8254077830001],[-107.072190474,39.825429189],[-107.072151033,39.8254476930001],[-107.072128065,39.8254768240001],[-107.072124222,39.8255074470001],[-107.072115345,39.82553927],[-107.072073758,39.8255448290001],[-107.072037338,39.8255463670001],[-107.07199946,39.8255564610001],[-107.071988145,39.825587468],[-107.07197603,39.8256170780001],[-107.07195632,39.825647786],[-107.071943831,39.825662793],[-107.071931077,39.825678118],[-107.071929909,39.8257148870001],[-107.071906347,39.8257427140001],[-107.071884369,39.8257668620001],[-107.071847413,39.825774919],[-107.071814351,39.8257945500001],[-107.071845171,39.8258158410001],[-107.071883318,39.8258185600001],[-107.071894688,39.825855072],[-107.07187767,39.8258888020001],[-107.071917181,39.8258941500001],[-107.071953897,39.825902451],[-107.071996144,39.825891659],[-107.072037111,39.825902032],[-107.072077793,39.825917077],[-107.072078111,39.8259483800001],[-107.072117365,39.8259612740001],[-107.072122709,39.825990898],[-107.072159512,39.8259942620001],[-107.072178566,39.826034388],[-107.072211201,39.8260560630001],[-107.072250945,39.826059942],[-107.072297959,39.826052986],[-107.072261683,39.82606517],[-107.072305335,39.826070305],[-107.072336608,39.826050867],[-107.072374782,39.8260377190001],[-107.072396919,39.826061634],[-107.072439256,39.826042065],[-107.072475487,39.8260435490001],[-107.072486686,39.826080061],[-107.072499944,39.826040963],[-107.072542511,39.8260441630001],[-107.072587149,39.8260444810001],[-107.072612623,39.826018827],[-107.072673257,39.8260165030001],[-107.072716114,39.8260228610001],[-107.072751327,39.8260065160001],[-107.072802768,39.8259897950001],[-107.072968716,39.825915966],[-107.073018315,39.825895438],[-107.073005141,39.825858505],[-107.072987463,39.8258179520001],[-107.072999063,39.8257913940001],[-107.07303427,39.825786764],[-107.073041215,39.825743478],[-107.07307681,39.8257420840001],[-107.073112237,39.825746462],[-107.073133121,39.8257770810001],[-107.07312751,39.8258064620001],[-107.07311555,39.825843493],[-107.073132108,39.825882817],[-107.073103694,39.8259023520001],[-107.073087034,39.8259370710001],[-107.073064538,39.825913219],[-107.073086111,39.825957778],[-107.073125132,39.825974634],[-107.073147489,39.826001117],[-107.073226279,39.8260154220001],[-107.073257207,39.82603276],[-107.073284058,39.826051856],[-107.073317087,39.8260403210001],[-107.073350413,39.8260504670001],[-107.073386477,39.8260633880001],[-107.073426365,39.8260694520001],[-107.073444506,39.8260973180001],[-107.073445804,39.826130075],[-107.073414933,39.826143845],[-107.07336935,39.8261740630001],[-107.073348661,39.8262027700001],[-107.073320899,39.8262227480001],[-107.073293174,39.826257314],[-107.073278328,39.826297863],[-107.073242649,39.8262848680001],[-107.073225893,39.826312907],[-107.073254331,39.826337849],[-107.073254596,39.8263732360001],[-107.073254608,39.826401925],[-107.073223611,39.8263851670001],[-107.073188292,39.8263997190001],[-107.073178355,39.826428236],[-107.073204212,39.8264510280001],[-107.073191564,39.8264780540001],[-107.073161447,39.826499788],[-107.073188165,39.8265215340001],[-107.07340784,39.826579134],[-107.073443278,39.8265736430001],[-107.073494903,39.8265482570001],[-107.073529415,39.826555118],[-107.073554281,39.826534962],[-107.073593098,39.8265203880001],[-107.073629896,39.8265107220001],[-107.073675168,39.8264934100001],[-107.073702871,39.8264707650001],[-107.07373131,39.8264488500001],[-107.073769209,39.8264408310001],[-107.073801612,39.8264280600001],[-107.073843128,39.8264185260001],[-107.073872296,39.8264017760001],[-107.073859039,39.8263748150001],[-107.073867042,39.826347621],[-107.073899594,39.8263218600001],[-107.073908267,39.8262845740001],[-107.073890972,39.8262513430001],[-107.073901004,39.8262222290001],[-107.073945894,39.826206503],[-107.073983602,39.8261896700001],[-107.074024092,39.8261893230001],[-107.074025836,39.8261565700001],[-107.074078801,39.8261282230001],[-107.074052642,39.8260610460001],[-107.074016774,39.8260483070001],[-107.074051926,39.826026455],[-107.074064862,39.825997043],[-107.074115027,39.8260154380001],[-107.074090402,39.8259867510001],[-107.074126746,39.8259618610001],[-107.074159478,39.8259437250001],[-107.074150761,39.8259137860001],[-107.074200886,39.825921641],[-107.074178606,39.825891594],[-107.074215069,39.825879861],[-107.074250923,39.8258671340001],[-107.074277236,39.82584861],[-107.074295741,39.82581829],[-107.074260165,39.8256281210001],[-107.074298695,39.8256076640001],[-107.074320803,39.8256298410001],[-107.074354703,39.8256444360001],[-107.074367691,39.8256781640001],[-107.074411165,39.8256615930001],[-107.074447419,39.8256547440001],[-107.0744424,39.825695728],[-107.074486698,39.8256848930001],[-107.074518675,39.8256599330001],[-107.074560695,39.8256518200001],[-107.074582761,39.825626146],[-107.074603068,39.825598889],[-107.074632203,39.825582576],[-107.074670963,39.825578964],[-107.074705147,39.82555769],[-107.074721587,39.825529299],[-107.074742056,39.825505612],[-107.074778349,39.825493459],[-107.07481013,39.8254763910001],[-107.074835577,39.8254530200001],[-107.074857059,39.825424952],[-107.074887937,39.8254057280001],[-107.074916211,39.825386838],[-107.074944896,39.8253644550001],[-107.074966093,39.8253418900001],[-107.07500129,39.8253504910001],[-107.075036539,39.8253341170001],[-107.075069737,39.8253180230001],[-107.075118161,39.825311851],[-107.07515746,39.8253019860001],[-107.075183372,39.8252766090001],[-107.075203522,39.8252529710001],[-107.075251354,39.8252499050001],[-107.075292802,39.825236487],[-107.075333858,39.825230026],[-107.075383317,39.825208386],[-107.075414765,39.8251940230001],[-107.075465287,39.825199556],[-107.075478054,39.82522615],[-107.075487255,39.825256053],[-107.075509229,39.8252818330001],[-107.075545484,39.825281315],[-107.075581044,39.825288159],[-107.075629529,39.8252936050001],[-107.075664519,39.8253055120001],[-107.075722996,39.825302746],[-107.075756879,39.825289012],[-107.075795525,39.8252772720001],[-107.075830846,39.825263405],[-107.075869274,39.8252586300001],[-107.075902623,39.825242777],[-107.075942796,39.825234315],[-107.075988304,39.825238583],[-107.076027396,39.8252432560001],[-107.076068931,39.82522985],[-107.07611379,39.825233278],[-107.076160962,39.8252393940001],[-107.076200033,39.825230576],[-107.076233252,39.8252135270001],[-107.0762747,39.8252003000001],[-107.076317818,39.825192638],[-107.076351988,39.8251823460001],[-107.076386394,39.8251745000001],[-107.076423159,39.825163574],[-107.076471876,39.8251618950001],[-107.076507734,39.8251744770001],[-107.076540113,39.825194079],[-107.076579856,39.8252049820001],[-107.076615888,39.825219706],[-107.076641093,39.825240369],[-107.076681916,39.825239728],[-107.076720168,39.8252438310001],[-107.076754994,39.825250254],[-107.076796873,39.8252459610001],[-107.076834554,39.825226372],[-107.076870177,39.8252068910001],[-107.076869749,39.825178291],[-107.076904392,39.825163409],[-107.076946759,39.825162979],[-107.076986092,39.8251593690001],[-107.077025471,39.8251538750001],[-107.077049023,39.825129567],[-107.077083277,39.8251426370001],[-107.077119945,39.8251419850001],[-107.077164989,39.825145971],[-107.077207942,39.825146977],[-107.077244315,39.8251401740001],[-107.07727593,39.8251193890001],[-107.077305414,39.825100266],[-107.077340514,39.8250880040001],[-107.077384192,39.825094483],[-107.077428901,39.8251050310001],[-107.077466784,39.8251132780001],[-107.077503271,39.8251002760001],[-107.07754039,39.8251014910001],[-107.077572335,39.82508662],[-107.077599784,39.8250640910001],[-107.077631189,39.825089054],[-107.077652543,39.8250656860001],[-107.077684892,39.825045028],[-107.077725571,39.8250452720001],[-107.077757237,39.8250298040001],[-107.077795411,39.8250200320001],[-107.077830695,39.8250149830001],[-107.077868056,39.8250156650001],[-107.077904775,39.8250297390001],[-107.077932584,39.8250501480001],[-107.077965546,39.8250622410001],[-107.078002406,39.8250793930001],[-107.078044391,39.8250975830001],[-107.07807702,39.825111398],[-107.07811319,39.8251240120001],[-107.078152574,39.825128265],[-107.078198937,39.8251251180001],[-107.078237844,39.825122058],[-107.07827362,39.825125572],[-107.078310119,39.825122736],[-107.078345747,39.8251221040001],[-107.078386506,39.82512532],[-107.078431658,39.825130142],[-107.078473183,39.8251187760001],[-107.078515007,39.8251116320001],[-107.078559068,39.8251046500001],[-107.078605877,39.825110323],[-107.078647075,39.825110663],[-107.078694732,39.8251082730001],[-107.07874334,39.8251066620001],[-107.078795367,39.8250992810001],[-107.078838333,39.8250882890001],[-107.078878313,39.825083583],[-107.0789172,39.825085035],[-107.078953284,39.825081013],[-107.079002363,39.825076005],[-107.079047222,39.825069141],[-107.07908465,39.825073559],[-107.079121047,39.8250684500001],[-107.079163502,39.825062087],[-107.079201084,39.8250550160001],[-107.079236074,39.8250389790001],[-107.079252751,39.8250722350001],[-107.079298833,39.8250601990001],[-107.079339285,39.8250518470001],[-107.079380831,39.825045517],[-107.079426618,39.825035954],[-107.079467807,39.825044791],[-107.079509213,39.8250279370001],[-107.079556275,39.8250257010001],[-107.079597705,39.825025532],[-107.079645191,39.8250304410001],[-107.079692595,39.8250299750001],[-107.079731584,39.825018744],[-107.079767358,39.8250170950001],[-107.079802139,39.8250103330001],[-107.079841048,39.8250173280001],[-107.07987922,39.825030699],[-107.079920899,39.825036245],[-107.079975833,39.825037696],[-107.080023927,39.825047182],[-107.080061274,39.8250558720001],[-107.080102986,39.825067356],[-107.080143675,39.8250719370001],[-107.080172463,39.825088324],[-107.080222466,39.825076354],[-107.080267845,39.8250682450001],[-107.080309321,39.8250786720001],[-107.080351616,39.8250761360001],[-107.080393777,39.825078063],[-107.080426386,39.825063743],[-107.080463223,39.8250537850001],[-107.080523911,39.8250573970001],[-107.080573644,39.825073177],[-107.080617605,39.825076487],[-107.080624308,39.8251053330001],[-107.080632404,39.825139973],[-107.080668647,39.8251474780001],[-107.080712177,39.8251637540001],[-107.080721262,39.8252024390001],[-107.080757169,39.825201824],[-107.080787883,39.825180679],[-107.080828072,39.8251804540001],[-107.080870997,39.8251873930001],[-107.080898593,39.8252048200001],[-107.080937438,39.8252123450001],[-107.080934816,39.8252677070001],[-107.080925883,39.8253017710001],[-107.080949806,39.82532869],[-107.080987305,39.8253514800001],[-107.081031807,39.8253548260001],[-107.081084439,39.8253595850001],[-107.081121981,39.8253734190001],[-107.08115884,39.8253884960001],[-107.081206056,39.8254132380001],[-107.081228417,39.8254436],[-107.081245549,39.8254682730001],[-107.081270116,39.8254888980001],[-107.081283377,39.8255177770001],[-107.081298666,39.8255497160001],[-107.081297056,39.825587624],[-107.081318518,39.8256102280001],[-107.081358983,39.825608935],[-107.081404928,39.825598169],[-107.081438367,39.825588354],[-107.081467837,39.825609989],[-107.081496807,39.825632641],[-107.081537839,39.8256501010001],[-107.081545507,39.825681709],[-107.081559648,39.825710884],[-107.081575557,39.8257460780001],[-107.081564327,39.825775019],[-107.08157901,39.8258152970001],[-107.08155348,39.8258435710001],[-107.081518208,39.825872481],[-107.081492511,39.8259030300001],[-107.081506089,39.825945066],[-107.081466553,39.825927844],[-107.081480885,39.8259586510001],[-107.081491907,39.825993742],[-107.081518083,39.8260138360001],[-107.081491616,39.8260402000001],[-107.081462206,39.826057249],[-107.081449318,39.8260846360001],[-107.081455955,39.826123055],[-107.081452063,39.826150838],[-107.08145474,39.8261857950001],[-107.081413195,39.8261978],[-107.081376622,39.8261955250001],[-107.081330828,39.826193538],[-107.081294956,39.8261934600001],[-107.081267487,39.826217962],[-107.081242707,39.8261977820001],[-107.081206081,39.8261843920001],[-107.081173296,39.826198242],[-107.08114327,39.8261804570001],[-107.08110505,39.826177516],[-107.081063055,39.82617666],[-107.081024464,39.82615084],[-107.0809853,39.82616398],[-107.080964677,39.826194382],[-107.080931708,39.8261823660001],[-107.080904111,39.8261640430001],[-107.08086454,39.8261667310001],[-107.080829251,39.826152768],[-107.080793627,39.8261450590001],[-107.080750031,39.8261385690001],[-107.080710685,39.826146582],[-107.080679447,39.8261277410001],[-107.080639836,39.8260993530001],[-107.080603355,39.8260908030001],[-107.080573279,39.826064672],[-107.080551869,39.8260335000001],[-107.080538965,39.82600531],[-107.08052115,39.8259747980001],[-107.080515907,39.8259399190001],[-107.080512668,39.825909181],[-107.080479372,39.825891488],[-107.080489891,39.825857048],[-107.080480097,39.8258292610001],[-107.080479728,39.82582935],[-107.080452278,39.8258090410001],[-107.080416502,39.8257995800001],[-107.080369677,39.825806846],[-107.080344647,39.8257845150001],[-107.080313726,39.8257674700001],[-107.080276061,39.8257822680001],[-107.080238708,39.8257738040001],[-107.080193889,39.8257827140001],[-107.080158693,39.825773401],[-107.080121954,39.8257643860001],[-107.080084434,39.8257651590001],[-107.080062877,39.825787796],[-107.080024486,39.825800799],[-107.079984796,39.825812555],[-107.079947274,39.8258095740001],[-107.079905564,39.825812952],[-107.079871632,39.825828232],[-107.079833391,39.8258412980001],[-107.079787429,39.825843193],[-107.079770502,39.8258756440001],[-107.079738836,39.825894503],[-107.079705836,39.825905209],[-107.079669752,39.825925424],[-107.079635554,39.8259468530001],[-107.079610466,39.8259675460001],[-107.079581358,39.8259929170001],[-107.079535982,39.825979896],[-107.079497192,39.82598182],[-107.079455336,39.825988409],[-107.079405702,39.8260014150001],[-107.079356558,39.8260007160001],[-107.079326866,39.825979191],[-107.07930376,39.8259545650001],[-107.07926549,39.825962621],[-107.079232197,39.8259772230001],[-107.079183147,39.8259752210001],[-107.079137289,39.8259715470001],[-107.07909722,39.8259926740001],[-107.07904962,39.825999768],[-107.079023457,39.825977585],[-107.078975681,39.8259803130001],[-107.078936679,39.8259614460001],[-107.078897159,39.8259699760001],[-107.078857731,39.825964926],[-107.078820948,39.825949806],[-107.078786186,39.8259708150001],[-107.078776497,39.826000263],[-107.078744807,39.826016915],[-107.078724053,39.826046444],[-107.07869865,39.8260723940001],[-107.078663603,39.826092358],[-107.078632267,39.826110826],[-107.078602189,39.8261334150001],[-107.078588489,39.826169217],[-107.078582304,39.82620888],[-107.078568709,39.8262357340001],[-107.078601407,39.826255686],[-107.078639046,39.826254281],[-107.078656102,39.8262825670001],[-107.078682587,39.826304453],[-107.078721506,39.826300405],[-107.078754865,39.8263209190001],[-107.078796472,39.826337429],[-107.078842926,39.8263513590001],[-107.078836919,39.8263810660001],[-107.07880148,39.8263942510001],[-107.078816698,39.826428191],[-107.078841924,39.8264493500001],[-107.078884671,39.82645505],[-107.078916154,39.82647904],[-107.078953738,39.8264884870001],[-107.078989989,39.826489882],[-107.079011143,39.826513017],[-107.079028268,39.8265381520001],[-107.079047615,39.8265615710001],[-107.079081305,39.8265824690001],[-107.079112671,39.826604151],[-107.079141359,39.826622012],[-107.079161355,39.826655095],[-107.07919332,39.8266762900001],[-107.079234647,39.8266930980001],[-107.079275156,39.826713899],[-107.07930917,39.8267279180001],[-107.079328604,39.826754411],[-107.079340819,39.8267807350001],[-107.079343364,39.8268090540001],[-107.079342473,39.826844285],[-107.079350964,39.8268742290001],[-107.079344256,39.8269027480001],[-107.079312474,39.82691558],[-107.079333763,39.826938318],[-107.079366567,39.826954437],[-107.079362729,39.8269834450001],[-107.079354883,39.827015573],[-107.079385617,39.8270361800001],[-107.079424799,39.827036617],[-107.079432231,39.827069787],[-107.07942982,39.8270989640001],[-107.079448176,39.827125042],[-107.079448208,39.827155717],[-107.079456208,39.8271836010001],[-107.079451334,39.827218214],[-107.079454349,39.8272461990001],[-107.079488459,39.8272639320001],[-107.079526805,39.827285913],[-107.079546405,39.8273184930001],[-107.07956607,39.827341937],[-107.079593462,39.827359663],[-107.079624481,39.827385221],[-107.079648262,39.8274178790001],[-107.079685027,39.827437823],[-107.079711217,39.8274618780001],[-107.079724431,39.8274909630001],[-107.07975537,39.827510311],[-107.079786327,39.8275427790001],[-107.0797978,39.827578187],[-107.079803233,39.8276106320001],[-107.079807037,39.8276397980001],[-107.079831961,39.8276741280001],[-107.079860434,39.8276956460001],[-107.079892876,39.827708048],[-107.079915946,39.8277378560001],[-107.079936977,39.827763754],[-107.079959304,39.8277853430001],[-107.079979561,39.8278138090001],[-107.080012378,39.8278295010001],[-107.080041842,39.827845821],[-107.080076847,39.827864221],[-107.080111757,39.827886821],[-107.080138503,39.8279097120001],[-107.080165842,39.8279287890001],[-107.080193535,39.8279506420001],[-107.080226657,39.8279626390001],[-107.080260721,39.8279747670001],[-107.080290092,39.8279920460001],[-107.080315611,39.828013255],[-107.080349665,39.8280319520001],[-107.080379662,39.8280536830001],[-107.080406594,39.8280810800001],[-107.080425182,39.8281070520001],[-107.080450378,39.828131496],[-107.080481801,39.8281449350001],[-107.080494633,39.8281781090001],[-107.080533832,39.8281922360001],[-107.080579193,39.828207735],[-107.080606435,39.828229068],[-107.08063041,39.8282543220001],[-107.080672808,39.8282650720001],[-107.080702771,39.828285635],[-107.080739148,39.8282957590001],[-107.08078347,39.828310276],[-107.080817011,39.828327556],[-107.080850611,39.828347217],[-107.080877101,39.82837583],[-107.080913311,39.828382048],[-107.080947339,39.8283979490001],[-107.080977367,39.8284204240001],[-107.081015729,39.8284259000001],[-107.081045782,39.828453489],[-107.081077033,39.8284679760001],[-107.081121897,39.828454917],[-107.081161804,39.8284599840001],[-107.08120777,39.828446941],[-107.081250543,39.8284418960001],[-107.08128985,39.828452036],[-107.081327768,39.8284701150001],[-107.081363731,39.828468494],[-107.08140544,39.8284694560001],[-107.081447826,39.828469791],[-107.081485857,39.828470286],[-107.081520184,39.8284805500001],[-107.081559252,39.828458921],[-107.081597435,39.8284541470001],[-107.08163158,39.8284652830001],[-107.081672635,39.828472661],[-107.081719916,39.8284829410001],[-107.081753924,39.82849802],[-107.081795708,39.828506556],[-107.08183753,39.828496339],[-107.081880789,39.828504647],[-107.08192189,39.8285170880001],[-107.081957961,39.82852526],[-107.08199555,39.828518456],[-107.082032905,39.828505568],[-107.082063116,39.828482975],[-107.082104845,39.8284771090001],[-107.082151273,39.8284709340001],[-107.082191363,39.8284698940001],[-107.082228825,39.8284628530001],[-107.082268907,39.828450037],[-107.082306819,39.8284455150001],[-107.082341843,39.8284614140001],[-107.082345116,39.828432476],[-107.082370789,39.8284129630001],[-107.082407644,39.8284075780001],[-107.08244838,39.828400812],[-107.08248355,39.8283819000001],[-107.082473049,39.828349873],[-107.082479667,39.8283206570001],[-107.082515879,39.8283200970001],[-107.082547289,39.8283052530001],[-107.082594951,39.828289114],[-107.082610439,39.828263857],[-107.082648198,39.8282639540001],[-107.082690727,39.8282620300001],[-107.082729728,39.828263495],[-107.082776173,39.8282664430001],[-107.0828162,39.8282613120001],[-107.082854331,39.828273],[-107.082891109,39.8282747060001],[-107.082917402,39.8282557680001],[-107.082955489,39.828254519],[-107.082984858,39.8282328010001],[-107.082996428,39.8282057650001],[-107.083033464,39.8281985620001],[-107.083063617,39.828180096],[-107.083094249,39.8281572320001],[-107.083106984,39.8281283810001],[-107.083141865,39.8281080080001],[-107.083144573,39.8280742970001],[-107.083176655,39.8280584880001],[-107.083204871,39.828083769],[-107.083232178,39.828059867],[-107.083272419,39.8280490670001],[-107.083310307,39.8280508460001],[-107.083342009,39.8280766820001],[-107.083346719,39.8280132450001],[-107.083322564,39.827989331],[-107.083336622,39.8279586460001],[-107.083312083,39.827932328],[-107.083272546,39.8279161070001],[-107.083279461,39.8278754730001],[-107.083314978,39.8278512370001],[-107.083303339,39.8278117460001],[-107.083280278,39.82778111],[-107.083257548,39.8277599080001],[-107.083224195,39.827731724],[-107.083217253,39.8277015830001],[-107.083197343,39.8276764350001],[-107.083157768,39.827675819],[-107.083136015,39.82769878],[-107.083099378,39.8276941340001],[-107.083053419,39.827688665],[-107.083010626,39.8276877860001],[-107.082972225,39.827685812],[-107.082933864,39.8276870380001],[-107.082897089,39.8276959630001],[-107.08286281,39.827703394],[-107.082830601,39.827679695],[-107.082791178,39.8276697410001],[-107.082749268,39.8276685870001],[-107.082709783,39.8276731660001],[-107.082676824,39.827701038],[-107.082629219,39.827714902],[-107.082587923,39.8277326400001],[-107.082565606,39.827756681],[-107.082566395,39.8277899300001],[-107.082539293,39.827813909],[-107.08250453,39.8277907670001],[-107.08246056,39.8277928890001],[-107.082440481,39.8277691550001],[-107.082386333,39.8277542650001],[-107.082339049,39.827769878],[-107.082294324,39.8277493100001],[-107.08227547,39.8277090610001],[-107.082298171,39.827680097],[-107.082327808,39.8276624530001],[-107.082326083,39.8276279020001],[-107.082319333,39.827589534],[-107.082358132,39.8276005870001],[-107.082357949,39.827628142],[-107.082394387,39.8276137610001],[-107.082372335,39.8275900680001],[-107.082386137,39.8275610380001],[-107.0824226,39.8275428850001],[-107.082453812,39.8275278830001],[-107.082486316,39.8275417450001],[-107.082530037,39.8275345550001],[-107.08251666,39.8275075810001],[-107.082523459,39.827476683],[-107.08254886,39.827439095],[-107.082553481,39.8274118050001],[-107.082594519,39.827406968],[-107.082625297,39.827389769],[-107.082636114,39.827359094],[-107.082648751,39.8273290820001],[-107.082653915,39.82729728],[-107.082679364,39.8272758310001],[-107.082728354,39.8272747710001],[-107.082773944,39.8272668170001],[-107.082829836,39.8272741060001],[-107.082878478,39.8272808900001],[-107.082918721,39.827264122],[-107.082958916,39.827259671],[-107.082997962,39.827260541],[-107.083039207,39.827248345],[-107.083049764,39.827221986],[-107.083076801,39.8272040030001],[-107.083103848,39.8271718760001],[-107.0830716,39.827159136],[-107.083029149,39.827139802],[-107.082997571,39.8271100330001],[-107.082958618,39.8270778520001],[-107.083002623,39.8270710720001],[-107.083045268,39.827058509],[-107.083061352,39.8270229730001],[-107.083113946,39.827017772],[-107.083152915,39.827016504],[-107.083200064,39.8270247070001],[-107.083240848,39.8270347490001],[-107.083273776,39.8270460620001],[-107.083312534,39.827035165],[-107.083290794,39.827073473],[-107.083320198,39.827111379],[-107.083348633,39.827129246],[-107.083348035,39.8271568800001],[-107.083424556,39.8271392020001],[-107.083452975,39.827116603],[-107.083502383,39.8270965250001],[-107.083537065,39.827075054],[-107.083583564,39.8270644670001],[-107.08362973,39.827080659],[-107.083653163,39.827054274],[-107.083664273,39.8270210900001],[-107.083654832,39.826992438],[-107.083645996,39.8269601440001],[-107.083670167,39.8269348320001],[-107.083621283,39.826930847],[-107.083646203,39.826909879],[-107.083702699,39.8269105850001],[-107.083738053,39.826934656],[-107.083783581,39.826931255],[-107.08381552,39.826967708],[-107.083848795,39.8269877130001],[-107.083897093,39.827001307],[-107.083922955,39.827020911],[-107.083947507,39.8270476610001],[-107.08397333,39.8270169690001],[-107.084018076,39.827006426],[-107.083979422,39.8269693560001],[-107.084003967,39.8269397080001],[-107.083970078,39.8269173360001],[-107.083944493,39.826896961],[-107.083910104,39.826885368],[-107.083885793,39.8268552980001],[-107.083863671,39.8268322640001],[-107.083827342,39.826801888],[-107.08380948,39.826766257],[-107.083803015,39.8267359760001],[-107.083806261,39.8267048280001],[-107.083823044,39.826675138],[-107.083822482,39.826645308],[-107.083839676,39.826615702],[-107.083937025,39.8265792540001],[-107.08403778,39.826504383],[-107.084025262,39.8265057070001],[-107.083992213,39.8264768220001],[-107.083955654,39.8264777030001],[-107.08392262,39.8264673850001],[-107.08388675,39.826467425],[-107.083869491,39.826437383],[-107.083867359,39.8264063030001],[-107.083817256,39.8264048460001],[-107.083812773,39.8263752390001],[-107.083796762,39.826350044],[-107.083776733,39.82632211],[-107.083756892,39.8262849230001],[-107.083734307,39.8262568060001],[-107.083766543,39.826244317],[-107.083766356,39.8262085750001],[-107.083760671,39.8261810880001],[-107.083748435,39.826155016],[-107.083723041,39.826133553],[-107.083722807,39.8261020510001],[-107.083735414,39.8260605790001],[-107.083741321,39.8260229150001],[-107.08369768,39.826022531],[-107.083660427,39.826027638],[-107.083628478,39.826012744],[-107.08359887,39.8259885000001],[-107.083576095,39.825962399],[-107.083554498,39.8259320710001],[-107.083542692,39.825890594],[-107.083547389,39.825857967],[-107.08351184,39.8258556170001],[-107.08348109,39.8258334770001],[-107.083462033,39.8258048960001],[-107.083436494,39.825784712],[-107.083385256,39.825780369],[-107.083380258,39.825747452],[-107.083418913,39.82573217],[-107.083439828,39.8257070280001],[-107.08346736,39.8256837640001],[-107.083463616,39.8256491380001],[-107.083444917,39.8256224880001],[-107.083449606,39.8255913020001],[-107.083448862,39.8255580640001],[-107.08343956,39.825527299],[-107.083421809,39.825484698],[-107.083415057,39.825454199],[-107.083414369,39.825425947],[-107.083448894,39.8254071870001],[-107.083486419,39.825392053],[-107.083525399,39.825385543],[-107.083491046,39.825376282],[-107.083487671,39.8253420880001],[-107.083487623,39.825313119],[-107.083518409,39.8252959500001],[-107.083531072,39.825254516],[-107.083556184,39.825234019],[-107.083542278,39.8252065230001],[-107.08352475,39.8251751240001],[-107.083535913,39.825139811],[-107.083563745,39.8251182600001],[-107.083589656,39.82509342],[-107.083616318,39.8250751790001],[-107.083663546,39.8250877510001],[-107.083696908,39.8250649980001],[-107.083725083,39.825043926],[-107.083774853,39.8250487350001],[-107.083817538,39.8250570160001],[-107.08385521,39.82505823],[-107.083882562,39.8250379],[-107.083915564,39.8250245070001],[-107.083938063,39.82499599],[-107.083970334,39.824981892],[-107.083948865,39.8249500650001],[-107.083983575,39.8249294660001],[-107.083987119,39.824898569],[-107.083978371,39.8248672980001],[-107.084002996,39.8248360100001],[-107.083993479,39.824804235],[-107.084023686,39.8247777340001],[-107.084045928,39.8247547030001],[-107.084090611,39.8247456450001],[-107.084134491,39.824726621],[-107.084136614,39.82469687],[-107.08410872,39.8246746790001],[-107.084115912,39.8246443420001],[-107.084102315,39.824617824],[-107.084077393,39.8245936540001],[-107.084041599,39.824581148],[-107.084012111,39.8245596260001],[-107.083999956,39.8245327930001],[-107.083979093,39.8244997910001],[-107.083963284,39.8244632710001],[-107.083966139,39.824426729],[-107.083969038,39.8243991690001],[-107.083983703,39.824368952],[-107.084009206,39.8243453740001],[-107.084035025,39.824319314],[-107.08404913,39.8243086800001],[-107.08420172,39.8243599400001],[-107.084628258,39.8246808370001],[-107.084738529,39.824719934],[-107.084774637,39.8247105660001],[-107.084929473,39.8246703980001],[-107.085026101,39.824635635],[-107.085350488,39.824518934],[-107.085576664,39.8245324210001],[-107.085757856,39.8245974650001],[-107.085990679,39.824802951],[-107.086206978,39.8249388420001],[-107.086411074,39.8251480210001],[-107.086483186,39.8251483130001],[-107.086551742,39.8250311240001],[-107.086552834,39.8249310320001],[-107.086569002,39.8243080760001],[-107.086616504,39.8242381090001],[-107.086801818,39.8243011320001],[-107.086814386,39.8243342220001],[-107.086781704,39.8243472510001],[-107.086820813,39.824358859],[-107.086855168,39.824372323],[-107.086890676,39.8243513370001],[-107.086885834,39.8243839630001],[-107.086924199,39.8244739450001],[-107.086990515,39.824487871],[-107.087020969,39.8245039380001],[-107.087023466,39.8246694650001],[-107.087009965,39.824695811],[-107.087016664,39.824724727],[-107.087038493,39.824750491],[-107.087058885,39.8247874800001],[-107.087055318,39.8248184970001],[-107.087102892,39.8248222120001],[-107.087105523,39.8248215350001],[-107.087108991,39.824838974],[-107.087152815,39.8248619880001],[-107.087157977,39.8248938030001],[-107.087140522,39.8249211460001],[-107.087137351,39.824948889],[-107.087120468,39.82497428],[-107.087113927,39.825013492],[-107.087142907,39.8250487450001],[-107.087182632,39.825068749],[-107.087194338,39.8251004300001],[-107.087198861,39.825138016],[-107.087241551,39.825139488],[-107.087279974,39.825143887],[-107.087315837,39.825147434],[-107.087327811,39.825176582],[-107.087363001,39.8251922630001],[-107.087402081,39.825201699],[-107.087443245,39.8252226980001],[-107.087485876,39.8252255020001],[-107.087459551,39.8252580990001],[-107.087481827,39.8252855530001],[-107.087465144,39.825318404],[-107.087489452,39.8253580510001],[-107.087533167,39.825342705],[-107.087565692,39.825327891],[-107.087613956,39.825322059],[-107.087614963,39.825353906],[-107.087664141,39.825364848],[-107.087699588,39.8253538330001],[-107.087700916,39.825389667],[-107.087743408,39.8253810050001],[-107.087775434,39.825399739],[-107.087817751,39.82539953],[-107.087839881,39.825427172],[-107.087903624,39.825411703],[-107.087881401,39.8254373340001],[-107.087854047,39.8254557240001],[-107.087821434,39.825476377],[-107.087787555,39.825485273],[-107.087749247,39.8254972760001],[-107.087711371,39.825506568],[-107.087721117,39.8254798930001],[-107.087509902,39.825618085],[-107.087468594,39.8256292880001],[-107.087483002,39.8256607270001],[-107.087466331,39.8256866360001],[-107.087427302,39.825685762],[-107.087455079,39.825709187],[-107.087449458,39.8257370600001],[-107.087466366,39.8257620840001],[-107.08742619,39.8257782910001],[-107.087418568,39.825802142],[-107.087407159,39.8258111110001],[-107.08742722,39.8258360890001],[-107.087417555,39.8258695420001],[-107.087412071,39.8259000840001],[-107.087457393,39.8259129300001],[-107.087491701,39.825926575],[-107.087535747,39.8259516890001],[-107.087570321,39.8259447670001],[-107.087619753,39.8259312110001],[-107.087645523,39.82595933],[-107.087666928,39.825935197],[-107.087697014,39.825918771],[-107.087721886,39.8258974240001],[-107.087746513,39.825876807],[-107.087769668,39.825855856],[-107.087735272,39.8258372280001],[-107.087718652,39.8258054120001],[-107.087672302,39.8258007330001],[-107.087650029,39.8257731240001],[-107.087665808,39.8257453950001],[-107.087696926,39.8257275710001],[-107.087730394,39.825708607],[-107.087763213,39.8256976920001],[-107.087790003,39.8256788460001],[-107.087817559,39.825659618],[-107.087857154,39.8256639700001],[-107.087893965,39.8256646140001],[-107.087937827,39.825679608],[-107.087953948,39.825708257],[-107.087997839,39.8257352300001],[-107.087980294,39.825759497],[-107.088016266,39.8257756670001],[-107.088080255,39.825819768],[-107.088063456,39.825846697],[-107.088100487,39.8258454690001],[-107.088072182,39.825862715],[-107.088049931,39.825884677],[-107.088015148,39.8258983280001],[-107.087986365,39.825924581],[-107.0879679,39.8259573810001],[-107.088002099,39.8259907620001],[-107.088036757,39.8260042790001],[-107.088076304,39.826007836],[-107.0881097,39.826024348],[-107.088127732,39.8260495740001],[-107.088135091,39.8260174800001],[-107.088171626,39.826010007],[-107.088200524,39.8259935660001],[-107.088225237,39.8259717650001],[-107.088254018,39.8259363940001],[-107.088231989,39.8259133340001],[-107.088246455,39.8258864950001],[-107.088268791,39.8258614390001],[-107.088304267,39.82584796],[-107.088336433,39.825830195],[-107.088367626,39.825810898],[-107.088406587,39.8258136000001],[-107.088444265,39.825827879],[-107.088479623,39.8258433660001],[-107.088519322,39.825861091],[-107.088557031,39.825835682],[-107.088589653,39.825815887],[-107.088633905,39.8257559790001],[-107.088590498,39.8257622940001],[-107.088615393,39.8257377740001],[-107.088592739,39.825713772],[-107.088590767,39.8256819310001],[-107.088569302,39.8256565520001],[-107.088555824,39.8256294130001],[-107.088509345,39.8256248280001],[-107.088472559,39.82560922],[-107.088449891,39.825587877],[-107.088419479,39.8255683090001],[-107.088384666,39.8255610730001],[-107.088363823,39.8255373750001],[-107.088320861,39.825519747],[-107.08829197,39.8255019480001],[-107.088265425,39.82547885],[-107.088241413,39.825453167],[-107.088201948,39.825464621],[-107.088180673,39.825433952],[-107.088162407,39.8254086630001],[-107.088118625,39.8254052770001],[-107.088080954,39.825378207],[-107.0880714,39.8254064540001],[-107.088035809,39.8254035510001],[-107.088003989,39.825374589],[-107.08799729,39.8253420840001],[-107.088042945,39.8253496510001],[-107.088058659,39.825318994],[-107.0880512,39.8252739700001],[-107.088062618,39.825247093],[-107.088045602,39.8252223040001],[-107.088008799,39.825214171],[-107.087994088,39.8251834800001],[-107.088018841,39.8251604390001],[-107.088038953,39.825130959],[-107.08807816,39.82511786],[-107.08810235,39.825096666],[-107.088114151,39.8250605980001],[-107.088127154,39.825032681],[-107.088153581,39.8249990640001],[-107.088186562,39.824973325],[-107.088227729,39.824974185],[-107.088269781,39.8249628350001],[-107.088305556,39.824965966],[-107.088353296,39.8249613850001],[-107.088388537,39.824949078],[-107.088422768,39.8249301910001],[-107.08846781,39.8249242530001],[-107.088500202,39.8249096220001],[-107.08852316,39.8248858170001],[-107.088486348,39.824874031],[-107.088496818,39.824840303],[-107.088473777,39.824809369],[-107.088457642,39.824784487],[-107.088441322,39.824758677],[-107.08842058,39.824726619],[-107.088413742,39.824693251],[-107.088415004,39.8246641760001],[-107.088421654,39.8246347560001],[-107.088434133,39.824603387],[-107.088449538,39.8245762940001],[-107.088467359,39.824541916],[-107.088496779,39.824516918],[-107.088519273,39.8244905],[-107.088533923,39.82445979],[-107.088534925,39.8244281730001],[-107.088540737,39.824396608],[-107.088541707,39.8243673960001],[-107.088559779,39.824337905],[-107.08849532,39.824314069],[-107.088466009,39.824298368],[-107.088431474,39.8242807280001],[-107.088388902,39.824286446],[-107.088356807,39.824306269],[-107.088317179,39.8242959130001],[-107.088282182,39.8243018520001],[-107.0882606,39.824278995],[-107.088248167,39.82425177],[-107.088254951,39.8242174660001],[-107.088497094,39.82410823],[-107.088805188,39.823970343],[-107.089066735,39.8239226790001],[-107.089104091,39.8239236650001],[-107.089143804,39.8239205720001],[-107.089172743,39.823904321],[-107.089206796,39.823889138],[-107.089237199,39.8239088760001],[-107.089276749,39.8239221090001],[-107.089318884,39.8239186760001],[-107.089347865,39.823899275],[-107.089389684,39.823895071],[-107.08943177,39.823886814],[-107.089472722,39.8239001090001],[-107.08952196,39.823896802],[-107.089556927,39.8239054040001],[-107.089594968,39.8239078410001],[-107.089622906,39.823881127],[-107.089657355,39.823860741],[-107.089632773,39.8238339280001],[-107.089593409,39.8238402200001],[-107.089582517,39.8238047570001],[-107.089594479,39.823774024],[-107.089625227,39.8237473900001],[-107.089643876,39.8237225990001],[-107.089655847,39.823721101],[-107.089680246,39.823718049],[-107.08970428,39.8236941980001],[-107.089738375,39.823678977],[-107.08976578,39.82365839],[-107.089785101,39.8236330170001],[-107.089791354,39.8236626080001],[-107.089798976,39.8236336430001],[-107.089765934,39.8236208860001],[-107.089800959,39.8236124040001],[-107.08975885,39.8236076310001],[-107.089753325,39.8235735320001],[-107.089791417,39.823545021],[-107.089829991,39.8235447120001],[-107.089837155,39.823516533],[-107.089830164,39.823488968],[-107.089826816,39.823459266],[-107.089786888,39.823423459],[-107.08973857,39.8234160900001],[-107.089701694,39.8234166300001],[-107.089699498,39.823387252],[-107.089668892,39.8233641350001],[-107.089629879,39.8233608460001],[-107.089574911,39.823326068],[-107.089588583,39.8232982270001],[-107.089608238,39.823273955],[-107.089648081,39.8232543130001],[-107.089666645,39.82322537],[-107.089656597,39.8231882330001],[-107.089663798,39.823159424],[-107.089714865,39.823157141],[-107.089741873,39.8231376160001],[-107.089745062,39.823099363],[-107.089740097,39.823067252],[-107.089713222,39.8230390360001],[-107.089679187,39.823007697],[-107.089691758,39.822972088],[-107.08970992,39.8229464520001],[-107.089719522,39.8229192970001],[-107.089712376,39.822891419],[-107.089706759,39.822857948],[-107.089712662,39.822825692],[-107.089726546,39.8227956580001],[-107.089744435,39.822765077],[-107.089761899,39.8227393020001],[-107.089786712,39.8227054610001],[-107.089825451,39.8227048850001],[-107.089818596,39.8226743440001],[-107.089810072,39.8226433890001],[-107.089784099,39.822611603],[-107.089796102,39.8225833220001],[-107.0898507,39.822558585],[-107.089838178,39.822526156],[-107.089806557,39.822544022],[-107.089825537,39.822509842],[-107.089818081,39.8224797940001],[-107.089781692,39.822474793],[-107.089748509,39.8224623950001],[-107.089732466,39.8224287990001],[-107.089645297,39.822450431],[-107.089607835,39.822432744],[-107.08959869,39.8224033160001],[-107.089603841,39.8223755010001],[-107.089629357,39.8223481810001],[-107.089652596,39.822324274],[-107.089658183,39.822295185],[-107.089681134,39.8222732130001],[-107.089695706,39.8222453160001],[-107.089725096,39.822224185],[-107.089751284,39.822249437],[-107.089767701,39.8222786950001],[-107.089806436,39.822290862],[-107.089839817,39.82230087],[-107.08988014,39.822300736],[-107.089918287,39.8222833030001],[-107.089959018,39.822299845],[-107.089962485,39.822329132],[-107.089946995,39.8223550430001],[-107.089976193,39.8223782050001],[-107.08999567,39.822407867],[-107.090015468,39.8224319350001],[-107.090041144,39.822454029],[-107.090070492,39.8224852910001],[-107.090101986,39.8225040990001],[-107.09012847,39.822479366],[-107.09010901,39.8224472960001],[-107.090096864,39.8224156640001],[-107.090094435,39.822387787],[-107.090232015,39.822261789],[-107.090261272,39.8222507090001],[-107.0902668,39.822256],[-107.0902932,39.8222796000001],[-107.0903031,39.8223127000001],[-107.0903218,39.8223375000001],[-107.090345499,39.8223586],[-107.0903708,39.8223867],[-107.0903889,39.8224122],[-107.090411799,39.8224354000001],[-107.0904317,39.822458699],[-107.0904656,39.8224740000001],[-107.0905012,39.8224775],[-107.0905458,39.8224766000001],[-107.0905835,39.8224605],[-107.0906117,39.8224432000001],[-107.0906486,39.8224253000001],[-107.090680901,39.8224115],[-107.0907143,39.8223967000001],[-107.0907447,39.8223824],[-107.090783899,39.822375299],[-107.0908242,39.8223754000001],[-107.0908627,39.8223856990001],[-107.0909018,39.8223878000001],[-107.0909298,39.8223703],[-107.090939299,39.8223405000001],[-107.090973501,39.8223172],[-107.091009,39.8223194010001],[-107.091033001,39.8222953000001],[-107.091048799,39.822268799],[-107.091090501,39.8222582000001],[-107.0911328,39.8222636],[-107.0911701,39.8222727],[-107.091207001,39.8222836],[-107.0912405,39.8222946000001],[-107.091277401,39.8222945000001],[-107.091317299,39.8222957990001],[-107.0913272,39.8222662000001],[-107.0913411,39.8222397000001],[-107.0913508,39.8222119000001],[-107.0913643,39.8221864000001],[-107.0913764,39.8221554],[-107.0913908,39.8221294000001],[-107.0914087,39.8221011000001],[-107.0914276,39.8220772000001],[-107.091436299,39.822049],[-107.091445699,39.8220192000001],[-107.0914186,39.8219993000001],[-107.091393,39.8219774],[-107.091368099,39.8219576000001],[-107.091344701,39.8219301010001],[-107.091315601,39.8219032000001],[-107.0912848,39.8218859],[-107.0912538,39.8218679],[-107.0912141,39.8218616],[-107.091176,39.8218642000001],[-107.0911399,39.8218703000001],[-107.091104,39.821873],[-107.0910681,39.8218743],[-107.0910295,39.8218729000001],[-107.0909937,39.8218793],[-107.0909613,39.821863799],[-107.090932801,39.8218453000001],[-107.0909015,39.8218311000001],[-107.0908749,39.8218076000001],[-107.090841101,39.8218202],[-107.0908091,39.821836999],[-107.090773399,39.8218503000001],[-107.0907523,39.8218732],[-107.0907174,39.8218800000001],[-107.0906855,39.8218653000001],[-107.0906484,39.8218544000001],[-107.0906174,39.8218377000001],[-107.090578599,39.8218436000001],[-107.0905395,39.8218466000001],[-107.0905048,39.8218642000001],[-107.090461199,39.8218585000001],[-107.090430299,39.8218395000001],[-107.0904138,39.8218138],[-107.09038,39.8217978000001],[-107.090365001,39.8217699],[-107.0903299,39.8217554010001],[-107.0902972,39.8217349],[-107.090301,39.8217057000001],[-107.0902908,39.8216793],[-107.090265999,39.8216572000001],[-107.090225701,39.8216523],[-107.0901961,39.8216336],[-107.090186901,39.8216027],[-107.090192399,39.8215715000001],[-107.090163,39.8215541000001],[-107.090127501,39.8215565],[-107.0900914,39.8215486],[-107.0900547,39.821549599],[-107.090014,39.8215485000001],[-107.0899726,39.8215490000001],[-107.089934,39.8215430000001],[-107.089900099,39.8215326000001],[-107.0898767,39.8215099000001],[-107.089844099,39.8214938],[-107.0898209,39.8214715],[-107.089838301,39.8214458],[-107.089817,39.8214206000001],[-107.0898182,39.8213919],[-107.0898321,39.821365799],[-107.089867799,39.8213624000001],[-107.0898987,39.8213426],[-107.089909,39.821315],[-107.089943,39.821295999],[-107.089974499,39.8212829],[-107.090012199,39.821292],[-107.0900344,39.8213161],[-107.0900749,39.8213181],[-107.0901103,39.8213082],[-107.0901448,39.8212962000001],[-107.090184701,39.8212901000001],[-107.090224099,39.8212997000001],[-107.0902606,39.8213084000001],[-107.090296,39.8213025000001],[-107.0903318,39.8213033000001],[-107.090363,39.82129],[-107.0903851,39.8212666000001],[-107.090371901,39.8212411000001],[-107.0904077,39.8212291],[-107.090447301,39.8212277000001],[-107.090476701,39.8212077000001],[-107.090505399,39.8211887000001],[-107.0905483,39.8211927],[-107.090582,39.8211754000001],[-107.0905937,39.8211483000001],[-107.090597301,39.8211195000001],[-107.0905766,39.8210959],[-107.0905523,39.8210722000001],[-107.0905207,39.8210559],[-107.0904865,39.8210665],[-107.090454,39.8210543000001],[-107.090423399,39.8210686990001],[-107.0903864,39.8210749],[-107.090345301,39.8210834000001],[-107.090304001,39.8210799],[-107.0902729,39.8210616000001],[-107.090242799,39.8210428],[-107.090219201,39.8210186000001],[-107.090187301,39.8210011],[-107.0901534,39.8209729000001],[-107.0901224,39.8209501000001],[-107.0900971,39.8209232],[-107.090070399,39.820904],[-107.0900492,39.8208807],[-107.090021899,39.820859],[-107.089983,39.8208499],[-107.0899432,39.8208414000001],[-107.0899053,39.8208376000001],[-107.0898599,39.8208369000001],[-107.0898221,39.8208385],[-107.089781901,39.8208413],[-107.0897457,39.8208375],[-107.089711599,39.8208260010001],[-107.0896761,39.8208232010001],[-107.089640401,39.8208161000001],[-107.0896037,39.8208312],[-107.0895638,39.8208237000001],[-107.089546,39.820795],[-107.0895236,39.8207734010001],[-107.089488799,39.8207602000001],[-107.089449099,39.8207611],[-107.0894111,39.8207511000001],[-107.0893835,39.8207301],[-107.0893595,39.8207083990001],[-107.0893353,39.8206802],[-107.089311201,39.8206584000001],[-107.0892924,39.8206318000001],[-107.0892721,39.8206051000001],[-107.0892484,39.8205824],[-107.0892159,39.8205689000001],[-107.0891758,39.8205615000001],[-107.089138001,39.8205760000001],[-107.0891173,39.8205995000001],[-107.089089,39.8206293000001],[-107.0890565,39.8206476],[-107.0890202,39.8206416],[-107.088985,39.8206308000001],[-107.088944,39.8206295000001],[-107.0889039,39.8206319000001],[-107.088863999,39.8206335],[-107.088825299,39.8206255000001],[-107.0887935,39.8206076000001],[-107.0888059,39.8205754000001],[-107.0888275,39.8205520000001],[-107.0888218,39.8205153010001],[-107.0888024,39.8204904],[-107.088790301,39.8204636],[-107.088765,39.8204422000001],[-107.0887303,39.8204254],[-107.0886932,39.8204159000001],[-107.0886526,39.8204203000001],[-107.088616499,39.820434],[-107.0885739,39.8204387000001],[-107.0885366,39.8204449],[-107.0885002,39.8204379000001],[-107.0884572,39.8204323],[-107.088420899,39.8204279],[-107.0883797,39.8204288000001],[-107.0883608,39.8204534000001],[-107.0883368,39.820474001],[-107.0883047,39.8204931000001],[-107.088264999,39.8204911],[-107.0882277,39.8204912],[-107.088199599,39.8204705000001],[-107.0881869,39.8204419],[-107.088187999,39.8204126000001],[-107.0881689,39.8203893],[-107.0881523,39.8203647],[-107.088157,39.8203366990001],[-107.088138601,39.8203094],[-107.088112001,39.8202830000001],[-107.0881157,39.8202554000001],[-107.088117899,39.8202274000001],[-107.0880895,39.8202059000001],[-107.0880892,39.8201737000001],[-107.0880781,39.8201439000001],[-107.0880598,39.8201194000001],[-107.0880518,39.8200924000001],[-107.088014599,39.8200810000001],[-107.0879905,39.820060299],[-107.087980901,39.8200332000001],[-107.0879837,39.8200019000001],[-107.0879493,39.819984],[-107.087921299,39.8199659000001],[-107.087891899,39.8199455000001],[-107.0878565,39.8199290000001],[-107.087819599,39.8199216],[-107.0878215,39.819892801],[-107.087835299,39.8198648000001],[-107.0878338,39.8198349],[-107.087822801,39.8198080000001],[-107.0877982,39.8197859000001],[-107.0877638,39.8197733000001],[-107.0877315,39.8197616],[-107.0877014,39.8197444],[-107.087665899,39.8197322],[-107.0876318,39.8197228990001],[-107.0875918,39.8197328000001],[-107.087552701,39.8197450000001],[-107.0875079,39.8197516000001],[-107.087488,39.8197776000001],[-107.0874489,39.8197828],[-107.0874141,39.8197687000001],[-107.0873747,39.8197684],[-107.087352299,39.8197446990001],[-107.087318,39.819736],[-107.0872829,39.8197306000001],[-107.087234499,39.8197231],[-107.0871904,39.8197226010001],[-107.087151,39.8197344000001],[-107.0871259,39.8197582000001],[-107.087113901,39.8197869000001],[-107.0870861,39.8198105000001],[-107.087057,39.8198295990001],[-107.0870219,39.8198433000001],[-107.086990499,39.8198585000001],[-107.0869626,39.819882201],[-107.0869291,39.8198998],[-107.0868934,39.8199070000001],[-107.086858599,39.8199205000001],[-107.086822501,39.8199440000001],[-107.0867874,39.819963],[-107.0867541,39.8199751000001],[-107.086715801,39.8199873],[-107.0866819,39.8199976000001],[-107.0866517,39.8200129000001],[-107.08657025,39.820117866],[-107.086558617,39.8201464840001],[-107.086597501,39.8201971],[-107.086599454,39.8202288850001],[-107.086599701,39.8202329000001],[-107.0865741,39.820257799],[-107.0865388,39.8202436990001],[-107.0865089,39.8202278000001],[-107.086474299,39.8202092990001],[-107.0864361,39.8201946],[-107.086401699,39.8201869000001],[-107.086360301,39.8201790000001],[-107.086327,39.8201588000001],[-107.0862905,39.8201538010001],[-107.0862562,39.8201401000001],[-107.086226201,39.8201207010001],[-107.0861948,39.8201027000001],[-107.0861602,39.8200914000001],[-107.0861247,39.8200845000001],[-107.086087901,39.8200779000001],[-107.0860545,39.8200659],[-107.0860219,39.820050501],[-107.0859821,39.8200316],[-107.085941501,39.8200149],[-107.085904501,39.8199963000001],[-107.0858786,39.8199758000001],[-107.0858495,39.8199513000001],[-107.085828599,39.8199272000001],[-107.0858005,39.8199075000001],[-107.0857697,39.8198898000001],[-107.085738499,39.8198715],[-107.0857132,39.8198505],[-107.085686301,39.819825],[-107.0856655,39.8198019000001],[-107.085641301,39.8197811000001],[-107.0856186,39.8197597990001],[-107.0855904,39.8197420000001],[-107.085554,39.8197294],[-107.0855153,39.8197152000001],[-107.0854796,39.8197056010001],[-107.0854454,39.8196974000001],[-107.0854245,39.8197197000001],[-107.085386,39.8197185000001],[-107.0853464,39.8197139000001],[-107.085310299,39.8197129000001],[-107.085274701,39.8197144000001],[-107.0852326,39.8197178],[-107.085191399,39.8197166],[-107.0851482,39.819713301],[-107.0851092,39.8197118000001],[-107.085068299,39.8197099000001],[-107.0850311,39.8197069010001],[-107.0849917,39.8196979000001],[-107.0849537,39.8196828000001],[-107.0849194,39.8196719000001],[-107.0848726,39.8196586],[-107.0848357,39.8196424000001],[-107.0848005,39.8196314],[-107.0847678,39.8196198000001],[-107.084730401,39.8196001000001],[-107.0847602,39.8196152],[-107.084741599,39.8195913000001],[-107.0847071,39.8195636],[-107.0846794,39.8195387000001],[-107.0846512,39.8195176990001],[-107.0846158,39.8194985000001],[-107.0845821,39.819483],[-107.084543,39.8194825],[-107.0845043,39.8194759],[-107.0844776,39.8194528000001],[-107.0844505,39.8194299],[-107.084434,39.8194031],[-107.0844161,39.8193694],[-107.084395501,39.819342701],[-107.0843794,39.8193142000001],[-107.084359,39.819283],[-107.084338501,39.8192541000001],[-107.084316799,39.8192294],[-107.0842998,39.8191987000001],[-107.0842917,39.819169],[-107.084281901,39.8191421000001],[-107.084273,39.8191117000001],[-107.0842613,39.8190842000001],[-107.0842491,39.8190566000001],[-107.0842388,39.8190243000001],[-107.0842223,39.8189938],[-107.0842087,39.818965399],[-107.0841906,39.8189361],[-107.0841814,39.8189094000001],[-107.0841752,39.8188820010001],[-107.0841711,39.8188466],[-107.084167,39.8188184000001],[-107.0841661,39.8187903990001],[-107.084151401,39.818764],[-107.084156199,39.8187324],[-107.0841714,39.8187048010001],[-107.084195801,39.8186804000001],[-107.0842042,39.8186465000001],[-107.0842203,39.8186218000001],[-107.0842311,39.8185951],[-107.084239601,39.8185667000001],[-107.084261,39.8185431000001],[-107.0842842,39.8185189000001],[-107.0843116,39.8184926000001],[-107.0843336,39.8184675000001],[-107.0843613,39.8184486000001],[-107.084394499,39.818427],[-107.0844206,39.8184076000001],[-107.0844433,39.8183838],[-107.0844476,39.8183563000001],[-107.0844618,39.8183233],[-107.0844423,39.8182988],[-107.0844171,39.8182719000001],[-107.084384,39.8182608000001],[-107.084358499,39.818239701],[-107.0843257,39.8182265],[-107.0843096,39.8181970000001],[-107.0842889,39.8181712000001],[-107.0842669,39.8181451],[-107.084235201,39.8181241],[-107.0841965,39.8181062],[-107.0841599,39.8180924000001],[-107.0841202,39.8180905],[-107.0841028,39.8181173],[-107.084085001,39.8181433],[-107.0840565,39.8181618],[-107.0840215,39.8181677000001],[-107.0839862,39.8181746000001],[-107.0839506,39.8181716],[-107.0839157,39.818163199],[-107.0838747,39.8181536000001],[-107.083841801,39.8181342],[-107.083818401,39.8181131010001],[-107.0837856,39.8180987000001],[-107.083747,39.8180833000001],[-107.083710499,39.8180955010001],[-107.083684299,39.8181149000001],[-107.0836587,39.8181368],[-107.083624001,39.8181461],[-107.0835868,39.8181402000001],[-107.0835512,39.8181612000001],[-107.083515299,39.8181579000001],[-107.083479101,39.8181523000001],[-107.083436599,39.8181456],[-107.083399,39.8181486990001],[-107.083363901,39.8181628],[-107.083326901,39.8181622000001],[-107.0832951,39.8181475000001],[-107.0832612,39.818138],[-107.083220599,39.818131199],[-107.0831815,39.8181345],[-107.083147301,39.8181459],[-107.083124201,39.8181685000001],[-107.0830975,39.8181905000001],[-107.0831013,39.8182189],[-107.0830903,39.818248],[-107.0830625,39.8182707],[-107.0830521,39.8183000010001],[-107.083022101,39.8183246],[-107.083021201,39.8183252010001],[-107.0830171,39.8183363000001],[-107.082985101,39.8183495000001],[-107.082980699,39.8183776000001],[-107.0829958,39.8184044000001],[-107.0830182,39.8184316000001],[-107.083025201,39.8184600000001],[-107.0830321,39.8184879],[-107.0830512,39.818513899],[-107.0830318,39.8185374],[-107.0829996,39.8185498],[-107.0829751,39.8185707000001],[-107.0829551,39.8185991],[-107.08292,39.8186107000001],[-107.0828977,39.8186343],[-107.0828774,39.8186581000001],[-107.0828417,39.8186600010001],[-107.0828137,39.8186824000001],[-107.0827805,39.818698801],[-107.0827469,39.8187183000001],[-107.0827073,39.8187211000001],[-107.0826607,39.8187273010001],[-107.082624,39.8187256000001],[-107.0825802,39.818728999],[-107.0825527,39.8187108990001],[-107.082518501,39.8186921000001],[-107.0824835,39.8186833],[-107.0824472,39.8186866],[-107.0824128,39.818673201],[-107.0823736,39.8186515],[-107.0823541,39.8186228000001],[-107.0823577,39.8185946],[-107.0823532,39.8185668],[-107.082347,39.8185363000001],[-107.0823665,39.8185115000001],[-107.0823764,39.8184806],[-107.0823875,39.8184528],[-107.0824015,39.8184254000001],[-107.082382499,39.8184006000001],[-107.0823625,39.818370099],[-107.082349101,39.8183428],[-107.0823315,39.8183136000001],[-107.082313899,39.8182893000001],[-107.0823007,39.8182634],[-107.082300199,39.8182322000001],[-107.082294499,39.8182026010001],[-107.082258401,39.8181865],[-107.082226299,39.8181724],[-107.082193399,39.8181587],[-107.0821627,39.8181406],[-107.0821295,39.8181225000001],[-107.0821032,39.8181014],[-107.082079901,39.8180729000001],[-107.082058,39.8180467010001],[-107.0820305,39.818025101],[-107.0820024,39.8179994000001],[-107.0819818,39.8179769000001],[-107.0819626,39.8179527],[-107.0819461,39.8179266000001],[-107.0819319,39.8179000000001],[-107.081918299,39.8178738],[-107.0819301,39.8178455990001],[-107.081935401,39.817817301],[-107.0819542,39.8177911000001],[-107.081970599,39.8177628],[-107.081981599,39.8177331000001],[-107.081989201,39.8177041010001],[-107.0819991,39.8176764],[-107.0819993,39.8176488],[-107.0819987,39.8176164990001],[-107.0819947,39.8175891000001],[-107.0819956,39.8175590000001],[-107.0819817,39.8175326],[-107.081981301,39.8175025],[-107.0819514,39.8174858],[-107.0819298,39.8174629000001],[-107.0819092,39.8174403],[-107.081889401,39.8174125],[-107.081870099,39.8173883000001],[-107.0818493,39.8173615000001],[-107.0818246,39.8173417],[-107.0817973,39.8173235990001],[-107.0817617,39.8173181000001],[-107.0817249,39.8173089000001],[-107.0816837,39.8173079000001],[-107.0816585,39.817283301],[-107.0816239,39.8172740000001],[-107.0816057,39.8172473010001],[-107.0815789,39.8172261010001],[-107.081553399,39.817205701],[-107.0815243,39.8171846990001],[-107.0814985,39.8171630000001],[-107.0814791,39.8171387],[-107.0814609,39.8171136990001],[-107.0814421,39.8170894],[-107.0814183,39.8170646],[-107.0814008,39.8170365],[-107.0813874,39.8170089010001],[-107.0813844,39.8169806000001],[-107.0813746,39.8169520000001],[-107.0813861,39.8169247000001],[-107.0813867,39.8168964000001],[-107.0813762,39.8168671],[-107.0813651,39.8168404],[-107.0813487,39.8168133],[-107.0813194,39.8167953000001],[-107.081292801,39.8167762],[-107.0812563,39.8167646000001],[-107.0812192,39.8167647000001],[-107.0811793,39.8167634000001],[-107.081146901,39.8167445],[-107.0811211,39.816721],[-107.0811127,39.816694199],[-107.0811064,39.8166665000001],[-107.0811092,39.8166369],[-107.0811034,39.8166066000001],[-107.081069099,39.8165890000001],[-107.081045801,39.816611101],[-107.0810344,39.8166182000001],[-107.0810315,39.816590101],[-107.0810061,39.816565],[-107.080979,39.8165459000001],[-107.0809482,39.8165272000001],[-107.080914601,39.8165177000001],[-107.0808779,39.816510201],[-107.080842599,39.816493301],[-107.0808272,39.8164682],[-107.0808438,39.8164419],[-107.0808765,39.8164276000001],[-107.0808966,39.8164037000001],[-107.0808879,39.8163737],[-107.0808751,39.8163469990001],[-107.080860999,39.8163213],[-107.0808445,39.8162914000001],[-107.0808596,39.8162619],[-107.0808703,39.8162355000001],[-107.0808528,39.8162077000001],[-107.0808311,39.8161825010001],[-107.0808102,39.8161591],[-107.0807854,39.8161344000001],[-107.0807637,39.8161115],[-107.0807398,39.8160897000001],[-107.0807172,39.8160633000001],[-107.080698701,39.8160334990001],[-107.080679601,39.8160077000001],[-107.0806624,39.8159819000001],[-107.080645,39.81595],[-107.080638203,39.8159482950001],[-107.0806099,39.8159412000001],[-107.0805803,39.8159166],[-107.0805744,39.8158819000001],[-107.0805549,39.815857001],[-107.0805494,39.8158292000001],[-107.080531099,39.8157996],[-107.080498701,39.8157878000001],[-107.0804615,39.8157901000001],[-107.0804294,39.8158052000001],[-107.0803925,39.8158127],[-107.0803547,39.8158131000001],[-107.0803539,39.8158148000001],[-107.080317299,39.8158231],[-107.0802831,39.8158313000001],[-107.080238099,39.8158406000001],[-107.080201601,39.8158383000001],[-107.0801718,39.8158224000001],[-107.0801366,39.8158270000001],[-107.080106699,39.8158100000001],[-107.0800809,39.8157844],[-107.0800458,39.8157741000001],[-107.0800096,39.8157711000001],[-107.079972501,39.8157614],[-107.0799448,39.8157397000001],[-107.079941,39.8157104000001],[-107.079938101,39.8156821000001],[-107.079923599,39.8156551000001],[-107.079907299,39.815629701],[-107.0798899,39.8155979000001],[-107.0798763,39.8155712010001],[-107.0798744,39.8155420000001],[-107.0798793,39.8155103],[-107.0798621,39.815485999],[-107.0798339,39.8154678010001],[-107.0797986,39.815477],[-107.0797733,39.8154972],[-107.0797398,39.8155105000001],[-107.0797094,39.8155249000001],[-107.079693,39.8155505],[-107.0796581,39.8155594],[-107.079621001,39.8155694000001],[-107.0795829,39.8155677],[-107.0795463,39.8155642],[-107.079505201,39.8155583000001],[-107.079477799,39.8155398000001],[-107.0794532,39.8155159],[-107.0794424,39.8154870000001],[-107.079426001,39.8154626],[-107.079398,39.8154445000001],[-107.079399,39.8154129000001],[-107.079361301,39.8153989],[-107.079326,39.8153942000001],[-107.0792907,39.8153994],[-107.079252701,39.8154008000001],[-107.0792172,39.81541],[-107.0791971,39.8154338000001],[-107.0791668,39.8154510000001],[-107.0791464,39.8154743000001],[-107.0791193,39.8154978000001],[-107.079098,39.8155275],[-107.0790976,39.8155563990001],[-107.079090201,39.8155847],[-107.079051299,39.8155909000001],[-107.0790127,39.8155873000001],[-107.078971,39.815592],[-107.0789314,39.815588],[-107.078909601,39.8155635000001],[-107.0789042,39.8155359],[-107.078867899,39.8155328],[-107.0788366,39.8155482990001],[-107.0788051,39.8155612],[-107.078768,39.8155644],[-107.078742699,39.815541399],[-107.078722,39.8155189],[-107.0787117,39.8154910000001],[-107.0786852,39.815465499],[-107.0786572,39.8154474],[-107.0786207,39.8154434],[-107.0785804,39.8154375],[-107.0785539,39.8154184000001],[-107.078550499,39.8153862],[-107.078536,39.8153603000001],[-107.0785008,39.8153409000001],[-107.078464099,39.815344601],[-107.0784295,39.8153540010001],[-107.0784028,39.8153737000001],[-107.0783861,39.8153987000001],[-107.0783513,39.8154047],[-107.0783148,39.815394799],[-107.0782784,39.8153827990001],[-107.0782468,39.8153686000001],[-107.0782132,39.8153514000001],[-107.0781726,39.8153329],[-107.0781352,39.8153262000001],[-107.0780966,39.8153249000001],[-107.078059501,39.8153384],[-107.0780244,39.8153635],[-107.0780298,39.8153941],[-107.078036499,39.8154225000001],[-107.0780413,39.8154575],[-107.0780579,39.8154845],[-107.0780887,39.8155026000001],[-107.078089,39.8155349990001],[-107.078055599,39.8155466010001],[-107.0780166,39.8155569],[-107.0779782,39.815565],[-107.0779434,39.8155808000001],[-107.077928499,39.8156067990001],[-107.0779228,39.8156351000001],[-107.077915801,39.8156659000001],[-107.0778903,39.8156919],[-107.0779046,39.8157204],[-107.077924601,39.8157448000001],[-107.0779383,39.8157711000001],[-107.07793,39.8158016],[-107.077899201,39.8158262000001],[-107.0779079,39.8158535000001],[-107.0778927,39.8158813000001],[-107.077857,39.8158819000001],[-107.077822799,39.8158729],[-107.077786,39.8158600990001],[-107.077748299,39.815859],[-107.0777152,39.8158761],[-107.0776754,39.8158824000001],[-107.0776408,39.815873201],[-107.077606499,39.815858],[-107.077571099,39.8158428],[-107.077535801,39.8158334],[-107.077504,39.8158157010001],[-107.077472499,39.8158287000001],[-107.0774366,39.815826701],[-107.0773994,39.8158344],[-107.0773635,39.8158233],[-107.0773228,39.8158227000001],[-107.0772837,39.8158226],[-107.077248099,39.8158253],[-107.0772295,39.8158015000001],[-107.077226199,39.8157723],[-107.0772241,39.8157427],[-107.0772251,39.8157147000001],[-107.0772294,39.815686],[-107.0772252,39.8156584000001],[-107.0772411,39.8156335],[-107.077250599,39.8156050000001],[-107.0772486,39.8155756],[-107.0772336,39.8155507000001],[-107.0772116,39.8155256000001],[-107.077188401,39.8155013000001],[-107.0771605,39.8154809000001],[-107.077132499,39.8154556000001],[-107.0771148,39.8154309000001],[-107.077089699,39.8154091000001],[-107.0770777,39.8153813000001],[-107.077042901,39.8153701000001],[-107.0770166,39.8153512000001],[-107.0770113,39.815324],[-107.0769962,39.8152979000001],[-107.0769942,39.8152666],[-107.0770043,39.8152332000001],[-107.0770036,39.8152026000001],[-107.0770177,39.8151728],[-107.0770288,39.8151454000001],[-107.0770311,39.8151169000001],[-107.0770255,39.8150881],[-107.0770262,39.8150554000001],[-107.0770249,39.8150246000001],[-107.0770142,39.8149929],[-107.077016601,39.8149635010001],[-107.077004401,39.8149368000001],[-107.0769878,39.8149101000001],[-107.076963701,39.8148883000001],[-107.0769311,39.814868],[-107.0768943,39.8148596],[-107.0768663,39.8148416000001],[-107.076845199,39.8148135000001],[-107.076810601,39.8148051000001],[-107.076774901,39.8147948000001],[-107.0767359,39.8147750000001],[-107.0766973,39.8147745000001],[-107.0766595,39.814783],[-107.0766238,39.8147889000001],[-107.0765992,39.8148142000001],[-107.0765927,39.8148423000001],[-107.076595,39.8148736000001],[-107.076568,39.8148927],[-107.0765724,39.8149203],[-107.076589899,39.8149443],[-107.0766111,39.8149665],[-107.0766142,39.8149989],[-107.0766119,39.8150277010001],[-107.0766231,39.8150541000001],[-107.076636799,39.8150807000001],[-107.0766264,39.8151086],[-107.076624701,39.8151375],[-107.076642,39.8151673],[-107.0766619,39.8151922000001],[-107.076657601,39.8152207000001],[-107.076632001,39.8152419],[-107.0765935,39.8152441],[-107.076495333,39.815267217],[-107.076459434,39.815283917],[-107.076441084,39.8153078],[-107.0763516,39.8152775],[-107.0763099,39.8152663990001],[-107.0762715,39.8152522],[-107.076258487,39.815249871],[-107.0762363,39.8152459],[-107.0762003,39.8152439],[-107.076160099,39.8152448000001],[-107.0761176,39.815236799],[-107.076084,39.8152126000001],[-107.0760901,39.8151747000001],[-107.076062799,39.8151569990001],[-107.0760227,39.8151402],[-107.075995758,39.81513697],[-107.075980201,39.8151542000001],[-107.0759951,39.8151887000001],[-107.0760069,39.8152180000001],[-107.0760328,39.8152376],[-107.076058,39.815264701],[-107.0760974,39.8152629000001],[-107.076075199,39.8152849000001],[-107.0760399,39.815275899],[-107.0760131,39.8152967],[-107.0760307,39.8153223],[-107.076007,39.8153459000001],[-107.0759647,39.8153420990001],[-107.075937299,39.8153632],[-107.0759068,39.8153808000001],[-107.0758715,39.8153986],[-107.075855499,39.8154284],[-107.0758801,39.8154511000001],[-107.0759065,39.8154710000001],[-107.075939,39.8154848],[-107.075978001,39.8154906],[-107.0759803,39.8154942],[-107.0759848,39.8154949],[-107.0760148,39.8155136],[-107.076043801,39.8155312000001],[-107.076070967,39.815536943],[-107.076080701,39.8155390000001],[-107.0761263,39.8155382],[-107.0761633,39.8155433000001],[-107.0761717,39.8155735],[-107.0761796,39.8156030000001],[-107.0762123,39.8156223],[-107.076249701,39.8156333000001],[-107.076287499,39.8156467000001],[-107.0763015,39.8156720010001],[-107.076311701,39.8156994],[-107.076325,39.8157257],[-107.0763281,39.815755],[-107.0763259,39.8157854],[-107.076318,39.8158137],[-107.076297901,39.8158448990001],[-107.0762783,39.8158725000001],[-107.076250899,39.8158927000001],[-107.076221099,39.8159107990001],[-107.0761922,39.8159347000001],[-107.0761707,39.8159594000001],[-107.0761592,39.8159857000001],[-107.076139901,39.8160093000001],[-107.0761175,39.8160357],[-107.0761227,39.816063801],[-107.076154,39.8160782],[-107.0761786,39.8161036000001],[-107.0761941,39.8161347000001],[-107.076205,39.8161663990001],[-107.0761981,39.8161936010001],[-107.0761906,39.8162245],[-107.076160801,39.816244],[-107.0761383,39.8162661010001],[-107.0761298,39.8162978],[-107.0761096,39.8163205000001],[-107.0760735,39.8163287990001],[-107.0760501,39.8163076000001],[-107.076018201,39.8162932000001],[-107.0760069,39.816266001],[-107.075984601,39.8162422010001],[-107.0759483,39.8162463],[-107.075929099,39.8162781],[-107.075929,39.816312199],[-107.075888,39.8163172000001],[-107.0758498,39.8163059],[-107.0758108,39.8163084],[-107.075810001,39.8163393],[-107.0758325,39.8163683000001],[-107.0758411,39.8163968000001],[-107.0758346,39.8164305],[-107.075828299,39.8164591],[-107.075807101,39.8164814],[-107.0758089,39.8165146000001],[-107.075821799,39.8165403],[-107.075832099,39.8165741],[-107.075841601,39.8166017],[-107.0758345,39.8166318],[-107.0758029,39.8166463000001],[-107.0757656,39.8166560000001],[-107.075732701,39.8166350000001],[-107.075706599,39.8166148],[-107.0756771,39.8165940000001],[-107.0756511,39.816573599],[-107.0756212,39.816556699],[-107.0755803,39.8165540000001],[-107.0755455,39.8165681],[-107.0755118,39.8165837000001],[-107.0754944,39.8166093],[-107.0754786,39.8166347000001],[-107.0754412,39.8166393000001],[-107.0754138,39.8166639],[-107.075421,39.816693],[-107.0754232,39.8167209000001],[-107.0754165,39.8167521],[-107.075422399,39.8167814],[-107.075409799,39.816808101],[-107.0754132,39.8168393],[-107.075426999,39.8168725],[-107.0754134,39.816901],[-107.0753943,39.8169259000001],[-107.0753721,39.8169499000001],[-107.075359301,39.8169777000001],[-107.0753369,39.8170065],[-107.075306,39.8170220010001],[-107.0752679,39.8170355],[-107.0752477,39.8170596000001],[-107.0752298,39.8170909],[-107.075229299,39.8171202],[-107.075237399,39.8171474000001],[-107.0752214,39.8171766],[-107.0752276,39.8172041],[-107.0752267,39.8172319],[-107.0752128,39.8172626],[-107.0752087,39.8172903],[-107.0751985,39.8173196000001],[-107.075186699,39.817349499],[-107.075165999,39.817372699],[-107.075176399,39.8174052000001],[-107.0751714,39.8174330000001],[-107.0751657,39.8174658],[-107.0751614,39.8174935000001],[-107.075145399,39.8175267],[-107.075126899,39.8175508],[-107.075116,39.8175771000001],[-107.075149,39.8175988],[-107.0751674,39.8176262000001],[-107.0751963,39.8176444000001],[-107.0752398,39.8176266],[-107.0752617,39.8176037000001],[-107.0752882,39.8175836],[-107.0753279,39.8175810000001],[-107.075349699,39.8176033],[-107.075386399,39.8176175],[-107.0754265,39.8176050000001],[-107.0754692,39.8176020000001],[-107.075507,39.8175884990001],[-107.0755387,39.817574001],[-107.0755724,39.8175836],[-107.0755947,39.8176056],[-107.0756322,39.8176036],[-107.075655001,39.8175824],[-107.0756742,39.8175549000001],[-107.075696301,39.8175245],[-107.0757225,39.8175034000001],[-107.075758601,39.8175063990001],[-107.075793599,39.8175152000001],[-107.0758157,39.8174919000001],[-107.075849401,39.8174758000001],[-107.075892401,39.8174693],[-107.0758929,39.8174765000001],[-107.075930801,39.8174701990001],[-107.0759519,39.8174935000001],[-107.0759777,39.8175203000001],[-107.0760141,39.8175261000001],[-107.076054599,39.8175371],[-107.076077099,39.8175585000001],[-107.0761024,39.8175782010001],[-107.076126899,39.8176029000001],[-107.0761628,39.8176044000001],[-107.0761988,39.8176058990001],[-107.0762377,39.817613399],[-107.0762809,39.8176108000001],[-107.076319399,39.8176042000001],[-107.076355501,39.817619],[-107.076384601,39.8176405990001],[-107.0764198,39.8176557],[-107.076455701,39.817668199],[-107.0764895,39.8176812],[-107.0765224,39.8176937000001],[-107.0765551,39.8177077],[-107.076586699,39.8177287],[-107.0766176,39.8177475000001],[-107.076655299,39.8177571000001],[-107.076693699,39.8177587000001],[-107.076718099,39.8177800990001],[-107.0767243,39.8178087000001],[-107.076715801,39.8178359],[-107.076706599,39.8178683],[-107.0767111,39.8178956],[-107.076695899,39.8179222000001],[-107.076677399,39.8179471],[-107.0766749,39.8179756000001],[-107.076659899,39.8180009000001],[-107.0766439,39.8180259000001],[-107.076640499,39.818055701],[-107.076637801,39.8180836000001],[-107.0766262,39.8181131000001],[-107.0766002,39.818132301],[-107.0765691,39.818154301],[-107.076541101,39.8181804000001],[-107.0765053,39.818191101],[-107.0764801,39.8182130010001],[-107.0764419,39.8182196000001],[-107.076407801,39.8182310990001],[-107.076372,39.8182363000001],[-107.0763375,39.8182484000001],[-107.0763089,39.8182728],[-107.0763081,39.8183005000001],[-107.076316101,39.8183305000001],[-107.0763244,39.8183612],[-107.076309801,39.8183897000001],[-107.0762775,39.818412601],[-107.0762426,39.8184326000001],[-107.0762171,39.8184629],[-107.0762098,39.8184908000001],[-107.0761979,39.8185209000001],[-107.076210401,39.8185575000001],[-107.0762187,39.8185844000001],[-107.076235701,39.8186086000001],[-107.0762411,39.8186389000001],[-107.076249801,39.8186670000001],[-107.0762489,39.8186996000001],[-107.076251199,39.818735299],[-107.0762472,39.8187644000001],[-107.076240301,39.8187931000001],[-107.076241601,39.8188227000001],[-107.0762571,39.8188491000001],[-107.0762604,39.8188793],[-107.076284501,39.818908901],[-107.0762861,39.8189411000001],[-107.0763057,39.8189679000001],[-107.076335299,39.8189902],[-107.0763725,39.8189933],[-107.0764108,39.8189889000001],[-107.076430199,39.8190134990001],[-107.0764569,39.8190387010001],[-107.0764952,39.819058],[-107.076515501,39.8190822],[-107.0765444,39.8191024000001],[-107.0765801,39.8191053],[-107.0766137,39.819127],[-107.0766233,39.8191536],[-107.076627301,39.8191873000001],[-107.076618,39.8192178],[-107.0765908,39.8192450010001],[-107.0765693,39.8192669000001],[-107.0765457,39.8192906],[-107.076534699,39.8193178000001],[-107.0765563,39.8193472],[-107.076584199,39.8193672],[-107.0765788,39.8193979000001],[-107.076563701,39.8194270000001],[-107.076519699,39.8194340000001],[-107.0764839,39.8194393000001],[-107.076445701,39.8194370000001],[-107.0764128,39.8194530000001],[-107.076401699,39.8194825],[-107.076359901,39.8194761990001],[-107.076323799,39.819483],[-107.076301701,39.8195107000001],[-107.076272901,39.8195282],[-107.076244599,39.8195491000001],[-107.0762181,39.8195679],[-107.0761956,39.8195912],[-107.0761631,39.8196088],[-107.0761303,39.8195844000001],[-107.0761106,39.819560799],[-107.0760797,39.8195373],[-107.0760623,39.8195069000001],[-107.0760431,39.8194803000001],[-107.076016799,39.8194607],[-107.0759868,39.8194313000001],[-107.0759664,39.8194074990001],[-107.0759443,39.8193789000001],[-107.0759418,39.8193497],[-107.07593,39.8193228010001],[-107.0759046,39.819298899],[-107.0758668,39.8192788000001],[-107.075830499,39.8192690000001],[-107.0757953,39.8192564],[-107.0757629,39.819239499],[-107.075725,39.819221499],[-107.0756972,39.8191992000001],[-107.0756655,39.8191779000001],[-107.075630399,39.8191719000001],[-107.0755901,39.8191838000001],[-107.0755563,39.8191969000001],[-107.0755414,39.819228201],[-107.075547899,39.819265],[-107.075546899,39.8192940000001],[-107.0755405,39.8193246000001],[-107.0755406,39.8193522],[-107.0755537,39.8193819000001],[-107.075560801,39.8194125000001],[-107.0755475,39.8194416000001],[-107.0755423,39.8194707000001],[-107.0755508,39.8194974],[-107.0755589,39.8195247],[-107.0755364,39.8195534000001],[-107.075513099,39.819581],[-107.0755221,39.8196094],[-107.0755134,39.8196421000001],[-107.0754942,39.8196683],[-107.0754564,39.8196907000001],[-107.0754225,39.8197028000001],[-107.075383599,39.8197158],[-107.075350899,39.819728501],[-107.0753104,39.8197356000001],[-107.075284899,39.8197615],[-107.0752665,39.8197857000001],[-107.0752421,39.8198149],[-107.0752237,39.8198416000001],[-107.0752094,39.8198691000001],[-107.075191099,39.8198954000001],[-107.0751666,39.8199177000001],[-107.075138,39.819942],[-107.0751153,39.8199660000001],[-107.075086901,39.8199857000001],[-107.0750509,39.8200027],[-107.075011999,39.8200149],[-107.074970699,39.8200206000001],[-107.0749345,39.8200235],[-107.0748896,39.8200200000001],[-107.0748555,39.8200105000001],[-107.0748316,39.8199871],[-107.0748257,39.8199518000001],[-107.074822048,39.8199311110001],[-107.0748126,39.8199562],[-107.074785999,39.8199804010001],[-107.074750299,39.8199926],[-107.074715701,39.8200113],[-107.074676199,39.8200152000001],[-107.0746261,39.820014401],[-107.0745862,39.8200195000001],[-107.074545299,39.8200168000001],[-107.0745081,39.820014601],[-107.0744669,39.820014701],[-107.0744262,39.8200160010001],[-107.0743902,39.8200173000001],[-107.0743483,39.8200194],[-107.074307799,39.8200175000001],[-107.0742701,39.8200208010001],[-107.0742322,39.8200222],[-107.074214011,39.820019191],[-107.0741917,39.8200155000001],[-107.074173786,39.8200072870001],[-107.0741678,39.8199877000001],[-107.074155201,39.819961],[-107.0741577,39.8199318000001],[-107.0741554,39.8199014],[-107.0741271,39.819882799],[-107.074080599,39.8198899000001],[-107.0740446,39.8199016],[-107.074008,39.8198911000001],[-107.0739736,39.8198790000001],[-107.073938,39.8198589],[-107.0739167,39.8198338],[-107.0739014,39.8198074000001],[-107.073880799,39.8197845],[-107.0738504,39.8197685000001],[-107.0738187,39.8197549000001],[-107.0737886,39.819736999],[-107.073769501,39.8197122],[-107.0737381,39.8196986],[-107.0736996,39.8196943],[-107.073681901,39.8196639000001],[-107.0736448,39.8196712000001],[-107.073608701,39.8196510000001],[-107.0735801,39.819628799],[-107.0735466,39.8196150000001],[-107.073516199,39.8196007000001],[-107.0735063,39.819574],[-107.0734753,39.8195593],[-107.0734452,39.819540799],[-107.0734267,39.8195168],[-107.0733927,39.819505399],[-107.0733893,39.8194768000001],[-107.0733899,39.819446901],[-107.073360599,39.8194250000001],[-107.0733373,39.8194037000001],[-107.073311799,39.8193833],[-107.0732922,39.8193593],[-107.073258201,39.8193319000001],[-107.073263701,39.8193045],[-107.073239499,39.8192832],[-107.073213701,39.8192629000001],[-107.0731756,39.8192533000001],[-107.0731502,39.8192320000001],[-107.0731239,39.8192100000001],[-107.0731183,39.8191803],[-107.0731029,39.8191550000001],[-107.0730687,39.8191382000001],[-107.073037,39.8191222],[-107.0730116,39.8191002],[-107.0729873,39.8190750000001],[-107.0729587,39.8190559990001],[-107.0729296,39.8190369000001],[-107.0729107,39.8190136000001],[-107.0728763,39.8190028000001],[-107.072853801,39.818977299],[-107.072828,39.8189555000001],[-107.0728206,39.818927],[-107.0727802,39.8189291],[-107.072745,39.8189172],[-107.072716,39.8188988000001],[-107.0726998,39.8188740000001],[-107.0727023,39.8188460000001],[-107.0726982,39.8188185000001],[-107.0726629,39.8188317],[-107.0726435,39.8188602000001],[-107.0726173,39.8188895000001],[-107.0725942,39.8189112000001],[-107.072559201,39.818926199],[-107.0725249,39.8189338],[-107.072491601,39.8189225],[-107.072471201,39.8188978000001],[-107.072442899,39.8188778000001],[-107.072412899,39.8188610990001],[-107.0724041,39.8188335],[-107.072375701,39.8188167000001],[-107.0723404,39.8188119000001],[-107.0723084,39.8187976],[-107.0722669,39.8187987000001],[-107.072227599,39.818793499],[-107.0721987,39.8187765000001],[-107.0721636,39.818767301],[-107.0721269,39.8187543990001],[-107.072106199,39.8187310000001],[-107.0720845,39.8187067000001],[-107.0720766,39.8186793],[-107.072079301,39.8186509000001],[-107.0720773,39.8186228000001],[-107.072076999,39.8186226],[-107.071997846,39.8185660140001],[-107.072151469,39.8184756470001],[-107.072172651,39.818444893],[-107.072187752,39.8184249760001],[-107.072214513,39.818386784],[-107.072226644,39.818366504],[-107.072241594,39.818341509],[-107.072265274,39.818305019],[-107.072283873,39.8182798820001],[-107.072766965,39.8177761210001],[-107.072801537,39.8177521980001],[-107.07285466,39.8177016400001],[-107.072887,39.8176678200001],[-107.072920142,39.8176391710001],[-107.07295169,39.817606105],[-107.072982701,39.817576022],[-107.073019814,39.817546222],[-107.07306155,39.8175189130001],[-107.073116019,39.81749803],[-107.073148999,39.8174855930001],[-107.073205918,39.8174683460001],[-107.073243746,39.8174361480001],[-107.073272715,39.8174100100001],[-107.07331204,39.8173744810001],[-107.073323356,39.8173410860001],[-107.073335166,39.817311767],[-107.073367841,39.817282784],[-107.07341098,39.817259495],[-107.073461635,39.8172258770001],[-107.073488922,39.817196729],[-107.073524589,39.817168354],[-107.073567979,39.8171369310001],[-107.073623796,39.817103365],[-107.073678365,39.81706841],[-107.073704384,39.8170491820001],[-107.073911602,39.816860418],[-107.073951268,39.8168194350001],[-107.073992654,39.816792159],[-107.074041486,39.816763215],[-107.074096248,39.8167325900001],[-107.074145992,39.8166931850001],[-107.074196242,39.8166569860001],[-107.07424448,39.816621759],[-107.074291371,39.81658409],[-107.074338677,39.816555211],[-107.074388176,39.816526179],[-107.074435855,39.8164980670001],[-107.074464813,39.816480799],[-107.074501231,39.8164649],[-107.074545269,39.8164287320001],[-107.07458913,39.8164067590001],[-107.074630386,39.816370154],[-107.074661265,39.816329205],[-107.074699282,39.8162892],[-107.074720248,39.816266124],[-107.074739658,39.816242693],[-107.07477575,39.816197415],[-107.074803919,39.8161700150001],[-107.074833739,39.8161524080001],[-107.074863712,39.8161282500001],[-107.07489611,39.8161006450001],[-107.074944588,39.816082142],[-107.074964149,39.816051971],[-107.074992724,39.8160281620001],[-107.075021317,39.816004465],[-107.075052078,39.8159812430001],[-107.07508428,39.815955063],[-107.075118302,39.815924297],[-107.0751536,39.8158885020001],[-107.075179692,39.8158595880001],[-107.075209481,39.8158203680001],[-107.075242196,39.8157781100001],[-107.075267251,39.81574263],[-107.075287884,39.815707215],[-107.075306401,39.815674603],[-107.075322564,39.815629814],[-107.075328903,39.815583084],[-107.075334321,39.8155513670001],[-107.075341158,39.8155220990001],[-107.075357435,39.815477693],[-107.075371516,39.815428932],[-107.075380074,39.815395557],[-107.075389469,39.815360454],[-107.075398841,39.815326401],[-107.075411604,39.81529699],[-107.075415329,39.815265374],[-107.075424644,39.8152324810001],[-107.075432013,39.815197776],[-107.075442892,39.8151635],[-107.075442035,39.8151265340001],[-107.075449367,39.815091265],[-107.075454898,39.815056783],[-107.075455346,39.815019846],[-107.075457412,39.814986752],[-107.075458058,39.8149564660001],[-107.075457449,39.8149284260001],[-107.075455551,39.814882846],[-107.075448227,39.8148437580001],[-107.075447776,39.8148117690001],[-107.075714238,39.814560751],[-107.075748387,39.8145358200001],[-107.075781512,39.814513274],[-107.075830218,39.814484072],[-107.075870273,39.814455437],[-107.075908269,39.8144302490001],[-107.075953077,39.8143978470001],[-107.075991613,39.8143617430001],[-107.076028883,39.8143344630001],[-107.076084586,39.814303501],[-107.076124156,39.8143010970001],[-107.076135074,39.8142740920001],[-107.076173383,39.8142503],[-107.076201975,39.814233233],[-107.076240891,39.814209249],[-107.076282268,39.8141834460001],[-107.076331779,39.8141562340001],[-107.07638677,39.814129344],[-107.076416004,39.8141128030001],[-107.076459007,39.8140878350001],[-107.076500181,39.814057205],[-107.076544829,39.814022407],[-107.076576682,39.8140054560001],[-107.076611615,39.8139918620001],[-107.076647953,39.8139854630001],[-107.076684584,39.813974096],[-107.076715913,39.8139597730001],[-107.076746956,39.8139408800001],[-107.076787744,39.8139193540001],[-107.076827914,39.813896744],[-107.076867083,39.813878763],[-107.076903603,39.813869072],[-107.07693986,39.813855538],[-107.076973448,39.813838995],[-107.077018992,39.8138142940001],[-107.07706318,39.8137915670001],[-107.077091879,39.8137749690001],[-107.077121089,39.8137568340001],[-107.07714859,39.8137352420001],[-107.077177165,39.813703242],[-107.077211283,39.813670991],[-107.077252328,39.81364282],[-107.077286455,39.8136174530001],[-107.077337835,39.813583796],[-107.077394688,39.8135414110001],[-107.077456572,39.8134986580001],[-107.077517967,39.8134631140001],[-107.077568435,39.8134251970001],[-107.077618393,39.8134021880001],[-107.077660239,39.8133783870001],[-107.077692079,39.813354573],[-107.077746177,39.813324116],[-107.0777777,39.8133116380001],[-107.077819213,39.813294001],[-107.07786751,39.813271012],[-107.077916303,39.8132431990001],[-107.077962198,39.8132250720001],[-107.078005405,39.8131981070001],[-107.078057113,39.813174153],[-107.078116052,39.813150073],[-107.078173379,39.813115586],[-107.078210762,39.8131015340001],[-107.078263747,39.813078804],[-107.078594878,39.8129815730001],[-107.078629082,39.813001996],[-107.078657573,39.813018518],[-107.078687965,39.813035588],[-107.078719313,39.813054154],[-107.078767437,39.813092344],[-107.078819921,39.8131243610001],[-107.078873323,39.8131577730001],[-107.078904402,39.8131737090001],[-107.078935224,39.813192622],[-107.078993788,39.813209714],[-107.079037721,39.813206967],[-107.079080865,39.8132129190001],[-107.079093621,39.8132035630001],[-107.0791155,39.8131738100001],[-107.079151797,39.813124918],[-107.0791833,39.8131001340001],[-107.079218078,39.813080325],[-107.079250074,39.813061799],[-107.07928329,39.8130440750001],[-107.079320373,39.813026903],[-107.079360358,39.8130084590001],[-107.079401591,39.812989584],[-107.079445855,39.8129746170001],[-107.0794907,39.8129551170001],[-107.079530015,39.8129364070001],[-107.079558538,39.8129141220001],[-107.079572769,39.812887684],[-107.079592498,39.8128372950001],[-107.079607318,39.812811235],[-107.079629637,39.8127886600001],[-107.079658003,39.812766514],[-107.079693618,39.812747347],[-107.079734758,39.812730093],[-107.079781096,39.8127134910001],[-107.079822397,39.8127021870001],[-107.079863569,39.8126863360001],[-107.079904168,39.812675319],[-107.079936837,39.8126635150001],[-107.079970821,39.812654063],[-107.080036935,39.812636873],[-107.080100368,39.812627465],[-107.0801594,39.812625229],[-107.080227757,39.812629504],[-107.080264359,39.812630142],[-107.080309317,39.8126302260001],[-107.080354495,39.812623638],[-107.080405089,39.812605811],[-107.080453146,39.8125838810001],[-107.080498903,39.8125560760001],[-107.08054737,39.812528768],[-107.080595165,39.8125015730001],[-107.080641745,39.8124760910001],[-107.080689192,39.812452535],[-107.080735707,39.8124294630001],[-107.080781917,39.8124136700001],[-107.08082923,39.8123960770001],[-107.080874672,39.8123771950001],[-107.080925351,39.812356245],[-107.080973386,39.812342782],[-107.081023305,39.812326221],[-107.081072354,39.8123099220001],[-107.081123976,39.812294453],[-107.081173611,39.8122805410001],[-107.081219923,39.812266671],[-107.08126817,39.8122545140001],[-107.081314839,39.812241376],[-107.081351349,39.812229232],[-107.081393907,39.812231877],[-107.081438764,39.812252603],[-107.081493877,39.8122695340001],[-107.081506199,39.8123065300001],[-107.081512039,39.812342711],[-107.081511305,39.812393317],[-107.081515187,39.812448682],[-107.08153196,39.8125065340001],[-107.081551657,39.8125620160001],[-107.081578965,39.8126182400001],[-107.081612399,39.8126740020001],[-107.081655049,39.812727652],[-107.081703595,39.812778392],[-107.081760433,39.8128300880001],[-107.08181555,39.812883835],[-107.081872066,39.8129336700001],[-107.081920418,39.812992288],[-107.081970899,39.8130357220001],[-107.082021623,39.8130784050001],[-107.082071999,39.813124202],[-107.082120502,39.8131660000001],[-107.082172544,39.813210386],[-107.082218422,39.8132582320001],[-107.082267266,39.8133092840001],[-107.082310948,39.8133618430001],[-107.082350489,39.813414628],[-107.082385401,39.813469033],[-107.082426373,39.8135249380001],[-107.082467254,39.81358629],[-107.082501339,39.813642132],[-107.082536769,39.8137019800001],[-107.082576274,39.813755546],[-107.082620905,39.8138080030001],[-107.082671901,39.8138600510001],[-107.08272842,39.8139061030001],[-107.082783777,39.813952984],[-107.082828016,39.813997956],[-107.082866325,39.8140426840001],[-107.082886516,39.8140931680001],[-107.082894572,39.8141410920001],[-107.082900624,39.81419126],[-107.082897896,39.814238312],[-107.082899027,39.814285897],[-107.082904023,39.8143328360001],[-107.082918272,39.8143770570001],[-107.08293659,39.8144199710001],[-107.082963761,39.81445926],[-107.08299459,39.8144962110001],[-107.08302846,39.8145358690001],[-107.083066065,39.8145723430001],[-107.083098201,39.814608347],[-107.083124598,39.814641384],[-107.083149232,39.814673499],[-107.083170682,39.8147041610001],[-107.08319381,39.8147336150001],[-107.083219599,39.814765693],[-107.08324617,39.814800174],[-107.083277704,39.8148373700001],[-107.083313769,39.8148760620001],[-107.083352862,39.814916624],[-107.083394219,39.814960619],[-107.083440772,39.815003845],[-107.083484558,39.8150476280001],[-107.083530412,39.8150831460001],[-107.083580652,39.815115652],[-107.083640397,39.815145102],[-107.083708524,39.8151697160001],[-107.083783276,39.815188531],[-107.08385779,39.815212081],[-107.083934061,39.815236358],[-107.084013669,39.8152587980001],[-107.08409363,39.8152859740001],[-107.084161704,39.8153176060001],[-107.084219991,39.815352648],[-107.084275929,39.815388935],[-107.084336822,39.8154207520001],[-107.084396406,39.8154458130001],[-107.084449112,39.815477183],[-107.084500055,39.815502102],[-107.08455365,39.815527881],[-107.084608569,39.8155545120001],[-107.084670391,39.8155845100001],[-107.084736221,39.8156121700001],[-107.084791251,39.8156454730001],[-107.084838879,39.815682543],[-107.084894321,39.8157170900001],[-107.084956655,39.815744947],[-107.085028751,39.8157739170001],[-107.085105725,39.8157977860001],[-107.085184299,39.8158132780001],[-107.085254529,39.8158171970001],[-107.085325226,39.8158139280001],[-107.085393789,39.8158057810001],[-107.085470071,39.815790522],[-107.085548818,39.8157668910001],[-107.085614094,39.8157386170001],[-107.085674943,39.8157103980001],[-107.085742083,39.8156863770001],[-107.085811503,39.8156688810001],[-107.085887828,39.8156572820001],[-107.085964119,39.815649713],[-107.086034763,39.815646536],[-107.086097574,39.8156473540001],[-107.086161994,39.8156558530001],[-107.086226224,39.815664348],[-107.086289665,39.8156727850001],[-107.086348863,39.8156875980001],[-107.086407073,39.815705011],[-107.08646598,39.8157236260001],[-107.086529122,39.8157414930001],[-107.086589501,39.8157564430001],[-107.086654853,39.81577092],[-107.086722748,39.8157860920001],[-107.086793651,39.8157985660001],[-107.086866706,39.8158116340001],[-107.086942867,39.8158259080001],[-107.087017339,39.8158371420001],[-107.087091431,39.8158567350001],[-107.087163106,39.815872922],[-107.087237335,39.8158856750001],[-107.087311254,39.8158980000001],[-107.087387795,39.8159155450001],[-107.087462971,39.8159335870001],[-107.087538131,39.8159459550001],[-107.08761093,39.8159654770001],[-107.087692447,39.815988098],[-107.087768767,39.816017017],[-107.087835874,39.816048381],[-107.08790099,39.816080959],[-107.087968809,39.816112445],[-107.088029973,39.816142315],[-107.088089216,39.8161789120001],[-107.08814014,39.8162108980001],[-107.088187304,39.8162445300001],[-107.088233144,39.816277572],[-107.08827502,39.8163085],[-107.088311607,39.8163387870001],[-107.088344019,39.816365069],[-107.088381047,39.816380709],[-107.088418797,39.8164002520001],[-107.088473069,39.8164232710001],[-107.088538119,39.8164416130001],[-107.088614102,39.816445534],[-107.08870128,39.8164395310001],[-107.088799051,39.8164244550001],[-107.08889492,39.8164037240001],[-107.088967904,39.816390545],[-107.089036441,39.816373721],[-107.089091168,39.816371432],[-107.089155285,39.816366698],[-107.089222729,39.8163708100001],[-107.089294098,39.8163781330001],[-107.089367445,39.816385644],[-107.08943507,39.816395137],[-107.089500304,39.816399215],[-107.089562002,39.816402945],[-107.089625214,39.816410755],[-107.089696201,39.816423566],[-107.089778166,39.8164403960001],[-107.089856515,39.8164599030001],[-107.089926919,39.816480621],[-107.089970329,39.816494764],[-107.090047546,39.8165245120001],[-107.090106233,39.8165525000001],[-107.090157586,39.816587037],[-107.090204915,39.8166271220001],[-107.090257022,39.816658476],[-107.090292381,39.816697263],[-107.090325835,39.8167404070001],[-107.090363981,39.816787705],[-107.09041824,39.816826382],[-107.090478615,39.8168570780001],[-107.090542799,39.816886864],[-107.090609513,39.8169149600001],[-107.090680055,39.816931421],[-107.090755343,39.816938212],[-107.090822012,39.816948805],[-107.090851292,39.8169561720001],[-107.090897514,39.816967801],[-107.090970041,39.8169888510001],[-107.09103535,39.817010257],[-107.091055245,39.817018121],[-107.091103031,39.817037011],[-107.091172904,39.8170649],[-107.091236875,39.8170945100001],[-107.091300163,39.81712622],[-107.091362396,39.8171556780001],[-107.091412911,39.8171750430001],[-107.09142608,39.8171800910001],[-107.091494859,39.817198956],[-107.091567644,39.817217638],[-107.091640165,39.8172340670001],[-107.091715375,39.817247228],[-107.091788349,39.817258603],[-107.091866073,39.8172564380001],[-107.091939859,39.817249336],[-107.092014587,39.8172384010001],[-107.092078936,39.8172215640001],[-107.092133163,39.817204609],[-107.092137201,39.817203347],[-107.092196968,39.817185957],[-107.092258654,39.8171690820001],[-107.092327112,39.817153557],[-107.092397673,39.8171481270001],[-107.092462655,39.817154541],[-107.092526221,39.817170262],[-107.092594507,39.817187162],[-107.092655986,39.817211511],[-107.0927112,39.8172369540001],[-107.092717293,39.8172398950001],[-107.092766311,39.817263557],[-107.0928199,39.81728745],[-107.092874104,39.817305327],[-107.092929799,39.817316712],[-107.092992129,39.8173180810001],[-107.09305854,39.8173072270001],[-107.093117519,39.8172889520001],[-107.09318781,39.8172745750001],[-107.093249554,39.8172523760001],[-107.093313287,39.8172318270001],[-107.093382308,39.8172039080001],[-107.093454041,39.817180082],[-107.093526013,39.8171580260001],[-107.093596631,39.8171356280001],[-107.093665436,39.817113824],[-107.093733463,39.817091858],[-107.0937983,39.817073758],[-107.093861598,39.81706268],[-107.093917533,39.81705613],[-107.093922751,39.8170555190001],[-107.093926279,39.8170555310001],[-107.093987228,39.8170557390001],[-107.09405482,39.8170567380001],[-107.094082249,39.817057199],[-107.094122468,39.817057876],[-107.094191584,39.817059774],[-107.094259707,39.8170674410001],[-107.094328381,39.817076269],[-107.094390439,39.8170846090001],[-107.094451992,39.8171009000001],[-107.094514062,39.817120054],[-107.09457467,39.8171359340001],[-107.094638597,39.817148273],[-107.094695243,39.8171591390001],[-107.094754701,39.817179573],[-107.094805913,39.817197069],[-107.094847574,39.817210926],[-107.094848277,39.8172111910001],[-107.094893269,39.8172281540001],[-107.094941158,39.8172438030001],[-107.094988051,39.81726107],[-107.095033445,39.8172731660001],[-107.095077746,39.8172930170001],[-107.095124088,39.8173111360001],[-107.095171196,39.8173311790001],[-107.095220862,39.8173504420001],[-107.095270697,39.817365706],[-107.095319291,39.817386566],[-107.095368533,39.81740796],[-107.095417125,39.817430249],[-107.095459246,39.817449417],[-107.095501208,39.817465041],[-107.095543958,39.817482827],[-107.095583914,39.817502125],[-107.095625869,39.8175199500001],[-107.095668113,39.8175376190001],[-107.095695492,39.8175478490001],[-107.095712162,39.8175540780001],[-107.095749475,39.817572097],[-107.095790169,39.817591092],[-107.095838838,39.81761513],[-107.095890374,39.8176352790001],[-107.09593685,39.8176549950001],[-107.095983828,39.8176738060001],[-107.096026922,39.817694825],[-107.09607243,39.8177137920001],[-107.09612467,39.8177279120001],[-107.096176205,39.8177441190001],[-107.096229164,39.817756955],[-107.096261445,39.817768534],[-107.096277398,39.8177742560001],[-107.096323584,39.8177880170001],[-107.096375194,39.8177976810001],[-107.096427359,39.817807723],[-107.096474906,39.8178109030001],[-107.0965264,39.817813035],[-107.096569542,39.8178107270001],[-107.096621869,39.8178114880001],[-107.096679682,39.8178161210001],[-107.096736362,39.8178205890001],[-107.096788208,39.8178326350001],[-107.096836572,39.8178440450001],[-107.096891959,39.817855036],[-107.096947367,39.8178718660001],[-107.097003081,39.8178863910001],[-107.097052967,39.8178950020001],[-107.097096061,39.817903469],[-107.097135243,39.817913339],[-107.09717625,39.8179227050001],[-107.097221982,39.8179206890001],[-107.097281467,39.817925652],[-107.097347468,39.817944482],[-107.097412854,39.8179594710001],[-107.097484093,39.8179762120001],[-107.097559666,39.8179875110001],[-107.097640154,39.817993062],[-107.097716745,39.817983999],[-107.097792457,39.817970964],[-107.097858799,39.817953925],[-107.097914058,39.8179207050001],[-107.097956491,39.8178828920001],[-107.097983243,39.817831717],[-107.097992252,39.8177708970001],[-107.097982605,39.8177175180001],[-107.097971137,39.817684958],[-107.097948827,39.817622848],[-107.097936947,39.817573118],[-107.097924384,39.8175184730001],[-107.097911036,39.817461166],[-107.097899553,39.8174016410001],[-107.097892485,39.81734235],[-107.097880831,39.8172836480001],[-107.097870552,39.817236173],[-107.097861624,39.8171941430001],[-107.097857478,39.81715645],[-107.097860847,39.8171262870001],[-107.09788922,39.8170771650001],[-107.097919868,39.8170507950001],[-107.097958302,39.81703179],[-107.097959392,39.8170313860001],[-107.09800029,39.8170162530001],[-107.098036499,39.817005398],[-107.098084902,39.81700169],[-107.098124726,39.8169990690001],[-107.098171146,39.816999894],[-107.098208567,39.8170028920001],[-107.098274049,39.8170128610001],[-107.098313534,39.817020836],[-107.09835352,39.81703215],[-107.098380891,39.817042459],[-107.098396413,39.8170483050001],[-107.098439719,39.817062332],[-107.098486419,39.8170800020001],[-107.098536697,39.817098926],[-107.098589394,39.8171185370001],[-107.098590446,39.8171189290001],[-107.098641441,39.8171389780001],[-107.098685404,39.8171613470001],[-107.098725967,39.817186115],[-107.098742464,39.8171955770001],[-107.098765114,39.8172085680001],[-107.098804664,39.8172329940001],[-107.098845649,39.817258565],[-107.09888892,39.81728063],[-107.098941871,39.817300549],[-107.09899526,39.817319389],[-107.099045507,39.8173346670001],[-107.099046248,39.8173348930001],[-107.099090659,39.8173483940001],[-107.099136041,39.817360351],[-107.099144281,39.817361986],[-107.099180331,39.81736914],[-107.099232588,39.8173800960001],[-107.099284682,39.8173896220001],[-107.099339999,39.8173979910001],[-107.099394249,39.8174059840001],[-107.099400889,39.817407148],[-107.099443384,39.8174146000001],[-107.099495685,39.8174237470001],[-107.099545032,39.8174385240001],[-107.099591142,39.817451653],[-107.099635182,39.81747245],[-107.099675142,39.8174977830001],[-107.099715959,39.8175247940001],[-107.099753582,39.817555649],[-107.099793776,39.8175841930001],[-107.099832971,39.8176155570001],[-107.099865143,39.817644188],[-107.099897741,39.817661646],[-107.099923405,39.8176868420001],[-107.099969926,39.8177219300001],[-107.100013662,39.817759118],[-107.10006676,39.817795592],[-107.100102039,39.8178171930001],[-107.100164894,39.8178471890001],[-107.100196806,39.817862706],[-107.100237858,39.817874638],[-107.100281013,39.8178862400001],[-107.100335147,39.817887956],[-107.100395222,39.8178903260001],[-107.100445121,39.817874825],[-107.100495358,39.8178571650001],[-107.100528892,39.8178407730001],[-107.10057608,39.8178005440001],[-107.100613292,39.8177828870001],[-107.100613483,39.817782874],[-107.100662926,39.817779617],[-107.100702284,39.8177848770001],[-107.100746393,39.8177793420001],[-107.100788876,39.817765378],[-107.100817706,39.8177330280001],[-107.100834983,39.8177078190001],[-107.100866604,39.8176725000001],[-107.10088178,39.8176443450001],[-107.100899445,39.8176163040001],[-107.100915789,39.8175868550001],[-107.100935751,39.8175450090001],[-107.100962748,39.8175063350001],[-107.100992201,39.8174704260001],[-107.101015833,39.8174326760001],[-107.101028717,39.817394543],[-107.101041004,39.8173557600001],[-107.101056256,39.817328445],[-107.101055934,39.817281693],[-107.101052,39.817250545],[-107.101061985,39.8172086020001],[-107.10106377,39.817173493],[-107.101080949,39.817145307],[-107.101095769,39.8171122140001],[-107.10111658,39.8170784010001],[-107.101143999,39.817060665],[-107.10115703,39.8170335030001],[-107.101196788,39.816988381],[-107.10122097,39.8169661250001],[-107.101265497,39.8169214500001],[-107.101292167,39.816894276],[-107.101309722,39.8168539280001],[-107.101318951,39.8168077940001],[-107.101330173,39.8167635190001],[-107.101336624,39.8167209420001],[-107.101347,39.8166837790001],[-107.101351698,39.816644544],[-107.101360364,39.816606161],[-107.101360464,39.816560194],[-107.101360418,39.8165147880001],[-107.101362048,39.8164681220001],[-107.101373001,39.8164189350001],[-107.101377525,39.81636709],[-107.101377673,39.8163146590001],[-107.101380282,39.816264233],[-107.101391396,39.816211622],[-107.101394603,39.8161631610001],[-107.101394716,39.816120438],[-107.101398058,39.816084731],[-107.101402903,39.816051992],[-107.101409043,39.8160203480001],[-107.101416258,39.815991968],[-107.101433767,39.815963831],[-107.10145555,39.815937987],[-107.101484582,39.8159104210001],[-107.101519249,39.8158838350001],[-107.101561268,39.8158588700001],[-107.101596042,39.8158328820001],[-107.101615761,39.81580482],[-107.101636089,39.815780422],[-107.101658215,39.8157527060001],[-107.101671617,39.815720309],[-107.101689054,39.815685715],[-107.101710137,39.8156528110001],[-107.101736339,39.8156235540001],[-107.101765009,39.815591295],[-107.101796938,39.8155645160001],[-107.10183231,39.8155374240001],[-107.10186602,39.8155116340001],[-107.101898979,39.815484509],[-107.101929494,39.8154455000001],[-107.10195135,39.8154035470001],[-107.101963789,39.8153543880001],[-107.101967165,39.8153062260001],[-107.101968285,39.8152576250001],[-107.10196831,39.8152565830001],[-107.101961227,39.8152108620001],[-107.101960424,39.815160312],[-107.101968084,39.815113045],[-107.101970744,39.8150666220001],[-107.101969754,39.815019949],[-107.101961808,39.8149756780001],[-107.101930342,39.814930765],[-107.101902506,39.814892813],[-107.101873362,39.8148594],[-107.101846045,39.8148287270001],[-107.101831326,39.8147997230001],[-107.101830959,39.8147666830001],[-107.10183479,39.8147294940001],[-107.101843387,39.8146925550001],[-107.101861257,39.814654687],[-107.10186532,39.814646662],[-107.101882339,39.8146130440001],[-107.101903347,39.8145763090001],[-107.101922043,39.814539616],[-107.101944504,39.8145033710001],[-107.101964854,39.814469694],[-107.101986379,39.8144337160001],[-107.102009475,39.8143962440001],[-107.102032573,39.8143595670001],[-107.102050149,39.8143279780001],[-107.102052946,39.8143229520001],[-107.102068078,39.8142950430001],[-107.102070283,39.8142909800001],[-107.102093007,39.814240484],[-107.102112973,39.814197957],[-107.1021137,39.8141982000001],[-107.1021468,39.8142100000001],[-107.102183,39.8142112990001],[-107.102200101,39.8142356000001],[-107.102197,39.8142633000001],[-107.1021917,39.8142920000001],[-107.1021948,39.8143232],[-107.1022,39.814351],[-107.1022266,39.8143694],[-107.102248099,39.8143958000001],[-107.102256098,39.8144089830001],[-107.102254399,39.8143900000001],[-107.102274601,39.8143671],[-107.102304199,39.8143467],[-107.102333899,39.814331],[-107.1023658,39.8143174],[-107.1024071,39.8143103],[-107.1024382,39.814291101],[-107.1024598,39.8142604000001],[-107.1024521,39.8142307000001],[-107.102446401,39.8141986000001],[-107.1024782,39.8141794000001],[-107.102509899,39.8141588990001],[-107.1025249,39.8141311000001],[-107.1025391,39.8141045],[-107.1025188,39.8140782],[-107.1024929,39.8140587],[-107.102485225,39.814036908],[-107.102482299,39.8140286],[-107.1024883,39.8139946000001],[-107.102493756,39.813973678],[-107.102520051,39.813971877],[-107.102577662,39.813974849],[-107.102634339,39.813984824],[-107.1026769,39.814002251],[-107.102733425,39.814034382],[-107.102735377,39.814035463],[-107.102957246,39.814016801],[-107.103393127,39.8141281580001],[-107.103759012,39.8142458770001],[-107.103886278,39.814414502],[-107.103927638,39.814576765],[-107.104201257,39.8145131320001],[-107.104455786,39.814500406],[-107.104684861,39.8145640380001],[-107.105057109,39.814430411],[-107.105499353,39.814417684],[-107.105998866,39.814347689],[-107.106250214,39.814299965],[-107.106622462,39.8142904200001],[-107.107131519,39.8144113210001],[-107.107526039,39.814532222],[-107.107882379,39.814579946],[-107.108334168,39.814659486],[-107.108461432,39.8149617390001],[-107.10851671,39.815155856],[-107.108861583,39.814803544],[-107.108882299,39.8147991430001],[-107.108846407,39.814704029],[-107.108945037,39.8146499420001],[-107.109109165,39.814750944],[-107.109494665,39.814669042],[-107.109479548,39.8146372150001],[-107.109260017,39.8144844980001],[-107.109371373,39.814385868],[-107.109616357,39.8142267870001],[-107.109854978,39.8141917900001],[-107.110087236,39.8142681480001],[-107.110109508,39.81438905],[-107.110306766,39.8143699600001],[-107.110338582,39.814264967],[-107.110548569,39.814131339],[-107.11084764,39.8141631550001],[-107.111060808,39.8141472470001],[-107.111226252,39.814061344],[-107.111480781,39.8140772520001],[-107.111744853,39.81397544],[-107.112066197,39.8139977120001],[-107.112365268,39.813943624],[-107.112747062,39.813902263],[-107.113046132,39.8138863550001],[-107.113392928,39.8137527280001],[-107.113854262,39.8138099970001],[-107.114067429,39.813781362],[-107.114216966,39.8138322680001],[-107.114417407,39.8138799920001],[-107.114467526,39.8138867590001],[-107.114492421,39.8139251800001],[-107.114524965,39.8139602800001],[-107.114540658,39.814008662],[-107.114559289,39.8140537790001],[-107.114579663,39.81409175],[-107.11459699,39.814133767],[-107.114617481,39.814168318],[-107.114641537,39.814191217],[-107.114701351,39.814203175],[-107.114733264,39.8142493930001],[-107.114738164,39.814293686],[-107.114762999,39.814344567],[-107.114779191,39.81439342],[-107.114798088,39.814446952],[-107.114819482,39.8144915840001],[-107.11483859,39.8145432490001],[-107.114842821,39.8145927520001],[-107.114855668,39.8146295180001],[-107.114888098,39.814662367],[-107.114915767,39.8146896120001],[-107.114947688,39.8147124550001],[-107.114968467,39.814748885],[-107.114989572,39.814786203],[-107.115011647,39.8148258370001],[-107.11502652,39.814858121],[-107.115046052,39.8148928580001],[-107.115082533,39.8149201630001],[-107.115116976,39.8149342200001],[-107.115156666,39.814964321],[-107.115184422,39.814988102],[-107.115241951,39.8150153460001],[-107.115273447,39.815030296],[-107.115318552,39.8150527970001],[-107.115342192,39.8150818230001],[-107.115376709,39.815118318],[-107.115412787,39.8151569890001],[-107.115436784,39.8152040410001],[-107.115450222,39.815254494],[-107.115454172,39.8152935030001],[-107.115455229,39.8153318760001],[-107.115465122,39.8153647330001],[-107.115479568,39.8153918570001],[-107.115495455,39.815422766],[-107.115517266,39.815450555],[-107.115534107,39.8154800040001],[-107.11555055,39.8155108300001],[-107.115564866,39.8155425750001],[-107.115580594,39.8155733230001],[-107.115596092,39.8156007060001],[-107.115618315,39.815650104],[-107.115605467,39.815693583],[-107.115618199,39.8157282000001],[-107.1156209,39.8157584],[-107.115624916,39.8157914000001],[-107.115628233,39.8158240830001],[-107.115628187,39.815835683],[-107.115648634,39.815847843],[-107.115683668,39.815876587],[-107.115703961,39.816096815],[-107.115799017,39.8162457620001],[-107.115924492,39.816482325],[-107.116205861,39.816683841],[-107.116722355,39.816829108],[-107.116953088,39.8170420220001],[-107.11719348,39.817250684],[-107.117221399,39.8172489],[-107.1172351,39.8172218],[-107.1172758,39.8172349000001],[-107.117309699,39.8172251],[-107.1173471,39.817209399],[-107.117387299,39.8172047],[-107.117418299,39.8171851000001],[-107.1174531,39.817172199],[-107.1174893,39.8171636000001],[-107.1175268,39.8171580000001],[-107.117557301,39.8171776],[-107.1175922,39.8171889000001],[-107.117622999,39.8172033000001],[-107.117628167,39.8172123580001],[-107.11764,39.8172331000001],[-107.117677201,39.8172418],[-107.117721,39.8172481],[-107.117756899,39.8172399000001],[-107.117797401,39.8172388],[-107.1178344,39.817231],[-107.117870001,39.817217301],[-107.117891199,39.8171929000001],[-107.1179292,39.8171818010001],[-107.1179645,39.817176299],[-107.1180009,39.8171779990001],[-107.1180358,39.817172],[-107.118066,39.8171560000001],[-107.1181039,39.8171663000001],[-107.1181315,39.8171896000001],[-107.1181632,39.817173299],[-107.1181968,39.8171596],[-107.118224199,39.8171388000001],[-107.118234301,39.8171122000001],[-107.118244,39.817082],[-107.1182593,39.8170495000001],[-107.1182705,39.8170221010001],[-107.1182639,39.8169925],[-107.1182583,39.8169633000001],[-107.1182719,39.8169364],[-107.118268501,39.8169038],[-107.1182748,39.8168761000001],[-107.1182801,39.8168460000001],[-107.118259701,39.8168231000001],[-107.118227801,39.8168015000001],[-107.118222363,39.8167813810001],[-107.1182198,39.8167719],[-107.1182169,39.8167368000001],[-107.118216178,39.8167276770001],[-107.1182147,39.8167090000001],[-107.1181997,39.8166840000001],[-107.11818472,39.816664964],[-107.1181805,39.8166596],[-107.1181543,39.8166372000001],[-107.1181257,39.816611299],[-107.11809043,39.816613105],[-107.1180827,39.8166135000001],[-107.1180463,39.8166165000001],[-107.1180047,39.8166120000001],[-107.1179755,39.8165955000001],[-107.1179544,39.8165717000001],[-107.1179467,39.8165386000001],[-107.1179632,39.8165118000001],[-107.117952301,39.8164793],[-107.1179174,39.8164593000001],[-107.1178801,39.8164474000001],[-107.117879,39.8164156],[-107.117886199,39.8163883],[-107.1178875,39.8163577],[-107.117902601,39.8163303000001],[-107.117929,39.8163118000001],[-107.117932225,39.8163098200001],[-107.1179588,39.8162935],[-107.1179456,39.816266],[-107.117939464,39.8162590850001],[-107.117925101,39.816242899],[-107.117900701,39.816217599],[-107.117874299,39.8161982990001],[-107.117854101,39.8161738000001],[-107.1178253,39.8161543000001],[-107.117790501,39.816144099],[-107.117765099,39.8161240000001],[-107.117746199,39.816095799],[-107.1177496,39.8160679000001],[-107.1177484,39.8160386000001],[-107.1177327,39.8160134],[-107.1177125,39.8159873000001],[-107.1177084,39.8159596],[-107.1177121,39.8159273000001],[-107.1177199,39.8158964],[-107.1177197,39.8158626000001],[-107.1177248,39.8158351000001],[-107.117732601,39.815805099],[-107.117726001,39.8157754000001],[-107.1176938,39.8157574000001],[-107.1176614,39.8157762010001],[-107.1176284,39.8157937],[-107.1175921,39.8157905],[-107.1175608,39.8157752990001],[-107.1175208,39.8157640000001],[-107.1174862,39.8157734000001],[-107.117459387,39.815760777],[-107.117465895,39.815733752],[-107.117466013,39.8157303400001],[-107.11746748,39.8156879570001],[-107.117476369,39.815659209],[-107.117504955,39.815612634],[-107.117531344,39.815585211],[-107.117564657,39.8155534150001],[-107.117593895,39.8155261910001],[-107.117623994,39.8155001270001],[-107.117656971,39.815471195],[-107.117689169,39.8154449360001],[-107.117727333,39.8154131800001],[-107.117760637,39.8153807640001],[-107.117786161,39.8153532650001],[-107.117810574,39.8153277380001],[-107.117835636,39.8153046360001],[-107.117867213,39.815277268],[-107.117871611,39.8152728370001],[-107.117874297,39.815161097],[-107.118123705,39.8149145990001],[-107.118484103,39.814579703],[-107.118584359,39.814397904],[-107.118631194,39.814312977],[-107.1185771,39.8142979],[-107.118532301,39.8142909000001],[-107.1184873,39.8142821000001],[-107.1184551,39.8142681],[-107.1184294,39.8142483990001],[-107.1183954,39.8142231],[-107.1183573,39.8142133000001],[-107.1183174,39.8142056],[-107.118281301,39.8141985],[-107.118247,39.8141904],[-107.1182106,39.814194],[-107.118172599,39.8142016],[-107.118126701,39.8142018],[-107.118084,39.8142],[-107.1180384,39.8141979000001],[-107.1180035,39.8141885000001],[-107.1179725,39.814171],[-107.1179617,39.8141441000001],[-107.1179502,39.8141150000001],[-107.1179521,39.8140845],[-107.117948097,39.814053454],[-107.117954875,39.8140457910001],[-107.117921299,39.8140522],[-107.1178857,39.8140512000001],[-107.1178521,39.8140701],[-107.117825799,39.8140472000001],[-107.1178293,39.8140198],[-107.117845799,39.8139941000001],[-107.117850199,39.8139652],[-107.117873599,39.8139443000001],[-107.1178755,39.8139166],[-107.1179061,39.8139005],[-107.117927601,39.8138776000001],[-107.1179471,39.8138520000001],[-107.117983,39.8138548000001],[-107.1180152,39.8138351000001],[-107.118018094,39.813816581],[-107.1180197,39.8138063000001],[-107.118007599,39.8137766],[-107.1180021,39.8137469000001],[-107.118005601,39.8137160000001],[-107.1180129,39.813686799],[-107.117995699,39.8136583],[-107.118000501,39.8136298000001],[-107.1180243,39.8136064],[-107.118057,39.8135927000001],[-107.118091401,39.813584501],[-107.118091799,39.8135777000001],[-107.1181309,39.8135733],[-107.1181641,39.8135603000001],[-107.1181874,39.8135827],[-107.118211,39.8136095],[-107.1182464,39.8136132000001],[-107.1182464,39.8135855],[-107.1182343,39.8135565010001],[-107.1182349,39.8135287000001],[-107.1182499,39.8135003],[-107.118252999,39.8134682],[-107.118253801,39.8134367000001],[-107.1182737,39.813413],[-107.1182679,39.8133853],[-107.1182924,39.8133635],[-107.1183063,39.8133349],[-107.1183264,39.8133064],[-107.1183393,39.8132773],[-107.118348,39.8132497],[-107.1183563,39.8132223000001],[-107.118378,39.8131883],[-107.118394,39.8131603],[-107.1184034,39.8131289],[-107.118404499,39.8131005000001],[-107.1184144,39.8130636000001],[-107.118421201,39.8130340000001],[-107.1184261,39.8130014000001],[-107.118434,39.8129732],[-107.1184369,39.8129405],[-107.1184351,39.81291],[-107.118437102,39.8128849650001],[-107.1184373,39.8128825000001],[-107.118445199,39.8128554],[-107.1184633,39.8128266000001],[-107.1184614,39.8127984000001],[-107.1184492,39.8127694990001],[-107.1184446,39.8127388],[-107.118440301,39.8127105],[-107.118430099,39.8126813000001],[-107.118424098,39.8126687550001],[-107.1184168,39.8126535000001],[-107.118414747,39.8126518770001],[-107.1183901,39.8126324],[-107.118377492,39.8126289210001],[-107.1183553,39.8126228],[-107.118320723,39.812614222],[-107.1183166,39.8126131990001],[-107.118295868,39.812606154],[-107.118280701,39.812601],[-107.1182454,39.8125938000001],[-107.1182101,39.8125785],[-107.118177,39.8125647000001],[-107.118143001,39.8125436],[-107.1181147,39.8125216010001],[-107.118091301,39.8124972000001],[-107.1180716,39.8124694000001],[-107.1180624,39.8124407],[-107.1180426,39.8124090000001],[-107.1180242,39.8123855000001],[-107.1180082,39.8123593990001],[-107.1179736,39.8123386],[-107.1179429,39.8123236000001],[-107.117907,39.8123028000001],[-107.1178731,39.8122890000001],[-107.117834001,39.812287],[-107.117815099,39.8122634000001],[-107.117799901,39.8122375],[-107.1177776,39.8122129000001],[-107.1177612,39.8121875000001],[-107.117744399,39.8121576990001],[-107.1177282,39.8121287000001],[-107.1176998,39.8121043990001],[-107.1176982,39.8120909],[-107.1176987,39.8120884000001],[-107.1176604,39.8120851],[-107.1176283,39.8120641],[-107.1175892,39.8120546000001],[-107.1175637,39.8120334000001],[-107.1175384,39.8120114010001],[-107.1175291,39.8119829],[-107.1175131,39.8119552000001],[-107.117501601,39.8119282000001],[-107.1174809,39.811905799],[-107.117471301,39.8118777],[-107.117473899,39.8118464],[-107.1174693,39.8118146],[-107.1174557,39.8117892000001],[-107.117442,39.8117627],[-107.1174088,39.8117496],[-107.1173735,39.8117317000001],[-107.117353399,39.8117041],[-107.1173255,39.8116787000001],[-107.1172899,39.8116669],[-107.1172831,39.8116392000001],[-107.117252999,39.8116243000001],[-107.117282,39.8116064000001],[-107.117276799,39.8115747000001],[-107.1172546,39.811548401],[-107.1172331,39.8115204000001],[-107.117234701,39.81149],[-107.1172265,39.8114616],[-107.1172515,39.8114344000001],[-107.1172848,39.8114232],[-107.117322499,39.811421899],[-107.117356199,39.8114058],[-107.1173731,39.8113795],[-107.1173768,39.811377],[-107.117395688,39.8113690420001],[-107.1174105,39.8113628],[-107.1174392,39.8113418],[-107.1174635,39.8113179000001],[-107.1174124,39.8112892830001],[-107.117442584,39.8112659500001],[-107.117468367,39.811246216],[-107.117498033,39.811228133],[-107.1176298,39.8111556000001],[-107.117650499,39.8111302],[-107.1176752,39.8111054],[-107.1177127,39.8110791],[-107.1177512,39.8110758],[-107.117785999,39.8110872],[-107.1178251,39.8110934000001],[-107.1178585,39.8110825000001],[-107.1178978,39.8110745000001],[-107.117939099,39.8110672],[-107.117974099,39.8110745000001],[-107.118012599,39.8110699000001],[-107.1180537,39.8110623000001],[-107.1180879,39.8110540000001],[-107.1180992,39.8110276],[-107.11807,39.8110109],[-107.1180274,39.8110078],[-107.1179902,39.8109972],[-107.117954901,39.8109852000001],[-107.1179202,39.8109718000001],[-107.117885799,39.8109605000001],[-107.117852801,39.8109435000001],[-107.117825901,39.8109246000001],[-107.1177893,39.8109098],[-107.117780031,39.810906076],[-107.117757199,39.810896901],[-107.1177244,39.810882201],[-107.1176883,39.8108764],[-107.117651099,39.8108696],[-107.1176126,39.8108694000001],[-107.117600163,39.8108651790001],[-107.117579901,39.8108583000001],[-107.1175483,39.8108451000001],[-107.11752934,39.8108412020001],[-107.117508901,39.810837],[-107.117470701,39.810830099],[-107.117436201,39.8108177],[-107.1173988,39.8108104],[-107.1173639,39.810800801],[-107.1173314,39.8107878000001],[-107.1172916,39.8107787000001],[-107.1172587,39.8107672],[-107.117225799,39.810752199],[-107.1171913,39.8107449990001],[-107.1171515,39.8107396],[-107.1171057,39.8107488000001],[-107.1170738,39.8107365000001],[-107.117050799,39.8107146],[-107.117049,39.810686],[-107.1170479,39.8106579000001],[-107.117040601,39.8106276],[-107.117019301,39.8106029],[-107.117016899,39.8105733],[-107.11702686,39.8105651020001],[-107.117044601,39.810550499],[-107.1170821,39.810550101],[-107.117097909,39.8105515340001],[-107.1171185,39.8105534000001],[-107.117152601,39.8105435000001],[-107.117180801,39.8105234000001],[-107.1171832,39.8104939],[-107.1171807,39.8104634000001],[-107.1171727,39.8104312],[-107.117173661,39.8104186360001],[-107.1171749,39.8104024],[-107.1171915,39.8103761],[-107.117201699,39.8103492000001],[-107.1172012,39.8103177990001],[-107.1171987,39.8102886],[-107.1171986,39.8102596000001],[-107.1172047,39.8102296000001],[-107.1172236,39.8101999],[-107.117250601,39.8101762000001],[-107.1172744,39.8101489000001],[-107.1172911,39.8101205990001],[-107.1173158,39.8100913000001],[-107.1173439,39.8100645000001],[-107.1173805,39.8100681000001],[-107.1174214,39.8100657000001],[-107.1174579,39.8100532010001],[-107.117491199,39.8100421],[-107.1175178,39.8100231000001],[-107.117570081,39.8100233870001],[-107.117584565,39.81001294],[-107.11771802,39.8099166750001],[-107.117956206,39.809440217],[-107.117531919,39.80927366],[-107.11749052,39.809070552],[-107.117687963,39.808636736],[-107.117696791,39.8085981520001],[-107.117599017,39.808471254],[-107.117541748,39.808273994],[-107.117646743,39.8081753650001],[-107.117802165,39.8082426620001],[-107.11784309,39.808144912],[-107.118369897,39.8084240360001],[-107.118706256,39.808798788],[-107.119076641,39.8092126560001],[-107.11905517,39.8093661140001],[-107.11917634,39.8094982150001],[-107.119489437,39.8095822710001],[-107.11981942,39.809657052],[-107.120121661,39.809597733],[-107.120437304,39.8094417130001],[-107.120565727,39.809400279],[-107.120643818,39.8092571120001],[-107.120837897,39.809282565],[-107.120844721,39.8093102650001],[-107.120847122,39.8093094910001],[-107.120858218,39.809305911],[-107.120866153,39.809303351],[-107.120870885,39.8093055860001],[-107.120875272,39.8093076580001],[-107.120886459,39.809335225],[-107.120902554,39.8093627700001],[-107.120913901,39.809390179],[-107.120931492,39.8094141400001],[-107.120943488,39.8094387780001],[-107.120919433,39.8094819],[-107.1209591,39.8095437000001],[-107.120951099,39.8095714],[-107.120941999,39.8096013000001],[-107.1209269,39.8096325000001],[-107.1209309,39.809660201],[-107.120931501,39.8096901000001],[-107.120932199,39.8097199000001],[-107.1209215,39.8097487000001],[-107.1209218,39.8097765000001],[-107.1209164,39.8098052],[-107.1209265,39.8098323],[-107.1209217,39.8098604],[-107.1209192,39.8098889],[-107.1209123,39.8099159000001],[-107.1209087,39.8099453990001],[-107.1209115,39.809974799],[-107.120900299,39.8100023000001],[-107.120892701,39.8100322010001],[-107.1208812,39.8100609000001],[-107.120881199,39.8100900000001],[-107.1208768,39.8101186000001],[-107.1208724,39.8101471000001],[-107.120865,39.8101755000001],[-107.1208737,39.8102044],[-107.1208691,39.8102323000001],[-107.1208676,39.8102614000001],[-107.1208639,39.8102898000001],[-107.120875999,39.8103164990001],[-107.1208786,39.8103449000001],[-107.1208833,39.8103728],[-107.1208906,39.8104006],[-107.120902301,39.8104276],[-107.1209144,39.8104547],[-107.1209238,39.8104812],[-107.1209365,39.8105082010001],[-107.1209497,39.8105356],[-107.1209616,39.8105637],[-107.120987,39.8105901000001],[-107.1209974,39.8106182000001],[-107.1210108,39.8106441],[-107.1210288,39.810669799],[-107.1210551,39.8106896],[-107.121082301,39.8107134000001],[-107.1211111,39.8107378990001],[-107.1211429,39.8107571],[-107.121164001,39.8107818],[-107.1211863,39.8108096],[-107.1212035,39.8108366000001],[-107.121222201,39.810863],[-107.1212451,39.8108874000001],[-107.121262,39.8109159000001],[-107.1212764,39.8109441],[-107.1213053,39.8109610000001],[-107.1213307,39.8109821],[-107.1213565,39.8110045],[-107.1213885,39.8110226000001],[-107.1214135,39.8110476000001],[-107.1214383,39.8110679000001],[-107.1214646,39.8110920990001],[-107.1214771,39.8111179000001],[-107.121505599,39.8111421],[-107.1215335,39.8111614000001],[-107.121555799,39.8111831000001],[-107.1215799,39.8112067010001],[-107.121598209,39.8112267280001],[-107.121601136,39.81122993],[-107.1216044,39.8112335000001],[-107.1216294,39.8112538],[-107.1216584,39.811271199],[-107.121673199,39.8112985000001],[-107.1216948,39.8113221],[-107.1217239,39.8113402000001],[-107.1217469,39.8113624000001],[-107.1217754,39.8113791000001],[-107.121801799,39.8113985000001],[-107.121830299,39.8114154],[-107.121864699,39.8114336],[-107.1218925,39.8114511000001],[-107.1219133,39.811474],[-107.1219393,39.8114978],[-107.121949701,39.8115249000001],[-107.1219839,39.8115418],[-107.1220069,39.8115657000001],[-107.122033099,39.8115898],[-107.1220573,39.8116116],[-107.1220868,39.8116339000001],[-107.122110201,39.8116566],[-107.1221303,39.8116805000001],[-107.122159599,39.8117021],[-107.1221842,39.811724],[-107.122218801,39.8117416000001],[-107.122249399,39.8117572],[-107.122282199,39.8117722000001],[-107.1223171,39.8117796000001],[-107.122339199,39.8118054],[-107.122366,39.8118263000001],[-107.122395899,39.8118426],[-107.122415701,39.811868401],[-107.1224375,39.8118919],[-107.1224596,39.8119207],[-107.122482899,39.8119424000001],[-107.122508301,39.8119669000001],[-107.1225347,39.8119898],[-107.1225627,39.8120087],[-107.1225909,39.8120276990001],[-107.1226139,39.8120515000001],[-107.122642799,39.8120723000001],[-107.1226675,39.8120953000001],[-107.1226958,39.8121169],[-107.12272,39.8121406000001],[-107.1227506,39.8121575000001],[-107.122769299,39.8121812000001],[-107.1228015,39.8121946000001],[-107.1228357,39.8122069],[-107.1228562,39.8122296000001],[-107.1228896,39.8122440000001],[-107.122922599,39.8122606000001],[-107.122951999,39.8122793000001],[-107.122979,39.8123002],[-107.1229974,39.8123238000001],[-107.1230197,39.8123471000001],[-107.123047901,39.8123661000001],[-107.123079099,39.8123833000001],[-107.1231007,39.8124057000001],[-107.1231286,39.8124263],[-107.12314,39.8124555000001],[-107.1231471,39.8124825],[-107.1231692,39.8125077],[-107.123197601,39.812527],[-107.1232276,39.8125473000001],[-107.1232386,39.8125757],[-107.1232493,39.8126080000001],[-107.1232565,39.8126368000001],[-107.1232683,39.8126633000001],[-107.1232819,39.8126898],[-107.123300601,39.812713999],[-107.1233231,39.8127364000001],[-107.1233271,39.8127646],[-107.1233332,39.8127969000001],[-107.123332999,39.812825199],[-107.1233393,39.8128545000001],[-107.1233548,39.8128827],[-107.123357,39.8129102],[-107.123364101,39.8129401],[-107.123385,39.8129657000001],[-107.123404399,39.812988901],[-107.1234292,39.8130108],[-107.123397467,39.8130404510001],[-107.123390266,39.813074833],[-107.123334701,39.8131582990001],[-107.1233431,39.8131886],[-107.123329601,39.8132212],[-107.123318401,39.8132474000001],[-107.123282299,39.813259901],[-107.1232652,39.8132843000001],[-107.1232612,39.8133141000001],[-107.1232739,39.8133437000001],[-107.1232848,39.8133741990001],[-107.123287599,39.813404],[-107.123293301,39.8134316000001],[-107.123303299,39.8134593],[-107.123311099,39.8134872000001],[-107.1233348,39.8135137],[-107.123341318,39.8135351280001],[-107.123337956,39.8135340910001],[-107.12334177,39.8135366160001],[-107.1233442,39.8135446000001],[-107.1233616,39.8135705],[-107.123376499,39.8136029],[-107.123380844,39.813610618],[-107.123394401,39.8136347010001],[-107.123428301,39.8136539000001],[-107.123459399,39.8136684],[-107.1234915,39.8136868],[-107.123513327,39.8137003080001],[-107.123520099,39.8137045],[-107.123522232,39.813705429],[-107.1235559,39.8137201000001],[-107.1235918,39.8137306],[-107.1236287,39.8137481000001],[-107.1236648,39.8137614],[-107.1237068,39.8137713],[-107.1237407,39.8137832],[-107.1237521,39.8138145],[-107.1237588,39.8138454],[-107.1237968,39.8138456],[-107.1238266,39.813865799],[-107.1238598,39.8138535000001],[-107.1238835,39.8138305000001],[-107.123909901,39.8138051],[-107.1239229,39.8137786990001],[-107.123939499,39.8137494000001],[-107.123948299,39.8137228000001],[-107.1239714,39.8137014000001],[-107.1239827,39.8136744],[-107.1239995,39.8136468000001],[-107.1240322,39.8136273000001],[-107.124058901,39.813606301],[-107.1240746,39.8135758010001],[-107.1240951,39.8135532000001],[-107.124104799,39.8135258],[-107.124134,39.8135048],[-107.1241568,39.8134776000001],[-107.124163099,39.8134497],[-107.1241603,39.8134167000001],[-107.124146799,39.8133857],[-107.124143801,39.8133579],[-107.124143201,39.8133276],[-107.124145499,39.8132993],[-107.1241495,39.8132681000001],[-107.1241594,39.8132368],[-107.1241632,39.8132077000001],[-107.1241991,39.8132031000001],[-107.1242304,39.8131831000001],[-107.124231638,39.813174121],[-107.124235201,39.8131483000001],[-107.124238113,39.813136344],[-107.1242428,39.8131171000001],[-107.1242706,39.8130942000001],[-107.1242901,39.8130694000001],[-107.1243267,39.8130707],[-107.1243441,39.8130973],[-107.1243804,39.8131104],[-107.124388542,39.8131200450001],[-107.1243999,39.8131335],[-107.124400765,39.8131340680001],[-107.1244296,39.8131530000001],[-107.1244558,39.8131730000001],[-107.1244917,39.8131768000001],[-107.124529199,39.8131729],[-107.12455,39.8131445000001],[-107.1245798,39.8131656],[-107.124593319,39.813173401],[-107.1246129,39.8131847000001],[-107.1246376,39.8131644000001],[-107.124642178,39.813159893],[-107.1246637,39.8131387],[-107.124667441,39.8131208460001],[-107.124668426,39.813116146],[-107.1246703,39.8131072],[-107.1246878,39.8130823000001],[-107.1247207,39.8130632],[-107.1247342,39.8130361],[-107.124765599,39.8130216000001],[-107.124780218,39.8130309250001],[-107.1247946,39.813040099],[-107.1248066,39.8130666000001],[-107.124838,39.8130494000001],[-107.1248419,39.8130181000001],[-107.1248493,39.8129885000001],[-107.124853388,39.8129863620001],[-107.124879901,39.8129725000001],[-107.1249197,39.8129727],[-107.124936499,39.8129439000001],[-107.1249684,39.8129607000001],[-107.125004,39.8129460000001],[-107.1250434,39.8129462000001],[-107.125056,39.8129199000001],[-107.1250746,39.812893],[-107.125102699,39.8128744000001],[-107.1251241,39.8128497000001],[-107.125141301,39.8128253],[-107.125176701,39.8128120000001],[-107.1252124,39.812800999],[-107.1252512,39.8127991000001],[-107.1252499,39.8127697],[-107.1252465,39.8127410000001],[-107.1252615,39.8127137990001],[-107.125289601,39.8126917000001],[-107.125323699,39.8126778000001],[-107.125362,39.8126795000001],[-107.1253869,39.8126574],[-107.1253899,39.8126273],[-107.1253962,39.8125976000001],[-107.1254049,39.8125706000001],[-107.125407601,39.812543099],[-107.1254016,39.8125144000001],[-107.1253807,39.8124901],[-107.1253577,39.8124643],[-107.125340777,39.81247898],[-107.125328718,39.8124927000001],[-107.125306387,39.812510687],[-107.12528301,39.812521286],[-107.125263206,39.8125281490001],[-107.125240719,39.8125347170001],[-107.125219437,39.812540132],[-107.125203086,39.812543836],[-107.125181808,39.8125513260001],[-107.12516231,39.812563643],[-107.12513255,39.8125725],[-107.125107645,39.8125732170001],[-107.125094928,39.8125754970001],[-107.12507777,39.8125877910001],[-107.125070797,39.8125736800001],[-107.125073558,39.812556188],[-107.125096326,39.8125489720001],[-107.125117865,39.81252497],[-107.125124174,39.812511145],[-107.12512677,39.8124956620001],[-107.125130887,39.8124782420001],[-107.12513364,39.812462318],[-107.125133459,39.812449176],[-107.125155762,39.8124363370001],[-107.125155576,39.8124274570001],[-107.125157131,39.81241314],[-107.125157661,39.8123953240001],[-107.125165696,39.8123767370001],[-107.125178365,39.8123618590001],[-107.125182509,39.8123471230001],[-107.125195458,39.8123328830001],[-107.125194766,39.812313944],[-107.125194595,39.8123045230001],[-107.125196649,39.8122890870001],[-107.125199731,39.8122722210001],[-107.125200431,39.8122629430001],[-107.125199114,39.812246384],[-107.125211484,39.812228954],[-107.125215094,39.812212548],[-107.125215779,39.8121987980001],[-107.125218362,39.81218621],[-107.125221455,39.8121758780001],[-107.125223339,39.8121603590001],[-107.12522577,39.8121514100001],[-107.125233151,39.8121345660001],[-107.125234425,39.8121197770001],[-107.1252338,39.8121188000001],[-107.1252627,39.8121009000001],[-107.125293701,39.8120827000001],[-107.1253163,39.8120607000001],[-107.125327399,39.8120322],[-107.1253182,39.812000201],[-107.125293401,39.8119771],[-107.1252844,39.8119500990001],[-107.1252796,39.8119211000001],[-107.125274213,39.8118955570001],[-107.1252738,39.8118936000001],[-107.125264499,39.8118642000001],[-107.1252557,39.811835101],[-107.125253199,39.8118000000001],[-107.1252876,39.8118088000001],[-107.125314633,39.8118004940001],[-107.1253234,39.8117978000001],[-107.1253368,39.8117711],[-107.125354999,39.8117473],[-107.125380701,39.8117201000001],[-107.125408,39.8116945],[-107.1254247,39.8116649],[-107.1254014,39.8116378],[-107.125388257,39.811627339],[-107.1253715,39.8116140000001],[-107.125328401,39.8116109000001],[-107.125270848,39.8116406820001],[-107.125230046,39.811675861],[-107.125193499,39.8116901550001],[-107.125192892,39.8116903920001],[-107.125136639,39.811711965],[-107.125090874,39.811731626],[-107.125047529,39.811742377],[-107.125014466,39.81175104],[-107.124974969,39.811763431],[-107.124932383,39.811777523],[-107.12489583,39.8117767250001],[-107.12486309,39.811772869],[-107.124826043,39.811787752],[-107.124824983,39.811760371],[-107.124824218,39.811736271],[-107.124872106,39.8117040120001],[-107.124900224,39.811667539],[-107.124907932,39.8116484780001],[-107.124920157,39.8116277460001],[-107.124933098,39.811608704],[-107.124949391,39.8115739410001],[-107.124965297,39.811549477],[-107.124987053,39.811516904],[-107.12500022,39.8114941630001],[-107.125032752,39.811455455],[-107.125051221,39.811442148],[-107.125061448,39.8114259880001],[-107.125076225,39.8114068250001],[-107.125094463,39.8113893560001],[-107.125105248,39.811372272],[-107.125118916,39.811348287],[-107.125116686,39.8113274080001],[-107.125138094,39.811308335],[-107.125146586,39.811291312],[-107.125168008,39.8112656320001],[-107.125184446,39.811242743],[-107.125197769,39.8112268460001],[-107.125212201,39.8112140010001],[-107.125245867,39.8111746160001],[-107.125252,39.8111734],[-107.125264401,39.8111465000001],[-107.1252642,39.8111174000001],[-107.125265,39.8110898],[-107.1252684,39.8110582],[-107.1252689,39.8110305000001],[-107.1252686,39.8109998],[-107.1252604,39.8109685000001],[-107.1252502,39.8109412000001],[-107.1252803,39.8109601],[-107.1253094,39.8109378010001],[-107.1253432,39.8109514000001],[-107.125376899,39.8109637000001],[-107.1253977,39.8109396],[-107.1254165,39.810909],[-107.125404,39.810883],[-107.1254118,39.8108476],[-107.1254184,39.8108202000001],[-107.125426599,39.8107893000001],[-107.1254392,39.8107608],[-107.125459499,39.8107341],[-107.1254694,39.810701899],[-107.125485,39.8106754],[-107.1255107,39.8106538000001],[-107.125526701,39.8106259],[-107.125532,39.8105986],[-107.125531001,39.8105701000001],[-107.125496189,39.810566232],[-107.125470412,39.8105823920001],[-107.125440647,39.8105884140001],[-107.125407896,39.8105977980001],[-107.125368134,39.810606815],[-107.125336986,39.810622241],[-107.125317256,39.8106293910001],[-107.125290029,39.8106391810001],[-107.125260654,39.810652686],[-107.125235571,39.81066136],[-107.125201649,39.810674965],[-107.125178257,39.8106626100001],[-107.125155792,39.8106498240001],[-107.125147658,39.8106377510001],[-107.125127359,39.8106219590001],[-107.125120767,39.810599682],[-107.125120543,39.810578218],[-107.1251235,39.810556794],[-107.12513643,39.8105435480001],[-107.125144126,39.810526941],[-107.125155899,39.810509218],[-107.125171004,39.8104886570001],[-107.125189759,39.810466821],[-107.125211449,39.810448772],[-107.125226564,39.8104303910001],[-107.125240508,39.810409765],[-107.125255699,39.810399965],[-107.125273761,39.810381926],[-107.125292135,39.810372472],[-107.125309756,39.8103548120001],[-107.1253414,39.8103435350001],[-107.125366527,39.8103351840001],[-107.12539417,39.81032535],[-107.125420814,39.810320022],[-107.125443432,39.8103188360001],[-107.125463523,39.8103139300001],[-107.125499151,39.81030451],[-107.125500301,39.8103068],[-107.1255382,39.8103139],[-107.1255765,39.8103106],[-107.1256063,39.8102937],[-107.125637401,39.8102787],[-107.1256681,39.8102616],[-107.1257027,39.810249001],[-107.125731099,39.8102254],[-107.125741499,39.8101981],[-107.12572,39.8101714000001],[-107.1257005,39.8101465],[-107.125673,39.810126499],[-107.125655099,39.8101025],[-107.1256417,39.8100768],[-107.1256221,39.8100513000001],[-107.125597901,39.8100257],[-107.1256023,39.8099977000001],[-107.1256391,39.8099964],[-107.125668799,39.8099746010001],[-107.125708,39.8099709000001],[-107.125744401,39.809971101],[-107.125772499,39.8099531],[-107.1258075,39.8099373000001],[-107.1258391,39.8099521],[-107.125865499,39.8099334],[-107.1258746,39.8099053],[-107.1259147,39.8099019000001],[-107.1259489,39.8098897],[-107.1259394,39.8098572000001],[-107.1259467,39.80983],[-107.125980599,39.8098203000001],[-107.1260069,39.8098388010001],[-107.126043001,39.8098397000001],[-107.1260462,39.8098105],[-107.126042801,39.8097815],[-107.126039099,39.8097501],[-107.1260455,39.8097213],[-107.126042401,39.8096909000001],[-107.1260619,39.8096678000001],[-107.126082399,39.8096415000001],[-107.1261232,39.8096337000001],[-107.1261528,39.8096508],[-107.1261764,39.8096727000001],[-107.126193799,39.8096993],[-107.126219,39.8097219000001],[-107.1262374,39.8097490000001],[-107.1262465,39.8097788000001],[-107.1262578,39.8098073990001],[-107.1262549,39.8098414],[-107.1262408,39.8098717],[-107.1262472,39.8099005],[-107.126282,39.8099104],[-107.126316001,39.8099268],[-107.126344599,39.8099441000001],[-107.12638,39.8099405],[-107.1264187,39.8099346000001],[-107.1264427,39.8099137],[-107.1264797,39.8099263],[-107.1264859,39.8099538000001],[-107.1265153,39.809969299],[-107.126551001,39.8099621000001],[-107.126579,39.809943],[-107.1265881,39.8099152],[-107.1265982,39.809887701],[-107.126630901,39.809873],[-107.1266668,39.8098767000001],[-107.126693999,39.8098997000001],[-107.1266927,39.8099302000001],[-107.1267199,39.8099487000001],[-107.1267375,39.8099732000001],[-107.1267534,39.8100012],[-107.126791,39.8099994],[-107.126793909,39.809991177],[-107.126800801,39.8099717000001],[-107.1268128,39.8099421000001],[-107.126846099,39.809927701],[-107.1268762,39.8099119],[-107.1269121,39.8099054],[-107.1269214,39.8099339],[-107.1269371,39.8099353690001],[-107.1269588,39.8099374000001],[-107.126996,39.8099330000001],[-107.127011269,39.8099373630001],[-107.1270331,39.8099436000001],[-107.1270529,39.8099668],[-107.127076501,39.8099388000001],[-107.1270955,39.809914],[-107.1271353,39.8099084],[-107.127171,39.8099118000001],[-107.127208901,39.8099313000001],[-107.1272452,39.8099320000001],[-107.127277699,39.8099193],[-107.1272977,39.8098878000001],[-107.1272899,39.8098573],[-107.1273014,39.809830601],[-107.1273305,39.8098138],[-107.127336072,39.8098067380001],[-107.1273518,39.8097868],[-107.127355213,39.8097801070001],[-107.127358063,39.809774513],[-107.1273649,39.8097611000001],[-107.127373347,39.8097635680001],[-107.127380918,39.809765779],[-107.127386664,39.8097674580001],[-107.127400501,39.8097714990001],[-107.1274341,39.8097845],[-107.1274487,39.8097541000001],[-107.127489,39.8097511010001],[-107.127502722,39.809748207],[-107.127524101,39.8097437000001],[-107.127567,39.8097502000001],[-107.127604301,39.8097552],[-107.127637719,39.809762671],[-107.127645901,39.8097645],[-107.127661947,39.809764037],[-107.127687501,39.8097633],[-107.1277226,39.8097518000001],[-107.1277598,39.8097516],[-107.127801699,39.8097581000001],[-107.127837699,39.809756],[-107.1278783,39.809762999],[-107.127914,39.8097639000001],[-107.127952799,39.8097725000001],[-107.1279869,39.8097860010001],[-107.1280242,39.8097884000001],[-107.128062801,39.8097740000001],[-107.128103501,39.8097832],[-107.128130199,39.8098041000001],[-107.128148601,39.8098287],[-107.1281822,39.8098472],[-107.1282179,39.8098421010001],[-107.1282554,39.8098464],[-107.128283,39.8098655000001],[-107.1283227,39.809877301],[-107.1283562,39.8098866],[-107.1283935,39.8099067000001],[-107.128425901,39.8099225],[-107.128464199,39.8099299],[-107.1284974,39.8099448],[-107.1285168,39.8099707000001],[-107.1285283,39.8099968000001],[-107.1285463,39.8100249],[-107.1285751,39.8100454],[-107.128604499,39.8100627000001],[-107.1286405,39.8100669],[-107.1286637,39.8100889990001],[-107.1286554,39.8101161000001],[-107.1286545,39.8101441000001],[-107.1286781,39.8101709000001],[-107.1287021,39.8101925],[-107.128703801,39.8102202000001],[-107.1286853,39.8102442000001],[-107.128660901,39.8102648],[-107.128663754,39.8102697160001],[-107.128667943,39.8102769330001],[-107.128677501,39.8102934],[-107.1286918,39.8103186010001],[-107.1287312,39.8103298],[-107.128740053,39.810333804],[-107.1287668,39.8103459010001],[-107.128791494,39.810345318],[-107.1288092,39.8103449000001],[-107.12880995,39.8103448350001],[-107.1288473,39.8103416000001],[-107.1288776,39.8103586],[-107.1289127,39.810369],[-107.1289465,39.8103783],[-107.128975699,39.8103988],[-107.1290123,39.8104118000001],[-107.1290468,39.8104241],[-107.1290746,39.810444401],[-107.129095,39.8104705000001],[-107.129134501,39.8104920000001],[-107.1291635,39.8105143000001],[-107.1291818,39.8105383000001],[-107.129190201,39.8105701000001],[-107.129205099,39.8106025010001],[-107.1292229,39.8106264],[-107.1292434,39.8106518000001],[-107.129280401,39.8106692000001],[-107.129319399,39.8106706],[-107.1293533,39.8106843],[-107.1293807,39.8107058000001],[-107.129419601,39.810703],[-107.1294527,39.8107170000001],[-107.1294745,39.8107411],[-107.1294981,39.8107665000001],[-107.1295222,39.8107913000001],[-107.1295271,39.8108227000001],[-107.1295593,39.8108426000001],[-107.129596399,39.8108506],[-107.1296253,39.8108686],[-107.1296502,39.8108933],[-107.1296834,39.8109048000001],[-107.1297033,39.8109279],[-107.1296912,39.8109544000001],[-107.1296837,39.8109850000001],[-107.129669007,39.810985079],[-107.129617209,39.811027951],[-107.12955423,39.811042505],[-107.129503425,39.8110490820001],[-107.129453508,39.8110607470001],[-107.129389612,39.811068004],[-107.129340997,39.81105204],[-107.12927397,39.8110571190001],[-107.129249268,39.8111171520001],[-107.129229069,39.811169566],[-107.129239194,39.8112045570001],[-107.129261866,39.81124563],[-107.129296583,39.8112858800001],[-107.12931681,39.811349566],[-107.129307898,39.8113947680001],[-107.129280673,39.811433552],[-107.129259104,39.8114919450001],[-107.129243348,39.8115355840001],[-107.12923986,39.81159482],[-107.129258172,39.811633473],[-107.129258748,39.8116710790001],[-107.129246016,39.8116906160001],[-107.1292417,39.8117251],[-107.129232,39.8117518990001],[-107.129233101,39.8117806000001],[-107.1292346,39.8118083000001],[-107.1292266,39.8118356000001],[-107.129225001,39.811865099],[-107.129232,39.8118963000001],[-107.1292066,39.8119173000001],[-107.129187,39.8119403000001],[-107.129169799,39.8119726],[-107.1291531,39.8119996],[-107.1291396,39.8120282],[-107.1291289,39.8120547010001],[-107.1291282,39.8120826000001],[-107.1291058,39.8121077000001],[-107.1290826,39.812130101],[-107.1290689,39.8121557000001],[-107.129048599,39.8121786],[-107.129046099,39.8122102],[-107.129040631,39.8122166740001],[-107.1290249,39.8122353000001],[-107.129013101,39.8122628],[-107.1290236,39.8122947000001],[-107.1290194,39.8123247],[-107.1290065,39.8123504000001],[-107.12899915,39.8123659830001],[-107.128994,39.8123769000001],[-107.1290384,39.8125919],[-107.1290487,39.812620301],[-107.1290536,39.8126500000001],[-107.129083099,39.8126736990001],[-107.1291156,39.8126971],[-107.129144201,39.8127224],[-107.1291418,39.8127529000001],[-107.129155999,39.81278],[-107.12918,39.8128085000001],[-107.129185109,39.812811545],[-107.129197136,39.8128187140001],[-107.1292107,39.8128268],[-107.1292399,39.8128512000001],[-107.12924429,39.812864614],[-107.129249,39.8128790010001],[-107.129253,39.8129086000001],[-107.1292637,39.812935801],[-107.129256745,39.81294712],[-107.129252208,39.8129545040001],[-107.1292484,39.8129607000001],[-107.129248869,39.8129643140001],[-107.129250992,39.8129806640001],[-107.1292521,39.8129892000001],[-107.129256092,39.8129986100001],[-107.1292633,39.8130156],[-107.129278946,39.813036378],[-107.1292822,39.8130407],[-107.1293065,39.8130619],[-107.1293314,39.8130822000001],[-107.1293234,39.8131124000001],[-107.1293524,39.8131295000001],[-107.1293825,39.8131444000001],[-107.1294103,39.8131624000001],[-107.1294223,39.8131901],[-107.129427699,39.8132178000001],[-107.129408799,39.8132429],[-107.1294226,39.8132724000001],[-107.129439293,39.8132936050001],[-107.129438793,39.8132954590001],[-107.129437301,39.813305535],[-107.129432508,39.8133135140001],[-107.129428011,39.813320334],[-107.129423198,39.8133261400001],[-107.129418253,39.8133343710001],[-107.129413712,39.8133426840001],[-107.129409641,39.8133495210001],[-107.129400647,39.813364628],[-107.129392226,39.8133843090001],[-107.129381231,39.813403701],[-107.12937164,39.8134253430001],[-107.129361471,39.8134351160001],[-107.129352179,39.8134489560001],[-107.129339682,39.813462454],[-107.129326769,39.8134814840001],[-107.12931559,39.813500687],[-107.129314469,39.813502612],[-107.129303037,39.813527815],[-107.129297835,39.8135479810001],[-107.129301338,39.813569971],[-107.12929341,39.8135880180001],[-107.129293654,39.813611902],[-107.129292779,39.8136360390001],[-107.129286769,39.8136566630001],[-107.129281126,39.8136829050001],[-107.129285709,39.813704154],[-107.129290512,39.8137244390001],[-107.129290104,39.813746199],[-107.129294565,39.8137662410001],[-107.129295165,39.8137882790001],[-107.129302761,39.813818923],[-107.129314686,39.813842193],[-107.129319399,39.8138692360001],[-107.129305523,39.813914362],[-107.129263943,39.813965394],[-107.129241647,39.814008303],[-107.12921875,39.814047632],[-107.129229372,39.8140829330001],[-107.129232865,39.8141142900001],[-107.129257973,39.814142486],[-107.129247788,39.8141754540001],[-107.129234096,39.8142216360001],[-107.129240395,39.814266957],[-107.12925277,39.81429144],[-107.129262097,39.8143302820001],[-107.129267185,39.8143685480001],[-107.129245203,39.814405091],[-107.129248739,39.81443575],[-107.129217966,39.8144683840001],[-107.129189596,39.814513687],[-107.12921192,39.814545034],[-107.129220722,39.8145876340001],[-107.129229657,39.814617083],[-107.129222372,39.8146807860001],[-107.129194029,39.8147186750001],[-107.129203828,39.814764913],[-107.129211307,39.814824849],[-107.129247385,39.814871813],[-107.129297296,39.8149148210001],[-107.129299473,39.814953329],[-107.12934737,39.814993196],[-107.129353229,39.815050243],[-107.129369278,39.815095732],[-107.129417465,39.815114958],[-107.129465469,39.815140301],[-107.129520811,39.815141157],[-107.129574994,39.8151668850001],[-107.129611458,39.815173014],[-107.129652473,39.8152059510001],[-107.129693577,39.815238967],[-107.129765016,39.8152499],[-107.129845293,39.8152619320001],[-107.129914885,39.815269228],[-107.129983459,39.815291271],[-107.130044207,39.815323865],[-107.130100828,39.815329171],[-107.130168323,39.815338271],[-107.130226346,39.8153675200001],[-107.130298845,39.8154066540001],[-107.130361272,39.815398085],[-107.130433314,39.8153934810001],[-107.130508277,39.8153873790001],[-107.130559431,39.8153860140001],[-107.130613029,39.8153846870001],[-107.13063577,39.815367318],[-107.130673289,39.815338662],[-107.130719221,39.8153346],[-107.130770769,39.81534013],[-107.130816001,39.815331153],[-107.130821506,39.8153300610001],[-107.130836119,39.8153237820001],[-107.130867904,39.815310122],[-107.130918305,39.815288234],[-107.130955701,39.815260132],[-107.130990108,39.8152408970001],[-107.131017044,39.815214123],[-107.131048667,39.815183441],[-107.131049065,39.8151516030001],[-107.131080373,39.81510374],[-107.131131077,39.8150871],[-107.131189498,39.815057096],[-107.131187884,39.8150663500001],[-107.131212916,39.8150446330001],[-107.1313633,39.8150388990001],[-107.1313992,39.8150472],[-107.131426807,39.8150647150001],[-107.1314323,39.815068201],[-107.1314675,39.8150811],[-107.131501,39.8150923000001],[-107.1314988,39.8151205010001],[-107.131515999,39.8151466],[-107.1314972,39.8151742000001],[-107.1314628,39.815197201],[-107.1314706,39.8152263000001],[-107.1315068,39.8152368],[-107.131542,39.8152415010001],[-107.131570499,39.8152591],[-107.1315926,39.8152836],[-107.131599376,39.815304811],[-107.131580613,39.8153277710001],[-107.131576982,39.8153532090001],[-107.131567042,39.8153781170001],[-107.131552744,39.815403217],[-107.131530396,39.815429393],[-107.131537293,39.81544932],[-107.131545259,39.8154742830001],[-107.131554028,39.8155117790001],[-107.131537666,39.815542384],[-107.131540716,39.8155693080001],[-107.131545684,39.8155944110001],[-107.131554857,39.8156111500001],[-107.131549101,39.815646788],[-107.131540794,39.8156622280001],[-107.131518081,39.815680125],[-107.131520903,39.815695686],[-107.131531391,39.815717239],[-107.131535489,39.8157386830001],[-107.131524361,39.8157697730001],[-107.13153801,39.815793833],[-107.131551489,39.815814941],[-107.131569689,39.815830915],[-107.131594153,39.815844241],[-107.131622511,39.8158570910001],[-107.131660706,39.815890956],[-107.131680213,39.815930171],[-107.131685567,39.8159637630001],[-107.131706749,39.8160110600001],[-107.131722107,39.8160515210001],[-107.131722915,39.816097417],[-107.131718968,39.8161327870001],[-107.131742529,39.816166014],[-107.131779079,39.816201806],[-107.131801051,39.8162342030001],[-107.131835529,39.8162648810001],[-107.131830216,39.8162960380001],[-107.131852785,39.8163266990001],[-107.131906693,39.816350089],[-107.131929909,39.8163909090001],[-107.131956068,39.8164346770001],[-107.13199898,39.8164576880001],[-107.13204317,39.8164874340001],[-107.132085592,39.8165133590001],[-107.132127953,39.816511662],[-107.132225558,39.816604236],[-107.132254652,39.8166806040001],[-107.13231687,39.816728976],[-107.132406892,39.816766919],[-107.132464659,39.8168101970001],[-107.13255696,39.8168500510001],[-107.132641161,39.8168877370001],[-107.13276557,39.816883546],[-107.13286203,39.816870647],[-107.132949778,39.8168362490001],[-107.133029148,39.816808005],[-107.133121853,39.816792864],[-107.133200184,39.8167745060001],[-107.13334058,39.816805378],[-107.133454642,39.816806811],[-107.133563656,39.8167477710001],[-107.133657779,39.816671602],[-107.133765669,39.816581177],[-107.133866089,39.8165564060001],[-107.133983503,39.816533414],[-107.134095304,39.816481346],[-107.134071519,39.8164265880001],[-107.134062907,39.816321681],[-107.134142662,39.816250301],[-107.134193637,39.8161582990001],[-107.134267269,39.8161007950001],[-107.134306506,39.8160139940001],[-107.134355662,39.81594354],[-107.134381596,39.8158844480001],[-107.13438284,39.8158325900001],[-107.134446354,39.81581134],[-107.134502707,39.8158070280001],[-107.1345471,39.8157923000001],[-107.1345811,39.8157785000001],[-107.1346191,39.8157667990001],[-107.1346511,39.8157535],[-107.1346716,39.8157268],[-107.1346549,39.8157021000001],[-107.134654963,39.81569906],[-107.134655245,39.8156857370001],[-107.1346555,39.8156736990001],[-107.1346851,39.815655801],[-107.1347244,39.8156434000001],[-107.1347603,39.8156433],[-107.1347945,39.8156331000001],[-107.1348328,39.8156305000001],[-107.1348738,39.8156275000001],[-107.1349103,39.8156314],[-107.1349417,39.8156569000001],[-107.134947,39.8156866],[-107.1349464,39.8157144],[-107.1349467,39.8157488000001],[-107.134948999,39.8157784000001],[-107.1349608,39.815804901],[-107.134957801,39.8158335000001],[-107.1349374,39.815861399],[-107.1349533,39.815886199],[-107.1349572,39.8159149000001],[-107.1349697,39.8159409],[-107.134992799,39.8159621],[-107.1350186,39.8159820000001],[-107.134983231,39.8159785400001],[-107.1349818,39.8159783990001],[-107.1349466,39.8159830000001],[-107.134949299,39.8160127990001],[-107.134971001,39.8160353000001],[-107.1350066,39.8160486],[-107.135017944,39.816054208],[-107.135042,39.8160661000001],[-107.1350766,39.8160769],[-107.1351131,39.8160821000001],[-107.1351228,39.816109],[-107.13511,39.8161357010001],[-107.135137201,39.8161545],[-107.1351454,39.8161821],[-107.1351625,39.8162064000001],[-107.1352003,39.8162032000001],[-107.1352248,39.8161781000001],[-107.1352531,39.8161529000001],[-107.1352747,39.8161293000001],[-107.1353103,39.8161356000001],[-107.135342801,39.8161549000001],[-107.1353636,39.8161803],[-107.135384399,39.8162027000001],[-107.1353976,39.8162282000001],[-107.1354031,39.8162582],[-107.1354349,39.8162736],[-107.135466101,39.8162874000001],[-107.1354906,39.8163112],[-107.1355073,39.8163358],[-107.135551901,39.8163436],[-107.1355797,39.8163253000001],[-107.1356206,39.8163278000001],[-107.1356623,39.8163363],[-107.13567256,39.816333464],[-107.135682107,39.8163335780001],[-107.135711699,39.8163428],[-107.135711786,39.8163428140001],[-107.1357485,39.8163491],[-107.135785701,39.8163467000001],[-107.1357966,39.8163505310001],[-107.135820699,39.8163590010001],[-107.1358517,39.8163423],[-107.135884,39.8163617010001],[-107.1359228,39.8163704],[-107.135943225,39.816364241],[-107.1359563,39.8163603],[-107.135996001,39.8163616000001],[-107.1360315,39.8163592000001],[-107.136056526,39.8163691020001],[-107.1360641,39.8163721000001],[-107.136099799,39.8163807],[-107.1361758,39.8163868],[-107.1362128,39.8163777],[-107.136251999,39.816377496],[-107.1362822,39.8163983000001],[-107.1363251,39.8164100000001],[-107.1363675,39.8164024000001],[-107.136401401,39.8163908000001],[-107.136413715,39.8163844270001],[-107.136435601,39.8163731000001],[-107.136445488,39.81638579],[-107.1364543,39.8163971000001],[-107.1364687,39.8164271000001],[-107.1364876,39.8164566],[-107.136529599,39.8164556],[-107.136561799,39.8164387],[-107.136603,39.8164515],[-107.136628499,39.8164323],[-107.1366647,39.8164256000001],[-107.136678199,39.8163959],[-107.1366894,39.8164234000001],[-107.136694383,39.8164195000001],[-107.136730916,39.8164256840001],[-107.136765816,39.8164191160001],[-107.136801566,39.8164254000001],[-107.136844799,39.8164205670001],[-107.1368842,39.816424167],[-107.1369205,39.816421667],[-107.136962784,39.816423333],[-107.1369996,39.816416733],[-107.137034683,39.8164110660001],[-107.137054466,39.8164386660001],[-107.137100199,39.81643],[-107.1371365,39.8164290010001],[-107.1371795,39.8164202],[-107.137210699,39.8164037000001],[-107.1372425,39.8163871],[-107.137271075,39.8163840220001],[-107.137298323,39.8163750140001],[-107.137323429,39.8163612920001],[-107.137343591,39.8163574800001],[-107.137353399,39.8163526000001],[-107.1373798,39.8163196],[-107.137416401,39.8163177000001],[-107.137439799,39.8163384000001],[-107.1374529,39.8163657000001],[-107.137475499,39.8163886],[-107.137503,39.8164064000001],[-107.1375368,39.8164188000001],[-107.1375777,39.8164217],[-107.137615201,39.816424999],[-107.137651099,39.8164205],[-107.1376892,39.8164172],[-107.137727201,39.8164228000001],[-107.137762901,39.8164325000001],[-107.137796101,39.8164472],[-107.1378314,39.8164411000001],[-107.1378689,39.8164297000001],[-107.1379021,39.8164164],[-107.1379297,39.8163987],[-107.1379565,39.816376],[-107.1379914,39.8163653990001],[-107.1380305,39.8163580990001],[-107.1380632,39.8163468000001],[-107.1380858,39.8163175],[-107.1381124,39.816336601],[-107.138136899,39.8163583],[-107.138166199,39.8163781000001],[-107.1381763,39.8164046000001],[-107.1382169,39.8164134],[-107.138249901,39.8163991000001],[-107.138285601,39.8164015],[-107.1383222,39.8164054010001],[-107.1383567,39.8164151],[-107.1383689,39.8164410000001],[-107.138395399,39.8164604],[-107.1384057,39.8164901000001],[-107.1384402,39.8165050000001],[-107.1384522,39.8165325000001],[-107.1384851,39.8165505010001],[-107.1385076,39.8165756000001],[-107.1385325,39.8166005],[-107.1385525,39.816624],[-107.1385635,39.816651],[-107.1385897,39.8166704000001],[-107.1386072,39.8166966000001],[-107.138629,39.816719],[-107.138655499,39.8167423990001],[-107.138687099,39.8167297000001],[-107.1387218,39.8167403],[-107.1387504,39.8167614010001],[-107.138782599,39.8167753000001],[-107.138818899,39.8167892000001],[-107.1388406,39.8168122000001],[-107.1388485,39.8168404],[-107.1388413,39.8168680000001],[-107.138858,39.8168941000001],[-107.1388926,39.8169037000001],[-107.138923099,39.8168843],[-107.1389418,39.8168596],[-107.138975699,39.8168798],[-107.139015,39.8168773],[-107.139030001,39.8169053],[-107.1390183,39.8169319],[-107.1390839,39.8170052],[-107.139092501,39.8170328],[-107.1391355,39.817010999],[-107.1391713,39.8169952000001],[-107.1392019,39.8169719000001],[-107.139196901,39.8169731],[-107.1392198,39.8169520000001],[-107.139247099,39.8169759],[-107.1392804,39.8169868000001],[-107.139307901,39.8170073000001],[-107.1393283,39.8170358],[-107.1393551,39.8170590010001],[-107.1393761,39.8170832000001],[-107.139401,39.8171045],[-107.1394032,39.8171382],[-107.1394293,39.8171574],[-107.1394591,39.8171818000001],[-107.1394383,39.8172101000001],[-107.1394232,39.8172362],[-107.1394459,39.8172627000001],[-107.1394688,39.8172860010001],[-107.1394924,39.8173069000001],[-107.139529201,39.8173088],[-107.1395347,39.8173365000001],[-107.13957,39.8173403000001],[-107.139584,39.8173082000001],[-107.1396294,39.8173068],[-107.139698498,39.8173118300001],[-107.139745747,39.817326628],[-107.139824968,39.817346666],[-107.139920413,39.8173527650001],[-107.140004598,39.8173353930001],[-107.140074942,39.8173329420001],[-107.140109974,39.8172967630001],[-107.140177428,39.8172454740001],[-107.140182782,39.817205954],[-107.140168677,39.8171472000001],[-107.140159298,39.8171040890001],[-107.140150769,39.817057457],[-107.14014124,39.817020879],[-107.140131417,39.8169789200001],[-107.140124037,39.81694493],[-107.1401286,39.816941301],[-107.140147123,39.8168913900001],[-107.140176878,39.816868228],[-107.140163446,39.816837525],[-107.140149854,39.8168084220001],[-107.140143668,39.816779265],[-107.140147224,39.816738813],[-107.140161524,39.8167095900001],[-107.14018781,39.816686331],[-107.140209604,39.8166537110001],[-107.140251606,39.816630973],[-107.140219779,39.8166066410001],[-107.140220389,39.8165702960001],[-107.140242948,39.8165474910001],[-107.140262797,39.81651616],[-107.140264702,39.8164712600001],[-107.140304952,39.816418846],[-107.140325363,39.816396739],[-107.140367718,39.8163746120001],[-107.140419998,39.8163158470001],[-107.140429738,39.816271214],[-107.140451741,39.8162523300001],[-107.140466732,39.816217077],[-107.140469889,39.8161870210001],[-107.140483237,39.8161633820001],[-107.14048943,39.816128457],[-107.140502765,39.8160991720001],[-107.140487721,39.816074455],[-107.140486787,39.816048327],[-107.140475167,39.8160363970001],[-107.140461129,39.8160160560001],[-107.140471747,39.8159948270001],[-107.140473424,39.815970699],[-107.140492053,39.8159261260001],[-107.140499769,39.815851959],[-107.140567177,39.815830933],[-107.14062166,39.815816942],[-107.140643891,39.815793376],[-107.140647107,39.8157679830001],[-107.14069061,39.8156321920001],[-107.140771046,39.815538114],[-107.140833517,39.8155197090001],[-107.140947217,39.8154592180001],[-107.141029592,39.815399766],[-107.141099904,39.8153484910001],[-107.141185649,39.815271583],[-107.141267591,39.815189027],[-107.141407543,39.8151459700001],[-107.141525438,39.815049242],[-107.141573394,39.8149877490001],[-107.141684317,39.8149054240001],[-107.141711895,39.8148282820001],[-107.141833893,39.8147484770001],[-107.141966533,39.8147384430001],[-107.142046673,39.8147110780001],[-107.142117378,39.8146178380001],[-107.142245034,39.8145568150001],[-107.142343088,39.814495074],[-107.142357252,39.814486156],[-107.142515062,39.8144620950001],[-107.142741133,39.81442831],[-107.142787203,39.814431572],[-107.144496612,39.814552592],[-107.146531725,39.815205071],[-107.147271341,39.8160052000001],[-107.147426455,39.8158371590001],[-107.147220128,39.8144778290001],[-107.147911931,39.8142108170001],[-107.148688691,39.8142957750001],[-107.14900425,39.8147812510001],[-107.14904066,39.8156429690001],[-107.148712966,39.8163469080001],[-107.148518775,39.8170265740001],[-107.148701896,39.816921376],[-107.149089208,39.8166988780001],[-107.149540839,39.816583075],[-107.149722845,39.816414491],[-107.149995062,39.816162347],[-107.150153591,39.8153924860001],[-107.151041151,39.8148813880001],[-107.151387649,39.814908609],[-107.151395215,39.8148783460001],[-107.151483378,39.81491613],[-107.151898183,39.814948718],[-107.152784473,39.814448617],[-107.153743711,39.8141740290001],[-107.154217266,39.8143750500001],[-107.154744306,39.813974714],[-107.155719359,39.8141851560001],[-107.156531371,39.814900182],[-107.157075155,39.81614713],[-107.157338106,39.816958863],[-107.157079047,39.817905524],[-107.156787209,39.818518097],[-107.156722958,39.8188029610001],[-107.156534221,39.818992532],[-107.15649684,39.8189831230001],[-107.156462614,39.818964631],[-107.15642312,39.818971225],[-107.156383388,39.818971597],[-107.156349534,39.8189819180001],[-107.156310169,39.818973779],[-107.15627162,39.8189757160001],[-107.156234311,39.8189815470001],[-107.156203429,39.8189965830001],[-107.15617815,39.819022653],[-107.156136495,39.819015188],[-107.156109434,39.818992952],[-107.15606878,39.8189998190001],[-107.156037992,39.8190213510001],[-107.156000661,39.81904071],[-107.15596625,39.8190609860001],[-107.15594939,39.819087046],[-107.15592644,39.819111508],[-107.155921257,39.819139765],[-107.155913019,39.819171367],[-107.155883429,39.8191974530001],[-107.155891342,39.819225412],[-107.155867093,39.8192483650001],[-107.155843038,39.819271654],[-107.155831104,39.8193071370001],[-107.155804902,39.8193323420001],[-107.155771152,39.819343657],[-107.155783815,39.8193741790001],[-107.155819882,39.8193683390001],[-107.155859755,39.8193623380001],[-107.155897727,39.8193534930001],[-107.155937256,39.8193351730001],[-107.155931545,39.819306435],[-107.155953145,39.8192825940001],[-107.155968041,39.8192488550001],[-107.155989211,39.8192262800001],[-107.156028014,39.8192062530001],[-107.156072478,39.8192036990001],[-107.156114932,39.819208684],[-107.156149831,39.8192204480001],[-107.156194884,39.819235559],[-107.156238492,39.819226132],[-107.156273829,39.8192345910001],[-107.156316957,39.819249674],[-107.156363722,39.8192541350001],[-107.156404858,39.819249346],[-107.156436803,39.8192680510001],[-107.156482308,39.8192774130001],[-107.156495995,39.819283166],[-107.156525375,39.8192955160001],[-107.156568826,39.819295476],[-107.15661236,39.8192793540001],[-107.156649527,39.8192918990001],[-107.156697728,39.819295314],[-107.156738976,39.8193022130001],[-107.156764715,39.819331875],[-107.15679625,39.8193474620001],[-107.156829829,39.8193636020001],[-107.156866082,39.819373426],[-107.15688262,39.819400101],[-107.156889714,39.8194286610001],[-107.15689176,39.819465666],[-107.156918709,39.819498256],[-107.156927754,39.8195291800001],[-107.156942111,39.819559059],[-107.156969199,39.8195777380001],[-107.157005155,39.81958805],[-107.157048154,39.8196046320001],[-107.157085152,39.819623624],[-107.15712547,39.819615109],[-107.157170834,39.819624015],[-107.157177275,39.819651675],[-107.157144541,39.8196702820001],[-107.15714885,39.8197020150001],[-107.157108629,39.819715913],[-107.157075266,39.8197391320001],[-107.157070998,39.819771759],[-107.157077399,39.819801495],[-107.157084203,39.8198372960001],[-107.157043476,39.819832003],[-107.156999393,39.819808724],[-107.156971729,39.819774001],[-107.156934741,39.8197548530001],[-107.156897284,39.819758198],[-107.156866483,39.8197754070001],[-107.156847518,39.8197993900001],[-107.156827181,39.8198221800001],[-107.15684568,39.819849133],[-107.156877483,39.8198666000001],[-107.156885165,39.819898375],[-107.156867357,39.819930152],[-107.156879263,39.8199657580001],[-107.156913618,39.8200012400001],[-107.156907906,39.8200295010001],[-107.156896245,39.820069727],[-107.156885429,39.820103938],[-107.156898575,39.820130491],[-107.156917369,39.8201573270001],[-107.156912161,39.82018485],[-107.156924989,39.8202126960001],[-107.156961821,39.8202236230001],[-107.156979364,39.820249419],[-107.156967966,39.820280923],[-107.156945592,39.8203079360001],[-107.156909402,39.8203073940001],[-107.156877565,39.820326299],[-107.156854777,39.8203045590001],[-107.156812926,39.820308519],[-107.156769564,39.8203057800001],[-107.156730005,39.820311716],[-107.156680043,39.820310179],[-107.156644733,39.8203206330001],[-107.156602446,39.820324801],[-107.156558769,39.820328805],[-107.156520434,39.8203295690001],[-107.156480689,39.8203186550001],[-107.156488275,39.8202912890001],[-107.156453573,39.8203132200001],[-107.156408362,39.820315958],[-107.156357925,39.820319886],[-107.156354178,39.820290781],[-107.156328467,39.820268291],[-107.156298759,39.820251596],[-107.156262132,39.8202472300001],[-107.156218065,39.8202212850001],[-107.156183858,39.820249474],[-107.156144565,39.8202422470001],[-107.156104803,39.8202291280001],[-107.156072277,39.8202141360001],[-107.156034325,39.8201999230001],[-107.156016223,39.8201757590001],[-107.155997914,39.8201515850001],[-107.155972946,39.8201303160001],[-107.155935909,39.820115281],[-107.155963802,39.820092134],[-107.155944809,39.820062072],[-107.155927753,39.8200298790001],[-107.15588655,39.820030311],[-107.155852679,39.820043023],[-107.155842511,39.8200794030001],[-107.155808582,39.8201065490001],[-107.155762309,39.820097393],[-107.155716381,39.8201013250001],[-107.155676629,39.8200855090001],[-107.155699392,39.8200598170001],[-107.155735626,39.820038213],[-107.155773066,39.82001998],[-107.155808943,39.819995181],[-107.155807445,39.8199639900001],[-107.155772739,39.8199709420001],[-107.155748172,39.819954819],[-107.155736472,39.8199471410001],[-107.155726805,39.8199155720001],[-107.155732656,39.8198745540001],[-107.155712907,39.8198516050001],[-107.15568238,39.8198294220001],[-107.155657604,39.819862019],[-107.155608846,39.819865726],[-107.155584527,39.819892387],[-107.155580432,39.819921976],[-107.155533684,39.819915397],[-107.15548936,39.8199232910001],[-107.155454138,39.8199427970001],[-107.155417814,39.819945886],[-107.155402172,39.819977389],[-107.155370523,39.8200006800001],[-107.155331164,39.82001166],[-107.155318196,39.820041684],[-107.155316617,39.8200807850001],[-107.15528117,39.8200878330001],[-107.155237714,39.8200801260001],[-107.155195397,39.820074155],[-107.155169548,39.8201010810001],[-107.155129892,39.8200986480001],[-107.15507874,39.8200877620001],[-107.155039512,39.820074725],[-107.155003316,39.8200669120001],[-107.154975339,39.8200489640001],[-107.154935972,39.820042228],[-107.154906109,39.820059305],[-107.154856446,39.8200695830001],[-107.154840836,39.8201045000001],[-107.154853264,39.8201329170001],[-107.154854345,39.8201655010001],[-107.154874928,39.820189548],[-107.154898837,39.820215262],[-107.154906627,39.8202433600001],[-107.154874756,39.820262251],[-107.154851432,39.820287277],[-107.154834929,39.8203200950001],[-107.154828968,39.820353219],[-107.154784602,39.820361152],[-107.154779005,39.8203956360001],[-107.154766639,39.82043279],[-107.154771778,39.820466159],[-107.154749458,39.8204970790001],[-107.154743746,39.8205292330001],[-107.154728564,39.820562157],[-107.154702071,39.8205910720001],[-107.154713479,39.820617671],[-107.154731168,39.820652685],[-107.154729808,39.820657016],[-107.154726586,39.820667266],[-107.154720597,39.82068632],[-107.154681696,39.8207024530001],[-107.154648855,39.8207171550001],[-107.154622005,39.8207355870001],[-107.154611694,39.820718244],[-107.154605783,39.8207083020001],[-107.154609996,39.820674389],[-107.154573683,39.8206607480001],[-107.154536009,39.820652217],[-107.154512387,39.8206245800001],[-107.154517708,39.8205956690001],[-107.154538021,39.8205612960001],[-107.15455154,39.820533733],[-107.154551932,39.8204919180001],[-107.154533708,39.820465717],[-107.154555225,39.8204342110001],[-107.1545723,39.8203990170001],[-107.154600925,39.8203677020001],[-107.154566015,39.8203424170001],[-107.154527568,39.8203371720001],[-107.154493752,39.820316792],[-107.15445547,39.820326036],[-107.154418286,39.8203207510001],[-107.154340455,39.820439799],[-107.154312466,39.820571257],[-107.154358265,39.820765475],[-107.154356358,39.8208506070001],[-107.153662696,39.8212101930001],[-107.153110722,39.8209806200001],[-107.152674033,39.821372035],[-107.152162774,39.8216806780001],[-107.152187679,39.8218415520001],[-107.152211633,39.822040971],[-107.152070787,39.8221499470001],[-107.151906065,39.8220957670001],[-107.151814472,39.8218292230001],[-107.151211545,39.8220031750001],[-107.151210273,39.82202119],[-107.151249573,39.82209979],[-107.151403512,39.82283396],[-107.151578615,39.8229634900001],[-107.151492713,39.823186202],[-107.151339995,39.8233993700001],[-107.151191652,39.8234258190001],[-107.150885466,39.823713995],[-107.150181528,39.8237504050001],[-107.149077071,39.8239688690001],[-107.149380493,39.8242965650001],[-107.149339948,39.8243404890001],[-107.149451518,39.824407432],[-107.14935378,39.8245296050001],[-107.149145626,39.8245510040001],[-107.149089208,39.8246121240001],[-107.148938454,39.82479714],[-107.148960787,39.8248920550001],[-107.148832505,39.825022373],[-107.148601673,39.825063313],[-107.148518775,39.8251097360001],[-107.148494943,39.8254274990001],[-107.148571867,39.825458127],[-107.148533179,39.82559659],[-107.148465165,39.825680247],[-107.148544155,39.8258625330001],[-107.148434787,39.826071326],[-107.148186224,39.8261409240001],[-107.148071687,39.8259928360001],[-107.147814836,39.8259350440001],[-107.147280813,39.8259471810001],[-107.147181509,39.8259273200001],[-107.147132252,39.8259732930001],[-107.146961209,39.8260018],[-107.146875688,39.8260140180001],[-107.146855818,39.8259514000001],[-107.146784327,39.8259371020001],[-107.146749716,39.825840962],[-107.146613284,39.8258136750001],[-107.145994303,39.8257165800001],[-107.145703017,39.8259471810001],[-107.14565447,39.8263112870001],[-107.145071901,39.8264690660001],[-107.144895901,39.8264439230001],[-107.144790587,39.82651493],[-107.144582891,39.826453843],[-107.144571909,39.826397639],[-107.144307276,39.8263598350001],[-107.144003208,39.8264915980001],[-107.143985504,39.8267026770001],[-107.143702142,39.827204775],[-107.14359846,39.8272085680001],[-107.143554025,39.827259946],[-107.143460195,39.827325106],[-107.143358303,39.827282602],[-107.142855854,39.827295323],[-107.142791661,39.8273537760001],[-107.142553177,39.82737984],[-107.142471064,39.8273820590001],[-107.142340015,39.827473223],[-107.14180809,39.827279344],[-107.141731257,39.8270074750001],[-107.141335722,39.8270020420001],[-107.140958358,39.8269700160001],[-107.14096949,39.82717039],[-107.141181711,39.827408597],[-107.141027774,39.8275412190001],[-107.141070842,39.8278139760001],[-107.141211538,39.8278709250001],[-107.141211538,39.8281045740001],[-107.141335819,39.82828354],[-107.141019153,39.8283441780001],[-107.141211084,39.828508691],[-107.141355704,39.8285122180001],[-107.141390503,39.828686212],[-107.141300949,39.8287495180001],[-107.141370152,39.8289571270001],[-107.140787582,39.82913918],[-107.140512197,39.829351015],[-107.140510589,39.8294418450001],[-107.140192428,39.8296406950001],[-107.139904095,39.829586012],[-107.139734584,39.8293869030001],[-107.139088419,39.8294061920001],[-107.138639354,39.82972175],[-107.138190289,39.82972175],[-107.138178153,39.829321233],[-107.137437804,39.829260549],[-107.137222465,39.829077512],[-107.136896479,39.8293076210001],[-107.136404323,39.82942196],[-107.136345722,39.8292181300001],[-107.136272662,39.8291998650001],[-107.136102746,39.829029948],[-107.135559311,39.828674318],[-107.135184653,39.8287510870001],[-107.134756524,39.829306683],[-107.134316825,39.8295769860001],[-107.134290646,39.8296040050001],[-107.134707005,39.829563971],[-107.136187704,39.829563971],[-107.136636769,39.830182952],[-107.136894598,39.8305052380001],[-107.136931277,39.830455983],[-107.137025731,39.8301825630001],[-107.13737372,39.8301875350001],[-107.137403548,39.8303167880001],[-107.1374533,39.8304646730001],[-107.137618268,39.8304219190001],[-107.137569454,39.83066261],[-107.13728328,39.8306973270001],[-107.137290997,39.8306747190001],[-107.137193576,39.8308789610001],[-107.137219339,39.830911165],[-107.137317219,39.8310615660001],[-107.137638375,39.8312526190001],[-107.137845352,39.8318181020001],[-107.13751539,39.8319830900001],[-107.137438346,39.832151185],[-107.137264352,39.832270495],[-107.137085599,39.832268174],[-107.136598788,39.8325805440001],[-107.13670313,39.8327625370001],[-107.13690145,39.832623455],[-107.137110243,39.832673168],[-107.137154984,39.8327228810001],[-107.137309094,39.83283722],[-107.137196241,39.8330314310001],[-107.137387754,39.833168734],[-107.137310748,39.83346785],[-107.137386721,39.83350533],[-107.137512917,39.833423829],[-107.137597427,39.833597823],[-107.137791306,39.833717134],[-107.137786335,39.8338414150001],[-107.137756508,39.8340601510001],[-107.137650953,39.834112164],[-107.137769868,39.8342512340001],[-107.137735653,39.8343145320001],[-107.137865875,39.834358427],[-107.138015013,39.834437967],[-107.137945416,39.8346567030001],[-107.137716737,39.8347710420001],[-107.137552288,39.834758392],[-107.137541606,39.834806461],[-107.13736649,39.8347881350001],[-107.13735842,39.8347434790001],[-107.137264352,39.8347362430001],[-107.137237652,39.834465908],[-107.13719629,39.834457925],[-107.137116034,39.834545824],[-107.136979606,39.834545824],[-107.136977723,39.834458248],[-107.136696401,39.8343521960001],[-107.136447274,39.834012483],[-107.135852018,39.8340767],[-107.135984655,39.8345143810001],[-107.135895699,39.8346548550001],[-107.135994947,39.8347986650001],[-107.135998236,39.834803429],[-107.136051363,39.83488041],[-107.13596188,39.8351936],[-107.135713316,39.8352631980001],[-107.135772972,39.8355117610001],[-107.135762459,39.835535414],[-107.1358271,39.8355537580001],[-107.135835244,39.8356596420001],[-107.135751759,39.8357227650001],[-107.135678787,39.835695608],[-107.135454811,39.835770267],[-107.13505711,39.8358150080001],[-107.134798604,39.835760324],[-107.134619639,39.835606215],[-107.134500328,39.83539245],[-107.134381018,39.835163772],[-107.134378109,39.835033835],[-107.134266679,39.8349114800001],[-107.133816158,39.8345231000001],[-107.133101538,39.834095882],[-107.132697623,39.8342512340001],[-107.132262636,39.834476495],[-107.131796581,39.834958086],[-107.131666066,39.8348966670001],[-107.131609428,39.834929607],[-107.131563405,39.8348483560001],[-107.131532482,39.834833804],[-107.131388468,39.834539514],[-107.131349551,39.83447081],[-107.131050891,39.834616312],[-107.130701348,39.8351212060001],[-107.129909053,39.8351678110001],[-107.129497369,39.8351134380001],[-107.129160214,39.834854611],[-107.129099766,39.8345886390001],[-107.129177015,39.834083551],[-107.129169511,39.834074892],[-107.129050524,39.8340998890001],[-107.128920205,39.834048984],[-107.128844865,39.8339593900001],[-107.128846901,39.833867759],[-107.128866304,39.833779936],[-107.128743913,39.833691967],[-107.128549723,39.8336764320001],[-107.128433209,39.834033741],[-107.128044828,39.8340803470001],[-107.127811801,39.8338939240001],[-107.127671983,39.833723037],[-107.127411983,39.8336912],[-107.127294151,39.83380041],[-107.127322019,39.833876413],[-107.127274295,39.833962317],[-107.127178845,39.833920956],[-107.127162705,39.833845092],[-107.127089413,39.833855086],[-107.127078917,39.8336504170001],[-107.125885435,39.833528847],[-107.125271795,39.8333579600001],[-107.125242363,39.8333405600001],[-107.125046533,39.83377741],[-107.124931474,39.83382448],[-107.124914941,39.8339349550001],[-107.124811092,39.833949208],[-107.124750628,39.833898462],[-107.124704759,39.833917227],[-107.124308611,39.833723037],[-107.124185001,39.833597051],[-107.124103578,39.8335140610001],[-107.123960592,39.8335282560001],[-107.123893543,39.833467462],[-107.123733808,39.833723037],[-107.123591881,39.8338919990001],[-107.123500477,39.8340206340001],[-107.123511977,39.8340774910001],[-107.123475222,39.834153626],[-107.123511976,39.8342281720001],[-107.123428491,39.83433202],[-107.123424982,39.8344864150001],[-107.123582551,39.834680862],[-107.123685056,39.8346700340001],[-107.123737998,39.8346496720001],[-107.123772614,39.834727048],[-107.123670682,39.8347971270001],[-107.123780414,39.8349891570001],[-107.12361438,39.8350516830001],[-107.12358999,39.8351776920001],[-107.123497723,39.8352190530001],[-107.123362198,39.8351466490001],[-107.123340933,39.835154657],[-107.12318618,39.8351607660001],[-107.123057897,39.8351220770001],[-107.123035656,39.8350369840001],[-107.12288714,39.8349891570001],[-107.122607506,39.834748361],[-107.122630809,39.8344065860001],[-107.12291821,39.8340803470001],[-107.122980938,39.8339339820001],[-107.122829838,39.833831107],[-107.122840503,39.8337364670001],[-107.122343407,39.8335521500001],[-107.122188056,39.83377741],[-107.122029299,39.833783183],[-107.12193797,39.8338942300001],[-107.121798647,39.8337915710001],[-107.121760837,39.8337929460001],[-107.121652091,39.8340803470001],[-107.121473436,39.8341347200001],[-107.121294781,39.834352213],[-107.121320377,39.834404826],[-107.121408549,39.8343992150001],[-107.121406514,39.8345274980001],[-107.121394731,39.834557664],[-107.121434597,39.834639614],[-107.121465287,39.8347112210001],[-107.121530724,39.834739266],[-107.121567376,39.8348166430001],[-107.121544449,39.834895933],[-107.121854048,39.835198882],[-107.121854047,39.835532889],[-107.121574415,39.8357659170001],[-107.121473435,39.8355095860001],[-107.121355558,39.835336236],[-107.121288413,39.8353277370001],[-107.121204927,39.83525036],[-107.121062391,39.8350426640001],[-107.12106732,39.8350088670001],[-107.120937471,39.8349114800001],[-107.120634535,39.834624079],[-107.120448113,39.834701755],[-107.120533556,39.8349658540001],[-107.120735513,39.835136741],[-107.120721666,39.835212901],[-107.12080379,39.835252396],[-107.120756957,39.8353664250001],[-107.120594058,39.8353969680001],[-107.120460974,39.835335295],[-107.120362669,39.835346466],[-107.120184014,39.834958086],[-107.120090802,39.8349114800001],[-107.119842239,39.83449203],[-107.119337345,39.834088115],[-107.119135387,39.834165791],[-107.119360648,39.8343910510001],[-107.119376183,39.834608544],[-107.11932181,39.834818269],[-107.118956732,39.834958086],[-107.118358627,39.834810502],[-107.118155835,39.83475372],[-107.118262542,39.8349284770001],[-107.118297035,39.835077734],[-107.118300591,39.835122132],[-107.118632046,39.835278111],[-107.11865203,39.835408913],[-107.118699088,39.835433052],[-107.118843026,39.8352667770001],[-107.118960747,39.8353463170001],[-107.119040287,39.835483126],[-107.118952264,39.8356701750001],[-107.118974555,39.835683526],[-107.119102944,39.835796875],[-107.119158006,39.835686749],[-107.119285271,39.8358140140001],[-107.119249985,39.8359501150001],[-107.119362928,39.836071739],[-107.11944117,39.836087632],[-107.119495257,39.8361894440001],[-107.119527073,39.836253076],[-107.11942208,39.836294437],[-107.119251616,39.836214075],[-107.119164352,39.8362811920001],[-107.119021786,39.8364269210001],[-107.118784977,39.8364779550001],[-107.118545484,39.8362815770001],[-107.118395013,39.836096227],[-107.118381748,39.8360674370001],[-107.118189604,39.835914433],[-107.118065323,39.8355515310001],[-107.117866471,39.835198571],[-107.117573166,39.835119031],[-107.117508539,39.8348505820001],[-107.117714727,39.834366356],[-107.117690613,39.8341191850001],[-107.117492531,39.8339458630001],[-107.117513512,39.8342092890001],[-107.117463799,39.8344876800001],[-107.117302451,39.834618585],[-107.117346386,39.8349018700001],[-107.117106359,39.8352640030001],[-107.117160552,39.835447134],[-107.117071069,39.8357056400001],[-107.116852333,39.8359939740001],[-107.116629398,39.8359836050001],[-107.116319998,39.8364504050001],[-107.116270711,39.836445219],[-107.116234107,39.8365903270001],[-107.116097297,39.8365585110001],[-107.116078208,39.836485334],[-107.116045223,39.8364214920001],[-107.115672514,39.836382273],[-107.115608895,39.8364883040001],[-107.115135071,39.8366669590001],[-107.114762226,39.83637179],[-107.114777754,39.8362755220001],[-107.114167556,39.8355405670001],[-107.113964028,39.8355763870001],[-107.113879516,39.835481933],[-107.113937705,39.8352637240001],[-107.113744199,39.835030655],[-107.112780116,39.83581465],[-107.112487322,39.8357190780001],[-107.112373643,39.8357975170001],[-107.112357504,39.8359508230001],[-107.112227186,39.836036345],[-107.112151686,39.836024455],[-107.112158933,39.8360668880001],[-107.112158842,39.836121222],[-107.112175873,39.836122925],[-107.11214981,39.836168537],[-107.112091165,39.836208936],[-107.112054677,39.8361737500001],[-107.112070918,39.8361516030001],[-107.111980395,39.836158111],[-107.111928268,39.836021277],[-107.111929571,39.835946995],[-107.112011144,39.8359190130001],[-107.112029672,39.835885664],[-107.112127563,39.8357962850001],[-107.111962311,39.8355477050001],[-107.111730349,39.835471989],[-107.110486231,39.835308873],[-107.11029966,39.836201009],[-107.110134326,39.8362053430001],[-107.110128596,39.8362244420001],[-107.11001724,39.836291255],[-107.109875058,39.8362121380001],[-107.109132203,39.836231609],[-107.109062359,39.8365109850001],[-107.108972876,39.836560698],[-107.108835118,39.836503758],[-107.108808824,39.836640238],[-107.108751482,39.836629594],[-107.108735051,39.83669532],[-107.108624063,39.836689628],[-107.10861733,39.836717591],[-107.108499612,39.8367494070001],[-107.10835366,39.8367077070001],[-107.108331583,39.8367346920001],[-107.108237129,39.8369931980001],[-107.107923939,39.8371572500001],[-107.107516295,39.837291474],[-107.107382071,39.837137365],[-107.107347272,39.8372765600001],[-107.107466583,39.837445583],[-107.107404929,39.8374787820001],[-107.107500586,39.837567081],[-107.107338324,39.8375893520001],[-107.107281468,39.8375452600001],[-107.107208076,39.8375847790001],[-107.106601582,39.8373859280001],[-107.106333134,39.8374008420001],[-107.105975203,39.8373063880001],[-107.105753629,39.8372192520001],[-107.105469037,39.8373841430001],[-107.105505589,39.8374881770001],[-107.105530023,39.8376184960001],[-107.105544277,39.8378363730001],[-107.105582966,39.8379157860001],[-107.105584586,39.8379595380001],[-107.105617581,39.8380603580001],[-107.105699682,39.838125517],[-107.105855821,39.838125517],[-107.105959668,39.838198822],[-107.105971886,39.838306742],[-107.105898082,39.8383706110001],[-107.106057408,39.838471677],[-107.106122566,39.8385755240001],[-107.106128676,39.8387058430001],[-107.106130712,39.8387893290001],[-107.106242704,39.8388585600001],[-107.106240668,39.8389644440001],[-107.106132748,39.8390255310001],[-107.106024829,39.8390520020001],[-107.105941343,39.8390173860001],[-107.105906727,39.8388707780001],[-107.10580695,39.838868742],[-107.105668488,39.8388015460001],[-107.10568885,39.838663082],[-107.105700946,39.838638385],[-107.105521623,39.8386074680001],[-107.105486627,39.838489748],[-107.105620059,39.8384031040001],[-107.105621654,39.8383576480001],[-107.105629799,39.8382130750001],[-107.105481153,39.838257872],[-107.105428212,39.8384085530001],[-107.105334546,39.838447242],[-107.105240879,39.838414662],[-107.105090198,39.8383087780001],[-107.105023002,39.8384105900001],[-107.105118705,39.8384553870001],[-107.105153321,39.838508329],[-107.105073907,39.838565343],[-107.10501893,39.8385062930001],[-107.104776618,39.838496111],[-107.104524126,39.8384166980001],[-107.104420279,39.8384900030001],[-107.104450822,39.8385877420001],[-107.104536344,39.8386345750001],[-107.10453838,39.8386915900001],[-107.104483401,39.8387058430001],[-107.104395842,39.838636611],[-107.1042248,39.8387058430001],[-107.104070046,39.838652901],[-107.103984525,39.8387038070001],[-107.1036628,39.838779147],[-107.103604246,39.8388095500001],[-107.103678478,39.8389618200001],[-107.103981725,39.8391606700001],[-107.104081151,39.8394340900001],[-107.10427503,39.8396080840001],[-107.104172904,39.8396810310001],[-107.104429457,39.8400018360001],[-107.10432765,39.840060153],[-107.104382608,39.8401537300001],[-107.104373063,39.8402937210001],[-107.104303068,39.8404018960001],[-107.104194893,39.84038917],[-107.104207619,39.840303266],[-107.104143074,39.840251804],[-107.104087881,39.8403813240001],[-107.104032052,39.8403762980001],[-107.10397218,39.8404528020001],[-107.103930819,39.840503708],[-107.103673109,39.840500526],[-107.103585574,39.840451111],[-107.10356479,39.8404638270001],[-107.103187036,39.840421678],[-107.102929877,39.840194468],[-107.102792184,39.840069355],[-107.102355708,39.8399438590001],[-107.102055481,39.8398129890001],[-107.101897721,39.840093692],[-107.101601237,39.839817651],[-107.101463866,39.8392789050001],[-107.101366466,39.839002823],[-107.100619188,39.8402264540001],[-107.0995011,39.840793493],[-107.099022585,39.840845793],[-107.09899576,39.8408968270001],[-107.098871551,39.840919226],[-107.098869443,39.840913809],[-107.098817971,39.8409682230001],[-107.098697308,39.8408813450001],[-107.09856846,39.8408954280001],[-107.098541171,39.8410064020001],[-107.098560261,39.8411336660001],[-107.098436178,39.841155938],[-107.098331185,39.8410573080001],[-107.098275728,39.840927423],[-107.098005796,39.840956926],[-107.0978378,39.8410388300001],[-107.097876215,39.8410859420001],[-107.097855479,39.841221884],[-107.097879905,39.8412246600001],[-107.097922478,39.84123837],[-107.0979653,39.841143211],[-107.09804484,39.8410509450001],[-107.098137107,39.84110185],[-107.098172104,39.841197299],[-107.098238918,39.8412959290001],[-107.098382091,39.8412991100001],[-107.098493447,39.8412863840001],[-107.098515718,39.8414072850001],[-107.098273916,39.8415218230001],[-107.09814347,39.841582273],[-107.097948389,39.841523212],[-107.097790311,39.8415932180001],[-107.097682391,39.841564711],[-107.097596869,39.8415117690001],[-107.097568362,39.8414160660001],[-107.097507275,39.8414282840001],[-107.097415645,39.8413916310001],[-107.097340304,39.8415789650001],[-107.097397319,39.841668559],[-107.09734234,39.841705211],[-107.097205913,39.8417479720001],[-107.097169261,39.841837566],[-107.097068887,39.8418913740001],[-107.097186466,39.84198446],[-107.09728329,39.841908834],[-107.097409536,39.8418640370001],[-107.097420606,39.841865802],[-107.097599414,39.8417636250001],[-107.097669411,39.8418558920001],[-107.097612141,39.841995883],[-107.097531308,39.842006391],[-107.097436007,39.842053406],[-107.097324788,39.8420939690001],[-107.09857442,39.843083296],[-107.098627202,39.8430593040001],[-107.09866589,39.8429860000001],[-107.098775847,39.8429676740001],[-107.098763629,39.843051159],[-107.098706615,39.8430857750001],[-107.098679667,39.84316662],[-107.098899041,39.843340298],[-107.098926528,39.8432731080001],[-107.099014086,39.843212022],[-107.099052774,39.843187587],[-107.099095535,39.8431265],[-107.099101644,39.843222203],[-107.099079245,39.843293471],[-107.098993723,39.8433362320001],[-107.09897679,39.8434018510001],[-107.099240312,39.8436104800001],[-107.097973375,39.8441165570001],[-107.097841887,39.84415096],[-107.097859543,39.8443991440001],[-107.097837144,39.8444805930001],[-107.097930811,39.844474485],[-107.098075382,39.8442871510001],[-107.098191448,39.844333985],[-107.098156833,39.844472448],[-107.098109999,39.8445762960001],[-107.098203666,39.8445742600001],[-107.098279007,39.8445844410001],[-107.098319731,39.844663854],[-107.098297333,39.844739195],[-107.098191448,39.8447778830001],[-107.098107962,39.8448471150001],[-107.097957282,39.8447514120001],[-107.097879905,39.8448002810001],[-107.097808637,39.84480639],[-107.097741442,39.844759557],[-107.097655921,39.8447778830001],[-107.097576507,39.844891912],[-107.097434567,39.844910741],[-107.097434567,39.8451759020001],[-107.097434567,39.845404581],[-107.097335141,39.845613374],[-107.097255602,39.845966334],[-107.097114811,39.8460517570001],[-107.097160352,39.846061981],[-107.097157171,39.8462019720001],[-107.096912187,39.846341963],[-107.096848555,39.846459682],[-107.096734017,39.846545586],[-107.096737198,39.846625126],[-107.096587662,39.8467173930001],[-107.096629024,39.846857383],[-107.096784921,39.8468382940001],[-107.096823102,39.8467651170001],[-107.096950366,39.8467619350001],[-107.09703627,39.8467905700001],[-107.097147626,39.8468732920001],[-107.097243074,39.8468319310001],[-107.097284435,39.8467460270001],[-107.097351249,39.8466728500001],[-107.097538965,39.8467142110001],[-107.097645614,39.84684746],[-107.097872499,39.846814287],[-107.098013644,39.846839435],[-107.098023319,39.8469680540001],[-107.098136969,39.8470813370001],[-107.098285256,39.846989287],[-107.098532505,39.846927028],[-107.098515191,39.847024779],[-107.098529683,39.8470412560001],[-107.09854196,39.8470759520001],[-107.098519526,39.8471157550001],[-107.098622059,39.8471951000001],[-107.098663559,39.8473648030001],[-107.098555857,39.8473554300001],[-107.098579351,39.847465071],[-107.098413907,39.8475159770001],[-107.098296187,39.84750325],[-107.098204162,39.8474136470001],[-107.098150724,39.8474249830001],[-107.098107419,39.847380441],[-107.097972291,39.847383628],[-107.097971536,39.847384258],[-107.097905935,39.8473851950001],[-107.097895304,39.8475287030001],[-107.097987571,39.8477577790001],[-107.097981208,39.8478373190001],[-107.098022569,39.8478532280001],[-107.098168923,39.84778005],[-107.098251645,39.8478341380001],[-107.098213465,39.847980492],[-107.098076657,39.8479582210001],[-107.097943028,39.8480823030001],[-107.098003479,39.8482732000001],[-107.097799856,39.848257292],[-107.097771222,39.8483559220001],[-107.09745306,39.8484036460001],[-107.097233529,39.8484163730001],[-107.096972637,39.8484418250001],[-107.096857564,39.8484198260001],[-107.096610558,39.8486007320001],[-107.096024571,39.8485475630001],[-107.095588088,39.848385525],[-107.095560231,39.8484080750001],[-107.095501587,39.8484119840001],[-107.0954247,39.848359857],[-107.095340624,39.8482993480001],[-107.095163773,39.848391431],[-107.095184913,39.8484198040001],[-107.09527744,39.848473234],[-107.095452067,39.8485292710001],[-107.095565444,39.8485240590001],[-107.095647545,39.848551426],[-107.095684034,39.848646558],[-107.095764832,39.8486100690001],[-107.095865177,39.848677835],[-107.095772651,39.8487351750001],[-107.095680125,39.8487456],[-107.095643635,39.8487990310001],[-107.095659274,39.8488329140001],[-107.09580914,39.8487977280001],[-107.095792199,39.8489019830001],[-107.095647545,39.84892935],[-107.095558928,39.848930653],[-107.09545337,39.848888951],[-107.09542079,39.8488850420001],[-107.095335329,39.8489196100001],[-107.095356538,39.8490186920001],[-107.09516578,39.848974174],[-107.095141908,39.8489945090001],[-107.095075446,39.849010148],[-107.09500377,39.8489775680001],[-107.094971395,39.8489288100001],[-107.094443989,39.8488057280001],[-107.094413426,39.848822489],[-107.094281804,39.848851159],[-107.094225479,39.8488210610001],[-107.09414071,39.8488019690001],[-107.094038367,39.84882198],[-107.094053747,39.848881132],[-107.094064172,39.8489371690001],[-107.094128028,39.848938472],[-107.094204916,39.848930653],[-107.094341751,39.8489345630001],[-107.094397788,39.8489684460001],[-107.094427761,39.849042727],[-107.094337841,39.849132647],[-107.094267469,39.849178259],[-107.094367816,39.8492199610001],[-107.094343054,39.8492994550001],[-107.094271379,39.849365918],[-107.094300049,39.8493880720001],[-107.094363905,39.8495040560001],[-107.09446034,39.8494897210001],[-107.094565899,39.849548364],[-107.094679277,39.849626555],[-107.094773106,39.8496747730001],[-107.094806989,39.8497438420001],[-107.094826537,39.849872858],[-107.094814808,39.849994054],[-107.094810899,39.850115251],[-107.094857813,39.850202564],[-107.094857813,39.850285968],[-107.094881271,39.850395436],[-107.094984222,39.8504788400001],[-107.095074142,39.8505505150001],[-107.095102814,39.850456686],[-107.095239647,39.8504345320001],[-107.095324355,39.8504345320001],[-107.095474221,39.8504553830001],[-107.095489859,39.8505531220001],[-107.095368663,39.850566154],[-107.095332174,39.8506404350001],[-107.0954247,39.8506508610001],[-107.095491162,39.850673015],[-107.095544593,39.8507616320001],[-107.095562838,39.8508619770001],[-107.095506801,39.8509062860001],[-107.09545728,39.8509297430001],[-107.095496375,39.8509727480001],[-107.09557196,39.8509975090001],[-107.09569055,39.8510157530001],[-107.09578047,39.8511082800001],[-107.09572313,39.8511486780001],[-107.095671002,39.8511226150001],[-107.095549806,39.851106976],[-107.09555502,39.8511942900001],[-107.095513317,39.851254237],[-107.095448157,39.851323306],[-107.095399832,39.8513476470001],[-107.095352482,39.851469405],[-107.095412211,39.851663128],[-107.09552126,39.8516421150001],[-107.09553839,39.851703021],[-107.095461669,39.8516803430001],[-107.09542956,39.851719394],[-107.095441559,39.851758311],[-107.095493142,39.8517698300001],[-107.095520667,39.8518307150001],[-107.09551733,39.851937472],[-107.095460245,39.851970878],[-107.095379863,39.8521690910001],[-107.095035348,39.8524816010001],[-107.09468589,39.8526140340001],[-107.094604726,39.8525251300001],[-107.094129659,39.8527788600001],[-107.093953518,39.8523385030001],[-107.093667285,39.8522449270001],[-107.09341408,39.8524816190001],[-107.093646036,39.8528288040001],[-107.093770109,39.85286517],[-107.09375954,39.8530518810001],[-107.093629194,39.8531540440001],[-107.093383686,39.853063052],[-107.093298486,39.8530540830001],[-107.093251068,39.8531133550001],[-107.093393326,39.8531792430001],[-107.093409234,39.853249239],[-107.093393326,39.8533033260001],[-107.093384021,39.8533056520001],[-107.093391727,39.8533080600001],[-107.093499892,39.85331197],[-107.093587205,39.8532533260001],[-107.093713614,39.8532442040001],[-107.093812657,39.853249417],[-107.093888242,39.8533171830001],[-107.093957311,39.8533458530001],[-107.094013348,39.853390161],[-107.094049837,39.853468352],[-107.094118906,39.853515267],[-107.094182762,39.853593458],[-107.094165821,39.853688591],[-107.094184066,39.8537563570001],[-107.094232283,39.8537472350001],[-107.094281804,39.8538084840001],[-107.094320463,39.8538324420001],[-107.094330242,39.8538304320001],[-107.094499338,39.853703609],[-107.09453809,39.853495761],[-107.094693096,39.8535873550001],[-107.094693096,39.8536144080001],[-107.094777326,39.8535833080001],[-107.094856866,39.853570581],[-107.0949205,39.8536787560001],[-107.094885501,39.853809202],[-107.094864929,39.8538354880001],[-107.094881271,39.8538632180001],[-107.094922973,39.8539179520001],[-107.094921669,39.8540196010001],[-107.09483175,39.8540626060001],[-107.094777016,39.8541147330001],[-107.09478255,39.854218761],[-107.094820021,39.854237233],[-107.094810044,39.854286642],[-107.094812202,39.8542906640001],[-107.094834356,39.8543831900001],[-107.094864329,39.854497871],[-107.094933398,39.8544613810001],[-107.095020712,39.854480929],[-107.095092388,39.854391009],[-107.095179701,39.854353217],[-107.09521619,39.8544509560001],[-107.095321748,39.8544496530001],[-107.095392757,39.8545139780001],[-107.095614089,39.8545218830001],[-107.095621279,39.854523844],[-107.095681428,39.854497871],[-107.095755711,39.854512206],[-107.095772651,39.85456694],[-107.095736475,39.854573692],[-107.095655451,39.8546364210001],[-107.095480463,39.8546396020001],[-107.095394559,39.854741414],[-107.095298147,39.854806436],[-107.095516256,39.8549173500001],[-107.095180656,39.8550205000001],[-107.094656537,39.855013553],[-107.094629755,39.855059544],[-107.09458675,39.8550895180001],[-107.094436884,39.8550686670001],[-107.09441622,39.855010367],[-107.094320024,39.855009092],[-107.093857815,39.854930487],[-107.093401184,39.855130434],[-107.093265135,39.855110096],[-107.093252912,39.85514519],[-107.093192862,39.855175215],[-107.093139482,39.855202739],[-107.093076929,39.855190228],[-107.09302105,39.8551418540001],[-107.092965168,39.85514936],[-107.092916597,39.8551554740001],[-107.092840876,39.8552515810001],[-107.092959461,39.8554601860001]],[[-107.133913525,39.8296402670001],[-107.133910679,39.829639189],[-107.133910586,39.8296405500001],[-107.133913525,39.8296402670001]],[[-107.074645499,39.8196147990001],[-107.074621201,39.8196377],[-107.0745858,39.8196588000001],[-107.0745607,39.8196808000001],[-107.0745679,39.8197138],[-107.074587401,39.8197378],[-107.074620799,39.8197552],[-107.0746492,39.8197746000001],[-107.0746828,39.8197936],[-107.0747176,39.8198007],[-107.0747534,39.8198121],[-107.0747607,39.8198078],[-107.0747548,39.8197803],[-107.07478,39.8197491],[-107.0747944,39.8197144000001],[-107.0747854,39.8196851000001],[-107.0747622,39.819663],[-107.0747611,39.8196326],[-107.0747696,39.8196029000001],[-107.074749201,39.819574],[-107.0747286,39.8195460000001],[-107.074700199,39.8195282],[-107.074655,39.8195332000001],[-107.0746288,39.8195561000001],[-107.0746353,39.8195868],[-107.074645499,39.8196147990001]],[[-107.1023956,39.8146267000001],[-107.1023877,39.8145987],[-107.102357501,39.8145712],[-107.102357601,39.8145432000001],[-107.1023493,39.8145101000001],[-107.1023087,39.8145040000001],[-107.102298093,39.814481506],[-107.102298027,39.814481367],[-107.1022858,39.8145035000001],[-107.1022653,39.8145283000001],[-107.102234,39.8145463000001],[-107.1022132,39.8145687000001],[-107.1021907,39.8145914],[-107.1021836,39.8146191000001],[-107.1021853,39.8146484000001],[-107.102183201,39.8146816],[-107.1021705,39.8147074010001],[-107.1021795,39.814736],[-107.1022098,39.8147559000001],[-107.102218499,39.8147852000001],[-107.1022397,39.8148084000001],[-107.1022603,39.8148335000001],[-107.102277,39.8148587000001],[-107.102303499,39.8148826],[-107.102314335,39.814893924],[-107.1023341,39.8148844],[-107.1023463,39.8148525],[-107.1023722,39.8148312000001],[-107.102383801,39.8148017],[-107.1023729,39.814774099],[-107.1023563,39.814742299],[-107.1023597,39.8147138],[-107.102384501,39.8146868000001],[-107.1023953,39.8146568000001],[-107.1023956,39.8146267000001]],[[-107.1033367,39.8161404000001],[-107.1033526,39.8161149000001],[-107.103354701,39.8160872],[-107.1033683,39.8160599],[-107.1033734,39.8160288],[-107.1033563,39.8160043],[-107.1033547,39.8159718000001],[-107.1033572,39.8159411990001],[-107.1033686,39.8159125],[-107.103383201,39.8158811000001],[-107.103382799,39.8158523000001],[-107.103372001,39.8158216],[-107.1033681,39.8157914000001],[-107.1033602,39.8157640000001],[-107.103358501,39.8157353],[-107.103364,39.8157076000001],[-107.1033736,39.815681],[-107.1033696,39.8156507],[-107.103373,39.815618],[-107.103347201,39.815595601],[-107.1033624,39.815567],[-107.1033813,39.8155397],[-107.1033984,39.8155155000001],[-107.1034299,39.8155004000001],[-107.1034438,39.8154747990001],[-107.1034556,39.8154487],[-107.1034665,39.8154188010001],[-107.103474199,39.8153871000001],[-107.103479,39.8153587],[-107.1034472,39.8153356],[-107.1034087,39.8153310000001],[-107.103370967,39.8153163330001],[-107.103326334,39.8153310340001],[-107.1032997,39.8153691000001],[-107.103263301,39.8153608000001],[-107.103234799,39.8153406000001],[-107.1032421,39.8153117000001],[-107.1032365,39.8152829000001],[-107.1032174,39.8152555],[-107.1031796,39.8152362000001],[-107.103142,39.8152385000001],[-107.1031032,39.8152367000001],[-107.1030719,39.8152208000001],[-107.1030415,39.8152045],[-107.1030049,39.8151991],[-107.1029809,39.8151786],[-107.1029602,39.8151545000001],[-107.1029845,39.8151276],[-107.1029792,39.815091399],[-107.102971901,39.8150638000001],[-107.1029598,39.8150329000001],[-107.102934401,39.8150072],[-107.102897999,39.8150122000001],[-107.1028679,39.8150283000001],[-107.102828001,39.8150273000001],[-107.1028066,39.814996099],[-107.1027873,39.8149719],[-107.1027539,39.8149602],[-107.1027186,39.8149517000001],[-107.1026815,39.8149540000001],[-107.102642101,39.8149552],[-107.1026117,39.8149294],[-107.1025697,39.8149349],[-107.102536,39.8149519],[-107.102499901,39.814959899],[-107.1024645,39.814966101],[-107.1024246,39.8149714],[-107.102388,39.8149613],[-107.102373254,39.814963295],[-107.1023705,39.8149845],[-107.102404699,39.8149994],[-107.1024187,39.8150307000001],[-107.1024398,39.8150577000001],[-107.102436299,39.8150863000001],[-107.102459301,39.8151093000001],[-107.1024793,39.8151372990001],[-107.1024935,39.8151655],[-107.102511501,39.8151923990001],[-107.1025326,39.8152155000001],[-107.1025187,39.8152437000001],[-107.102525601,39.8152739000001],[-107.1025298,39.8153071],[-107.102515301,39.8153325000001],[-107.1025287,39.8153625],[-107.1025461,39.8153960010001],[-107.1025381,39.8154228000001],[-107.1025364,39.8154518000001],[-107.102549,39.8154803],[-107.1025831,39.8154931],[-107.102576199,39.8155212],[-107.1025874,39.8155478],[-107.1026032,39.8155743],[-107.102593601,39.8156012000001],[-107.102577699,39.8156315000001],[-107.102564,39.8156691],[-107.1025605,39.8157028000001],[-107.102571,39.8157305],[-107.1025604,39.8157594],[-107.1025811,39.8157988],[-107.1026074,39.8158248],[-107.1026432,39.8158308000001],[-107.1026722,39.8158485000001],[-107.1027,39.815865699],[-107.102729401,39.8158866000001],[-107.1027579,39.8159032],[-107.102782301,39.8159271000001],[-107.102806599,39.8159537000001],[-107.1028134,39.8159826],[-107.1028165,39.8160119],[-107.102822301,39.8160440010001],[-107.102832799,39.8160776990001],[-107.1028443,39.8161092010001],[-107.1028486,39.8161384000001],[-107.1028459,39.8161694],[-107.1028374,39.8161992],[-107.1028326,39.8162281],[-107.102840399,39.8162559],[-107.102834999,39.8162837],[-107.1028333,39.8163199000001],[-107.1028281,39.8163529],[-107.1028317,39.8163809000001],[-107.1028306,39.8164140000001],[-107.1028228,39.8164427],[-107.1027926,39.8164654],[-107.1027559,39.8164748],[-107.1027106,39.8164809990001],[-107.1026851,39.816510599],[-107.1027149,39.816531001],[-107.1027323,39.816557],[-107.1027564,39.8165811000001],[-107.1027743,39.8166052],[-107.1027859,39.8166339000001],[-107.1027963,39.8166662],[-107.1028002,39.8166951000001],[-107.1028184,39.8167256],[-107.102854399,39.816715001],[-107.1028892,39.8167246],[-107.102924599,39.8167392],[-107.102958999,39.8167518000001],[-107.102979801,39.8167281],[-107.1029809,39.8166974000001],[-107.1030008,39.8166739000001],[-107.103026701,39.8166549000001],[-107.1030617,39.816641901],[-107.1030808,39.8166178000001],[-107.103113899,39.8166053],[-107.103150401,39.8165921],[-107.1031769,39.8165704],[-107.1032044,39.8165494],[-107.1032315,39.8165269],[-107.103237299,39.8164983],[-107.103252,39.8164713],[-107.103272701,39.8164434],[-107.1032665,39.8164146],[-107.1032331,39.8164047000001],[-107.1032278,39.8164018000001],[-107.1032349,39.8163745000001],[-107.1032528,39.8163465000001],[-107.1032534,39.8163179000001],[-107.103242199,39.816288],[-107.1032388,39.8162584],[-107.1032638,39.8162377],[-107.103274,39.8162078],[-107.1032785,39.8161795],[-107.1033005,39.816155199],[-107.1033367,39.8161404000001]],[[-107.1149868,39.816915701],[-107.1149705,39.816946],[-107.1149517,39.8169724000001],[-107.114925899,39.8169967000001],[-107.1149267,39.8170267],[-107.1149174,39.8170547],[-107.114930443,39.817081553],[-107.114931,39.8170827000001],[-107.1149331,39.8171104],[-107.1149306,39.8171391990001],[-107.114956,39.8171608000001],[-107.1149507,39.8171938],[-107.1149397,39.8172251],[-107.1149197,39.8172505000001],[-107.1149046,39.8172779000001],[-107.1148983,39.817306],[-107.114904001,39.8173343],[-107.114908801,39.8173667],[-107.114881801,39.8173854],[-107.114846699,39.817394199],[-107.1148114,39.8173877],[-107.114774,39.8173881000001],[-107.1147413,39.8173999000001],[-107.1147024,39.8174107],[-107.114694001,39.8174396000001],[-107.1146843,39.8174693],[-107.1146786,39.8174979],[-107.1146702,39.8175256000001],[-107.114648001,39.8175517],[-107.1146337,39.8175802000001],[-107.1146283,39.8176109],[-107.114654099,39.8176347],[-107.114680499,39.8176540000001],[-107.114706,39.8176745000001],[-107.114708801,39.8177022],[-107.1147351,39.8177212000001],[-107.1147714,39.8177184],[-107.1148018,39.8177380000001],[-107.114805101,39.8177678000001],[-107.1148359,39.8177818],[-107.1148449,39.8178091],[-107.1148525,39.8178363000001],[-107.1148904,39.8178416000001],[-107.1149278,39.8178324],[-107.114960401,39.8178116],[-107.114995299,39.8177974000001],[-107.1150212,39.8177775],[-107.1150485,39.8177585],[-107.1150673,39.8177315],[-107.1150791,39.8177028010001],[-107.115109,39.817686],[-107.115137,39.81766],[-107.1151505,39.8176307000001],[-107.115182799,39.8176144],[-107.1152215,39.8176217990001],[-107.115247401,39.8176428],[-107.115288801,39.8176401000001],[-107.115325899,39.8176510000001],[-107.115364999,39.8176562],[-107.1154035,39.8176511],[-107.1154359,39.8176311],[-107.115469,39.8176202010001],[-107.1154892,39.8175955],[-107.115527501,39.8175819000001],[-107.1155625,39.8175719000001],[-107.1155978,39.8175680000001],[-107.1156103,39.8175402000001],[-107.1156245,39.8175142000001],[-107.1156416,39.8174892000001],[-107.1156381,39.8174550000001],[-107.1156625,39.8174331000001],[-107.115697,39.8174461],[-107.1157201,39.8174685000001],[-107.115746799,39.8174872000001],[-107.1157734,39.8175102010001],[-107.1157969,39.8175354000001],[-107.1158272,39.8175534000001],[-107.115862599,39.8175614],[-107.1158986,39.8175610000001],[-107.115933201,39.8175494990001],[-107.1159692,39.8175406],[-107.1160047,39.8175348],[-107.1160417,39.817532],[-107.116077501,39.8175491000001],[-107.1161006,39.8175746000001],[-107.1161348,39.817585799],[-107.1161669,39.8175704000001],[-107.116199201,39.8175842000001],[-107.116196,39.8176152],[-107.1161645,39.8176309],[-107.116145299,39.8176569990001],[-107.1161123,39.8176749],[-107.1160904,39.8177026000001],[-107.116093101,39.8177315],[-107.116131,39.8177463010001],[-107.116155,39.8177680000001],[-107.1161864,39.8177825000001],[-107.1162267,39.8177897],[-107.1162451,39.817814899],[-107.116271501,39.8178336],[-107.1162454,39.8178538000001],[-107.116221299,39.8178756],[-107.1162173,39.8179033000001],[-107.1162166,39.8179311000001],[-107.1162203,39.817959],[-107.1162145,39.817987299],[-107.1162069,39.8180179],[-107.116233899,39.8180373000001],[-107.1162446,39.8180672],[-107.1162639,39.818081099],[-107.1162373,39.8181050000001],[-107.116203301,39.8181251990001],[-107.116176899,39.8181454],[-107.1161532,39.8181665000001],[-107.1161377,39.8181913000001],[-107.116143,39.8182185000001],[-107.1161136,39.8182369],[-107.1160744,39.8182332000001],[-107.1160537,39.8182584],[-107.1160558,39.8182866000001],[-107.116075099,39.8183100000001],[-107.116106799,39.8183229000001],[-107.1161399,39.8183398],[-107.116156401,39.8183642000001],[-107.1161598,39.8183916],[-107.1161624,39.8184217],[-107.1161607,39.8184492],[-107.116119101,39.8184349000001],[-107.1160816,39.8184268000001],[-107.1160512,39.8184421],[-107.116024301,39.8184614],[-107.1160014,39.8184889],[-107.1159902,39.8185161000001],[-107.1159795,39.818545],[-107.1160053,39.8185695000001],[-107.116025801,39.8185925000001],[-107.1160416,39.8186187000001],[-107.116025201,39.8186446],[-107.1159997,39.8186645000001],[-107.1159801,39.8186879],[-107.1159738,39.818715001],[-107.1159923,39.8187386000001],[-107.1160261,39.8187498],[-107.1160511,39.8187721],[-107.116119299,39.8187730000001],[-107.1161559,39.8187695990001],[-107.1161888,39.8187819],[-107.1162216,39.8187963],[-107.116235501,39.8188235000001],[-107.1162529,39.818850599],[-107.1162885,39.8188523000001],[-107.1163283,39.8188512],[-107.116364699,39.8188546000001],[-107.116398,39.8188648],[-107.116434,39.8188735000001],[-107.1164673,39.8188835990001],[-107.1164895,39.8189059000001],[-107.116492047,39.818908336],[-107.116488699,39.8188824000001],[-107.1164699,39.8188538000001],[-107.1164835,39.8188268000001],[-107.116502501,39.818803501],[-107.116508,39.8187726],[-107.1165224,39.8187473],[-107.116549699,39.8187271],[-107.1165768,39.8187081],[-107.1166112,39.8186969000001],[-107.1166438,39.8186796000001],[-107.116674299,39.8186592000001],[-107.1167062,39.8186456],[-107.116744399,39.8186325],[-107.116782001,39.8186263000001],[-107.1168189,39.818607],[-107.116845,39.8185816000001],[-107.116880901,39.8185618000001],[-107.1169092,39.8185438],[-107.1169512,39.8185398000001],[-107.1169887,39.8185311],[-107.1170263,39.8185255000001],[-107.1170625,39.8185295000001],[-107.117100199,39.8185222000001],[-107.1171328,39.8185109990001],[-107.117171401,39.8185073000001],[-107.117170399,39.8184754000001],[-107.1171734,39.8184460000001],[-107.117176101,39.8184176],[-107.117173799,39.8183883],[-107.117184901,39.8183606000001],[-107.1171896,39.8183323000001],[-107.1171628,39.8183094],[-107.117131301,39.8182943],[-107.117084,39.8183023],[-107.1170472,39.8183117],[-107.117008001,39.8183199000001],[-107.1169752,39.8183319],[-107.1169346,39.8183249000001],[-107.1169273,39.8182953],[-107.1169002,39.8182735],[-107.1168777,39.8182473000001],[-107.1168406,39.8182394],[-107.1168081,39.8182256000001],[-107.116783,39.8182058],[-107.1167924,39.8181776000001],[-107.116808001,39.8181506],[-107.116846501,39.8181505000001],[-107.116837699,39.8181188],[-107.116797701,39.8181183],[-107.1167666,39.8181033000001],[-107.116753699,39.8180750000001],[-107.116724,39.8180538],[-107.116681901,39.8180509000001],[-107.1166537,39.818033901],[-107.1166431,39.818006],[-107.1166516,39.8179793],[-107.1166863,39.8179635000001],[-107.1167226,39.8179598],[-107.116760699,39.8179656],[-107.1167992,39.8179701],[-107.116820301,39.8179472],[-107.1168384,39.8179214990001],[-107.1168674,39.8178991],[-107.1169007,39.8178753],[-107.1169213,39.8178519000001],[-107.116936101,39.8178237990001],[-107.116950899,39.8177974000001],[-107.1169698,39.817774001],[-107.116973799,39.8177425000001],[-107.1169714,39.8177089000001],[-107.116968799,39.8176813000001],[-107.116965699,39.8176538000001],[-107.1169758,39.8176215],[-107.1169806,39.8175909],[-107.1169884,39.8175564000001],[-107.1170094,39.8175292010001],[-107.1170291,39.817506101],[-107.11704,39.8174785],[-107.1170583,39.8174540000001],[-107.1170848,39.8174301990001],[-107.1171192,39.817414199],[-107.1171475,39.8173944000001],[-107.117144701,39.8173737020001],[-107.1171437,39.8173663000001],[-107.117140203,39.8173633480001],[-107.117118,39.8173446000001],[-107.1171136,39.8173156],[-107.117133717,39.817302141],[-107.116885661,39.817086827],[-107.116669398,39.816887265],[-107.116158474,39.816743564],[-107.11586985,39.8165368510001],[-107.115849551,39.8165223140001],[-107.115800545,39.8164299220001],[-107.115740188,39.8163367980001],[-107.1156497,39.8162889000001],[-107.115647871,39.8162895840001],[-107.1156157,39.8163016],[-107.1155869,39.8163207000001],[-107.1155727,39.8163467000001],[-107.1155527,39.8163710000001],[-107.115534101,39.8163984990001],[-107.115515,39.8164243000001],[-107.1155034,39.8164509000001],[-107.1154869,39.8164771],[-107.115477699,39.8165045010001],[-107.115469601,39.8165323000001],[-107.1154714,39.8165613],[-107.115469499,39.8165907000001],[-107.115455901,39.8166167000001],[-107.115441,39.8166454],[-107.115433,39.8166731000001],[-107.1154328,39.8167006],[-107.1154156,39.8167269],[-107.1153978,39.8167532000001],[-107.115365501,39.8167712000001],[-107.1153338,39.8167848000001],[-107.115298401,39.8167910000001],[-107.1152637,39.8167977000001],[-107.115235,39.8167790000001],[-107.1152106,39.8167565000001],[-107.115180201,39.8167387],[-107.1151467,39.8167242000001],[-107.1151082,39.8167229000001],[-107.115089301,39.816747401],[-107.1150892,39.8167773000001],[-107.1150879,39.8168066000001],[-107.1150752,39.8168362010001],[-107.115046399,39.8168529000001],[-107.115012899,39.8168684],[-107.114984999,39.8168865000001],[-107.1149868,39.816915701]],[[-107.115000208,39.8167760370001],[-107.115000368,39.816728449],[-107.115058924,39.8166525410001],[-107.115122922,39.8166547020001],[-107.115171773,39.8166563510001],[-107.115229122,39.816681175],[-107.115241319,39.8166883170001],[-107.115272423,39.816706529],[-107.11530327,39.816734974],[-107.115315602,39.816714072],[-107.115317638,39.816713199],[-107.115328631,39.816707073],[-107.115336416,39.816695569],[-107.115343923,39.8166840910001],[-107.115344059,39.8166653600001],[-107.115347793,39.8166524320001],[-107.1153557,39.8166250530001],[-107.115373323,39.81659111],[-107.11538137,39.8165757450001],[-107.115382298,39.816561231],[-107.115380131,39.8165263120001],[-107.115391184,39.816488373],[-107.11540297,39.816453272],[-107.115420861,39.816424866],[-107.115433412,39.8163960840001],[-107.115455975,39.816365606],[-107.115475539,39.8163366810001],[-107.115493572,39.8163147710001],[-107.115513005,39.8162791870001],[-107.115544552,39.8162582670001],[-107.115591584,39.81622759],[-107.115553759,39.8161968430001],[-107.115467048,39.816168513],[-107.115479303,39.8160766070001],[-107.115500179,39.816045536],[-107.115508643,39.816023498],[-107.115520785,39.815989673],[-107.115536628,39.815966459],[-107.115538724,39.815954558],[-107.115539192,39.815835474],[-107.115539228,39.815826659],[-107.115536247,39.815797284],[-107.115532192,39.8157639680001],[-107.115530053,39.8157400520001],[-107.115513643,39.8156954360001],[-107.11552588,39.815654024],[-107.115513146,39.815625717],[-107.115498392,39.815599649],[-107.11548141,39.815566447],[-107.115467306,39.815535174],[-107.115452229,39.8155069090001],[-107.115438156,39.8154823020001],[-107.115415467,39.8154533910001],[-107.115397039,39.8154175400001],[-107.115380062,39.815385667],[-107.115366452,39.815340458],[-107.115365251,39.8152969060001],[-107.11536193,39.815264106],[-107.115351155,39.8152236500001],[-107.115334045,39.8151901000001],[-107.115304638,39.8151585800001],[-107.115268472,39.8151203410001],[-107.11525367,39.8151021670001],[-107.11522595,39.8150883370001],[-107.115195342,39.8150738100001],[-107.115126886,39.8150413910001],[-107.115092334,39.8150117870001],[-107.11506385,39.8149901850001],[-107.115029672,39.8149762360001],[-107.11497142,39.814932636],[-107.114943672,39.8148832900001],[-107.114928747,39.814850893],[-107.1149079,39.8148134630001],[-107.11488695,39.8147764190001],[-107.114873647,39.8147530950001],[-107.114850058,39.814736214],[-107.114817659,39.814704313],[-107.114774283,39.8146603770001],[-107.1147546,39.814604047],[-107.114750412,39.814555049],[-107.114734833,39.8145129230001],[-107.114713253,39.8144679050001],[-107.114693142,39.814410932],[-107.114677989,39.8143652150001],[-107.11465054,39.814308978],[-107.114646144,39.8142692370001],[-107.114641176,39.8142620420001],[-107.114619205,39.8142576500001],[-107.114428774,39.814137219],[-107.114379228,39.814105886],[-107.114337867,39.814051799],[-107.114191513,39.813984985],[-107.113866988,39.813984985],[-107.113854262,39.8141663370001],[-107.113672909,39.814379505],[-107.113711089,39.8145672200001],[-107.113742906,39.814739027],[-107.11365382,39.814901289],[-107.113252938,39.815063551],[-107.113272027,39.8152799010001],[-107.113478832,39.8153244430001],[-107.113723816,39.815267174],[-107.113908349,39.815257629],[-107.11394971,39.8154835240001],[-107.113892441,39.815696691],[-107.113971983,39.8158875880001],[-107.113863807,39.816158025],[-107.113730179,39.8162789260001],[-107.113536101,39.8162057490001],[-107.113431108,39.816100756],[-107.113182942,39.815948039],[-107.112918869,39.815699873],[-107.112775696,39.815620333],[-107.112384358,39.8156394220001],[-107.112168008,39.8156839650001],[-107.112028018,39.815830319],[-107.111674859,39.8160021260001],[-107.11150798,39.8159848400001],[-107.111409563,39.816124406],[-107.110925521,39.8165980540001],[-107.110660912,39.8171999190001],[-107.110571289,39.817882549],[-107.111320926,39.8184696530001],[-107.112743697,39.8191936490001],[-107.112837083,39.8192411680001],[-107.113181389,39.8194163680001],[-107.113814579,39.818987893],[-107.114024304,39.8185762100001],[-107.114086638,39.8184093130001],[-107.113987101,39.818379502],[-107.113538846,39.818582672],[-107.113365754,39.8184378300001],[-107.113546919,39.8180675],[-107.113645118,39.818027009],[-107.113628113,39.817928146],[-107.11353241,39.8178609500001],[-107.113341005,39.8178466960001],[-107.113255483,39.8176675080001],[-107.113426526,39.817577914],[-107.113536483,39.817508682],[-107.113593497,39.8174068710001],[-107.113612957,39.8173321030001],[-107.113564406,39.81732279],[-107.113546663,39.8173193870001],[-107.113541298,39.8173180100001],[-107.113459106,39.8172969140001],[-107.113432634,39.8172012110001],[-107.113491686,39.817125871],[-107.113570997,39.8171294950001],[-107.113590791,39.817003852],[-107.113619554,39.81699352],[-107.113603678,39.8169039220001],[-107.113786939,39.816826545],[-107.113886714,39.816708444],[-107.114059794,39.816720661],[-107.11419622,39.8167186250001],[-107.114334685,39.816649393],[-107.114501656,39.8166453200001],[-107.114564779,39.816730842],[-107.114587179,39.8168326540001],[-107.114593286,39.816934465],[-107.114676772,39.8168224720001],[-107.114741931,39.816700299],[-107.114769597,39.816720059],[-107.114798946,39.8167410230001],[-107.114862068,39.816865233],[-107.114858609,39.816951745],[-107.114859357,39.816951041],[-107.114877643,39.816933819],[-107.114890157,39.8169162450001],[-107.114896957,39.8169036030001],[-107.114895686,39.8168829860001],[-107.114894013,39.816855843],[-107.114918739,39.8168398020001],[-107.114961031,39.816812364],[-107.114996628,39.8167958930001],[-107.114999393,39.816794401],[-107.115000208,39.8167760370001]]]},"properties":{"OBJECTID":43597,"poly_SourceOID":43970,"poly_IncidentName":"Derby","poly_FeatureCategory":"Wildfire Daily Fire Perimeter","poly_MapMethod":"Mixed Methods","poly_GISAcres":5451.6382391806364,"poly_DeleteThis":"No","poly_FeatureAccess":"Public","poly_FeatureStatus":"Approved","poly_IsVisible":"Yes","poly_CreateDate":1757284375000,"poly_DateCurrent":1760472124000,"poly_PolygonDateTime":1757286000000,"poly_IRWINID":"{8C6286CC-8A82-4ABE-A1E8-5C9F08980141}","poly_FORID":null,"poly_Acres_AutoCalc":5451.6180198173206,"poly_SourceGlobalID":"{3521D52B-B8A4-4752-A6AB-FFC15C93FE29}","poly_Source":"2025 NIFS","attr_SourceOID":38451954,"attr_ABCDMisc":null,"attr_ADSPermissionState":"ICS209","attr_CalculatedAcres":null,"attr_ContainmentDateTime":null,"attr_ControlDateTime":null,"attr_CreatedBySystem":"wildcade","attr_IncidentSize":5453,"attr_DiscoveryAcres":0.1,"attr_DispatchCenterID":"COGJC","attr_EstimatedCostToDate":23870000,"attr_FinalAcres":null,"attr_FFReportApprovedByTitle":null,"attr_FFReportApprovedByUnit":null,"attr_FFReportApprovedDate":null,"attr_FireBehaviorGeneral":"Minimal","attr_FireBehaviorGeneral1":"Smoldering","attr_FireBehaviorGeneral2":"Creeping","attr_FireBehaviorGeneral3":"Smoldering","attr_FireCause":"Natural","attr_FireCauseGeneral":null,"attr_FireCauseSpecific":null,"attr_FireCode":"S841","attr_FireDepartmentID":null,"attr_FireDiscoveryDateTime":1755448740000,"attr_FireMgmtComplexity":null,"attr_FireOutDateTime":null,"attr_FireStrategyConfinePercent":0,"attr_FireStrategyFullSuppPrcnt":100,"attr_FireStrategyMonitorPercent":0,"attr_FireStrategyPointZonePrcnt":0,"attr_FSJobCode":"P2","attr_FSOverrideCode":"0215","attr_GACC":"RMCC","attr_ICS209ReportDateTime":1763679778000,"attr_ICS209RptForTimePeriodFrom":1763073000000,"attr_ICS209RptForTimePeriodTo":1763677800000,"attr_ICS209ReportStatus":"U","attr_IncidentManagementOrg":"Type 5 IC","attr_IncidentName":"Derby","attr_IncidentShortDescription":"13 Miles N from Dotsero, CO","attr_IncidentTypeCategory":"WF","attr_IncidentTypeKind":"FI","attr_InitialLatitude":39.849358,"attr_InitialLongitude":-107.091013,"attr_InitialResponseAcres":null,"attr_InitialResponseDateTime":null,"attr_IrwinID":"{8C6286CC-8A82-4ABE-A1E8-5C9F08980141}","attr_IsFireCauseInvestigated":null,"attr_IsFireCodeRequested":0,"attr_IsFSAssisted":1,"attr_IsMultiJurisdictional":null,"attr_IsReimbursable":null,"attr_IsTrespass":null,"attr_IsUnifiedCommand":0,"attr_LocalIncidentIdentifier":"250367","attr_ModifiedBySystem":"ics209","attr_PercentContained":95,"attr_PercentPerimToBeContained":100,"attr_POOCity":"Dotsero, CO","attr_POOCounty":"Eagle","attr_POODispatchCenterID":"COGJC","attr_POOFips":"08037","attr_POOJurisdictionalAgency":"USFS","attr_POOJurisdictionalUnit":"COWRF","attr_POOJurisdictUnitParentUnit":null,"attr_POOLandownerCategory":"USFS","attr_POOLandownerKind":"Federal","attr_POOLegalDescPrincipalMerid":"6th Principal Meridian","attr_POOLegalDescQtr":null,"attr_POOLegalDescQtrQtr":null,"attr_POOLegalDescRange":"87W","attr_POOLegalDescSection":25,"attr_POOLegalDescTownship":"2S","attr_POOPredictiveServiceAreaID":"RM11","attr_POOProtectingAgency":"USFS","attr_POOProtectingUnit":"COWRF","attr_POOState":"US-CO","attr_PredominantFuelGroup":null,"attr_PredominantFuelModel":null,"attr_PrimaryFuelModel":"Short Grass (1 foot)","attr_SecondaryFuelModel":"Brush (2 feet)","attr_TotalIncidentPersonnel":8,"attr_UniqueFireIdentifier":"2025-COWRF-250367","attr_FORID":null,"attr_WFDSSDecisionStatus":"No Decision","attr_EstimatedFinalCost":null,"attr_OrganizationalAssessment":null,"attr_StratDecisionPublishDate":null,"attr_CreatedOnDateTime_dt":1755459546000,"attr_ModifiedOnDateTime_dt":1763679778000,"attr_Source":"IRWIN","attr_ActiveFireCandidate":1,"attr_IsCpxChild":0,"attr_CpxName":null,"attr_CpxID":null,"attr_SourceGlobalID":"{24D06ED6-8749-4D12-98E8-1688EF2760AE}","GlobalID":"5ed58cc3-787f-4e91-9946-f781f94ce66f","Shape__Area":0.0023211166881083045,"Shape__Length":0.74744495045788018,"attr_IncidentComplexityLevel":"Type 5 Incident"}},{"type":"Feature","id":43617,"geometry":{"type":"Polygon","coordinates":[[[-106.489062162787,39.0558766237931],[-106.48842924747,39.0557187439809],[-106.487775518512,39.0557813057565],[-106.487227046993,39.0555446053208],[-106.486486714336,39.0554922866684],[-106.485661939168,39.0552236421806],[-106.485651787436,39.0546154126039],[-106.48538966397,39.0544103826984],[-106.48517941407,39.0540329639366],[-106.484857138518,39.0543662487237],[-106.48438411248,39.05426406702],[-106.48398655691,39.0545264388185],[-106.483683580983,39.0541561660232],[-106.48333452608,39.0541185956584],[-106.483383775159,39.0537797284338],[-106.483043164305,39.0536516243203],[-106.48258604768,39.0534836011622],[-106.482277398227,39.0533391701961],[-106.482060069144,39.0533179562282],[-106.481547621139,39.052985882413],[-106.48127026278,39.052920735035],[-106.480923233425,39.0523028223941],[-106.480245897565,39.0519950605723],[-106.480231467235,39.0517382942205],[-106.480470462438,39.0513200276704],[-106.480958893539,39.0514445942999],[-106.481755361333,39.0509665286698],[-106.482396836818,39.0513060235591],[-106.483176927534,39.0516954576361],[-106.483633956781,39.0523878102147],[-106.484204162294,39.051820260954],[-106.48470365457,39.0520972456085],[-106.484727463003,39.0520385597762],[-106.485251104758,39.0517833847349],[-106.485472522908,39.0515900449398],[-106.48562534922,39.0513432128959],[-106.485748198127,39.0510464660745],[-106.485787316534,39.0507783874396],[-106.486099338932,39.0505498920809],[-106.486187847709,39.050187382086],[-106.486095197961,39.0500011531026],[-106.486357874303,39.0497709548699],[-106.486846093198,39.0495026316704],[-106.487183603637,39.0492472792751],[-106.487179268505,39.0489933874323],[-106.487688767246,39.0487655165651],[-106.487416964978,39.0485459973262],[-106.487238190675,39.0484110913065],[-106.487412883231,39.0482487483934],[-106.488018660542,39.0483846703109],[-106.488394547982,39.0483404983792],[-106.48880358362,39.0481657071538],[-106.488761567034,39.0476598964331],[-106.489183908485,39.0477490325527],[-106.489545867333,39.0480502309737],[-106.489776377836,39.0481885506991],[-106.490130388976,39.0485860248389],[-106.490494347894,39.0489681147732],[-106.490236247965,39.0492992595958],[-106.490193459028,39.0495267350468],[-106.49051054973,39.0499061889598],[-106.49079901452,39.0501944778138],[-106.491147990055,39.0505215398607],[-106.49141825278,39.0508758150513],[-106.491370216466,39.051109143706],[-106.491571462757,39.051104009726],[-106.491806422572,39.051673495164],[-106.492174485933,39.0515834540847],[-106.492174448459,39.051732056261],[-106.492321427695,39.0520414172802],[-106.492324296984,39.0524672018019],[-106.492299517491,39.0526461900083],[-106.492187158486,39.0531987069107],[-106.492378746487,39.0537526367245],[-106.492564516382,39.0541259773471],[-106.492955019612,39.054364818611],[-106.492988862777,39.0549772311115],[-106.492689896013,39.0554724573177],[-106.492207798002,39.0559777188636],[-106.491636804308,39.0564435686958],[-106.491033449486,39.0570568696066],[-106.490419396777,39.057229062381],[-106.490201857265,39.0572272662932],[-106.489526469508,39.0568067833502],[-106.489455447187,39.056674480052],[-106.489716466097,39.0562966662032],[-106.489742539747,39.056022400707],[-106.489062162787,39.0558766237931]],[[-106.483565248091,39.0549628403095],[-106.483780533999,39.0547376624459],[-106.483987952902,39.0549844059528],[-106.483565248091,39.0549628403095]],[[-106.488955539463,39.057496278634],[-106.488953974783,39.0574807705857],[-106.488999351739,39.0575083133266],[-106.48899090051,39.0575288528646],[-106.488959586162,39.0575139670989],[-106.488955539463,39.057496278634]],[[-106.48818190441,39.0582075817114],[-106.488267903243,39.0581814957813],[-106.488292926616,39.0582114890648],[-106.488285489757,39.0582352179837],[-106.488202877336,39.0582382520482],[-106.488132546065,39.0582622304215],[-106.488105827671,39.0582613739011],[-106.48818190441,39.0582075817114]]]},"properties":{"OBJECTID":43617,"poly_SourceOID":38274,"poly_IncidentName":"La Plata","poly_FeatureCategory":"Wildfire Daily Fire Perimeter","poly_MapMethod":"Mixed Methods","poly_GISAcres":133.09030440344134,"poly_DeleteThis":"No","poly_FeatureAccess":"Public","poly_FeatureStatus":"Approved","poly_IsVisible":"Yes","poly_CreateDate":1755892416000,"poly_DateCurrent":1756059627000,"poly_PolygonDateTime":null,"poly_IRWINID":"{451B824A-0173-4409-BA80-8276B016E925}","poly_FORID":null,"poly_Acres_AutoCalc":133.089812334357,"poly_SourceGlobalID":"{B2B0E24F-751B-42AE-9621-2489258B7D84}","poly_Source":"2025 NIFS","attr_SourceOID":38452220,"attr_ABCDMisc":null,"attr_ADSPermissionState":"ICS209","attr_CalculatedAcres":133.09,"attr_ContainmentDateTime":null,"attr_ControlDateTime":null,"attr_CreatedBySystem":"wildcade","attr_IncidentSize":133,"attr_DiscoveryAcres":0.5,"attr_DispatchCenterID":"COPBC","attr_EstimatedCostToDate":1470000,"attr_FinalAcres":null,"attr_FFReportApprovedByTitle":null,"attr_FFReportApprovedByUnit":null,"attr_FFReportApprovedDate":null,"attr_FireBehaviorGeneral":"Minimal","attr_FireBehaviorGeneral1":"Smoldering","attr_FireBehaviorGeneral2":"Backing","attr_FireBehaviorGeneral3":"Backing","attr_FireCause":"Human","attr_FireCauseGeneral":null,"attr_FireCauseSpecific":null,"attr_FireCode":"S82T","attr_FireDepartmentID":null,"attr_FireDiscoveryDateTime":1755474360000,"attr_FireMgmtComplexity":null,"attr_FireOutDateTime":null,"attr_FireStrategyConfinePercent":0,"attr_FireStrategyFullSuppPrcnt":100,"attr_FireStrategyMonitorPercent":0,"attr_FireStrategyPointZonePrcnt":0,"attr_FSJobCode":"P2","attr_FSOverrideCode":"0212","attr_GACC":"RMCC","attr_ICS209ReportDateTime":1764021434000,"attr_ICS209RptForTimePeriodFrom":1763931600000,"attr_ICS209RptForTimePeriodTo":1764018000000,"attr_ICS209ReportStatus":"F","attr_IncidentManagementOrg":"Type 5 IC","attr_IncidentName":"La Plata","attr_IncidentShortDescription":"4 Miles W from Twin Lakes, CO","attr_IncidentTypeCategory":"WF","attr_IncidentTypeKind":"FI","attr_InitialLatitude":39.0718,"attr_InitialLongitude":-106.4684,"attr_InitialResponseAcres":null,"attr_InitialResponseDateTime":null,"attr_IrwinID":"{451B824A-0173-4409-BA80-8276B016E925}","attr_IsFireCauseInvestigated":null,"attr_IsFireCodeRequested":0,"attr_IsFSAssisted":1,"attr_IsMultiJurisdictional":null,"attr_IsReimbursable":null,"attr_IsTrespass":null,"attr_IsUnifiedCommand":0,"attr_LocalIncidentIdentifier":"001374","attr_ModifiedBySystem":"wildcade","attr_PercentContained":100,"attr_PercentPerimToBeContained":100,"attr_POOCity":"Twin Lakes","attr_POOCounty":"Chaffee","attr_POODispatchCenterID":"COPBC","attr_POOFips":"08015","attr_POOJurisdictionalAgency":"USFS","attr_POOJurisdictionalUnit":"COPSF","attr_POOJurisdictUnitParentUnit":null,"attr_POOLandownerCategory":"USFS","attr_POOLandownerKind":"Federal","attr_POOLegalDescPrincipalMerid":null,"attr_POOLegalDescQtr":null,"attr_POOLegalDescQtrQtr":null,"attr_POOLegalDescRange":null,"attr_POOLegalDescSection":null,"attr_POOLegalDescTownship":null,"attr_POOPredictiveServiceAreaID":"RM17","attr_POOProtectingAgency":"USFS","attr_POOProtectingUnit":"COPSF","attr_POOState":"US-CO","attr_PredominantFuelGroup":null,"attr_PredominantFuelModel":null,"attr_PrimaryFuelModel":"Timber (Litter and Understory)","attr_SecondaryFuelModel":"Brush (2 feet)","attr_TotalIncidentPersonnel":2,"attr_UniqueFireIdentifier":"2025-COPSF-001374","attr_FORID":null,"attr_WFDSSDecisionStatus":"No Decision","attr_EstimatedFinalCost":null,"attr_OrganizationalAssessment":null,"attr_StratDecisionPublishDate":null,"attr_CreatedOnDateTime_dt":1755530886000,"attr_ModifiedOnDateTime_dt":1764169935000,"attr_Source":"IRWIN","attr_ActiveFireCandidate":1,"attr_IsCpxChild":0,"attr_CpxName":null,"attr_CpxID":null,"attr_SourceGlobalID":"{DD766C38-9567-490B-8CAB-FEA643D47B0E}","GlobalID":"a8cdbc40-4d50-407b-a060-c532c5279292","Shape__Area":5.6046584631985752E-05,"Shape__Length":0.042529422204890276,"attr_IncidentComplexityLevel":"Type 3 Incident"}},{"type":"Feature","id":43869,"geometry":{"type":"Polygon","coordinates":[[[-110.953867638838,42.5597445605438],[-110.953889293058,42.5595125752043],[-110.953892670428,42.5594763913919],[-110.953964091722,42.5585117911304],[-110.953941274312,42.557540159297],[-110.953679093829,42.556619098096],[-110.953166563262,42.5558197258813],[-110.952643353551,42.5550440485785],[-110.952153543735,42.5542853347956],[-110.951535354548,42.5536453782617],[-110.950628164222,42.553390844086],[-110.949680315538,42.5535446977477],[-110.948773270606,42.5539200487503],[-110.947867095614,42.5542846078439],[-110.946950844395,42.5546146381977],[-110.946084732195,42.5549579120088],[-110.945209687407,42.5552179379661],[-110.944305970993,42.5553816562803],[-110.943390182386,42.5553293074151],[-110.942614407414,42.5549432490377],[-110.942118574462,42.5543059282122],[-110.941526355083,42.5537344511182],[-110.94065567072,42.5534401534361],[-110.93968916912,42.5535396566815],[-110.938986308522,42.55405417193],[-110.938711054563,42.5548150606866],[-110.938597911856,42.5556202706887],[-110.938400491121,42.5561360846248],[-110.938115075787,42.5566360386203],[-110.937766888199,42.5571150613846],[-110.937056777389,42.5577422419929],[-110.936419506877,42.5579951992547],[-110.935340283158,42.5580809756473],[-110.934277791113,42.5577860118618],[-110.933365428886,42.5571940627614],[-110.932586625775,42.5564742046631],[-110.931898936713,42.5557431708407],[-110.929868981015,42.5536316061875],[-110.929662130201,42.5534450650321],[-110.928776089393,42.5528505396531],[-110.927752025513,42.5525430201976],[-110.92668204854,42.552542593159],[-110.925666247602,42.5524486819571],[-110.924903288472,42.5519716770267],[-110.924584639472,42.5512264969827],[-110.92481817691,42.5504051456216],[-110.925504377935,42.5496587646631],[-110.926443414453,42.5490339283583],[-110.927377425906,42.5483982391115],[-110.928144350667,42.5476647797693],[-110.928644308495,42.5468729741181],[-110.928780244509,42.5460590641675],[-110.928641233736,42.5452619484222],[-110.928364449632,42.544507255781],[-110.927987176111,42.5437979755788],[-110.927476517021,42.543157522575],[-110.926887343379,42.5425428522244],[-110.926451386122,42.5418665999932],[-110.926336053025,42.5411252717909],[-110.926469364967,42.5403715984327],[-110.926383056237,42.5396518652917],[-110.925785012617,42.5391331086778],[-110.924899135539,42.5390297289039],[-110.92401176456,42.5392175353923],[-110.923154071597,42.5396301313452],[-110.92228872019,42.5401027338069],[-110.921370983241,42.5404747325929],[-110.920351994397,42.5406743277579],[-110.919636248497,42.5406522416183],[-110.918643833967,42.540240526857],[-110.918010037555,42.5394305970246],[-110.917785088725,42.5384614740368],[-110.917656158008,42.537513058734],[-110.917497452741,42.5366134969055],[-110.917197542163,42.5357986101756],[-110.916713865022,42.5350765452073],[-110.916104747053,42.5344397582423],[-110.915429579507,42.5338727579276],[-110.914743359538,42.533310611394],[-110.914184501158,42.5326217670326],[-110.913878589751,42.5318325738118],[-110.914023510938,42.5310470111932],[-110.914700714737,42.530455877584],[-110.915690967106,42.5302084814414],[-110.916776739162,42.5303658553287],[-110.917726795117,42.5308850869656],[-110.918504798963,42.5315644740057],[-110.919195585412,42.5323123710479],[-110.919814494445,42.5331146073545],[-110.920253187503,42.5339656568247],[-110.920566587198,42.5348406063601],[-110.920871327668,42.5357221998236],[-110.921185522941,42.5365626748348],[-110.921516073801,42.5373668013686],[-110.922065632383,42.5380249372214],[-110.922917478676,42.5384214493267],[-110.92397203654,42.5384434712724],[-110.924929282567,42.5380248696273],[-110.92551787559,42.5373083596881],[-110.925606257236,42.5364843929596],[-110.9253077052,42.5356819697765],[-110.924849059117,42.5349346963118],[-110.924216771698,42.5342310955831],[-110.923474823631,42.5335636306126],[-110.92272202754,42.5328938461873],[-110.922162033988,42.5321545409418],[-110.921868416683,42.5313049125522],[-110.921677358394,42.5304254750761],[-110.921225418124,42.5295943906535],[-110.920467654856,42.5288559196801],[-110.92007616737,42.5285345953014],[-110.91963015351,42.5281685149382],[-110.919044788663,42.5277349453843],[-110.918146719643,42.5270944845711],[-110.917554519336,42.5266735874536],[-110.917031799845,42.526212303627],[-110.916420838402,42.5254384731817],[-110.915929697273,42.5246419303373],[-110.915508058911,42.5238086170963],[-110.915300280661,42.5229307301088],[-110.915451138693,42.5220525099135],[-110.915927368599,42.5212608037946],[-110.916601737505,42.5206109510428],[-110.91708349302,42.519959872107],[-110.917222595773,42.5192855342952],[-110.916968053973,42.5186962411729],[-110.916311448404,42.5183098941151],[-110.915511158435,42.518078595208],[-110.914640983522,42.517910700719],[-110.913770323213,42.5177079532391],[-110.913025433565,42.5173427567665],[-110.91268317113,42.5166864468001],[-110.912992240535,42.5159224394351],[-110.913442484063,42.5151697533475],[-110.913445576502,42.5144049462965],[-110.912907916234,42.5137711728042],[-110.912310303463,42.5131569667336],[-110.911690819587,42.51256616359],[-110.910897572885,42.5120788453121],[-110.90946474669,42.5112270077491],[-110.909200771338,42.5103737540114],[-110.909031339591,42.5094457616644],[-110.908868133682,42.5085194488061],[-110.908686143448,42.507589112701],[-110.908561061624,42.5066600987402],[-110.908482306429,42.5058640679868],[-110.908521411784,42.5055915677707],[-110.908571497436,42.5054414551264],[-110.908718316319,42.50537913876],[-110.908700276478,42.5053640781861],[-110.908678143258,42.5053321860846],[-110.908649223021,42.5053033137353],[-110.908647220933,42.5052682181577],[-110.908617089016,42.5052430662784],[-110.908590234032,42.5052116900702],[-110.908581244563,42.50517969807],[-110.908588385736,42.505151959339],[-110.908591793252,42.505115569916],[-110.908585530712,42.5050765681263],[-110.908572593431,42.5050371121056],[-110.908564072046,42.5050002671746],[-110.908562562518,42.5049637378353],[-110.908551574802,42.5049275336455],[-110.908550504596,42.504892550796],[-110.908540544198,42.5048615592648],[-110.908536151487,42.5048221459497],[-110.90851815757,42.504791436022],[-110.908523856856,42.5047605913674],[-110.908526306166,42.5047244595745],[-110.908515031599,42.5046921107149],[-110.908516906212,42.5046502539228],[-110.90851093692,42.5046178559608],[-110.908507335421,42.5045835688958],[-110.908506716461,42.5045472013899],[-110.908500865902,42.5045103144222],[-110.90851020893,42.5044726637207],[-110.908509970539,42.5044400683371],[-110.908533833279,42.5044114772681],[-110.908538234155,42.5043736447995],[-110.908522380682,42.5043412199715],[-110.908497640512,42.5043111411727],[-110.908494379474,42.5042805385762],[-110.908523126844,42.5042534674267],[-110.908527596673,42.5042224923659],[-110.908513590057,42.5041922634177],[-110.908518930886,42.5041521506156],[-110.908518778528,42.5041178981488],[-110.908529048902,42.5040813789002],[-110.908519333748,42.5040427158884],[-110.908518770394,42.5040130304494],[-110.908520546056,42.5039833113776],[-110.908520885658,42.5039485045628],[-110.908533029987,42.5039176599124],[-110.908541135167,42.5038860938779],[-110.908537725643,42.503850960116],[-110.908537559401,42.5038161632191],[-110.908547292406,42.5037758445776],[-110.908554701376,42.5037437076094],[-110.908556870768,42.5037110462556],[-110.908558015619,42.5036739429176],[-110.908536596911,42.5036403921378],[-110.908540001937,42.503607809311],[-110.908543086634,42.5035773526465],[-110.908537491026,42.5035473996238],[-110.908538004636,42.5035170362229],[-110.908538174229,42.5035070689288],[-110.908543112385,42.5034739458961],[-110.908549076098,42.5034401358571],[-110.90855130267,42.5034085478305],[-110.908581579157,42.5034179008282],[-110.908678489614,42.5034478369588],[-110.908716731483,42.5034522130956],[-110.908748187586,42.503469336052],[-110.908749617007,42.503504017611],[-110.908758187581,42.5035308447],[-110.90880018029,42.5035463919257],[-110.908824591489,42.5035676856619],[-110.90886799384,42.5035654833321],[-110.908877615354,42.5035952712585],[-110.908904432769,42.5036236199895],[-110.90896571954,42.5036168079291],[-110.908991189331,42.5035851519746],[-110.909033188955,42.5036037878925],[-110.90907465801,42.503610003149],[-110.909118703181,42.5036112168735],[-110.90915943786,42.5035992621353],[-110.909188793721,42.5035797107061],[-110.909216180506,42.5035463953753],[-110.909230730658,42.5035155133617],[-110.909190437511,42.5034891021566],[-110.909164616674,42.5034594141279],[-110.909125542398,42.5034501590389],[-110.909104885442,42.5034173277139],[-110.909070663269,42.5034048703846],[-110.909029649483,42.503380150764],[-110.908989187414,42.503360456385],[-110.908962077907,42.503340973855],[-110.908963324555,42.5033072550981],[-110.909017049876,42.503284954027],[-110.909044094001,42.5032530822981],[-110.909039431432,42.5032240261138],[-110.909077707521,42.5032111076042],[-110.90911399974,42.5031965881006],[-110.909152910367,42.5032046120604],[-110.909173199858,42.5032325620721],[-110.909210652862,42.5032546972898],[-110.909242524904,42.503275604918],[-110.909260738638,42.5033051076543],[-110.909258543551,42.5033332300067],[-110.909240976024,42.5033579740735],[-110.909256497701,42.5033867643054],[-110.909245623494,42.503428925047],[-110.909252005177,42.5034677441258],[-110.909284824266,42.5034857002703],[-110.909317864263,42.5035119396527],[-110.909354796167,42.5035271518905],[-110.909393299323,42.5035350028083],[-110.909435414598,42.5035485571089],[-110.909475603792,42.5035547732561],[-110.909528182521,42.5035632570614],[-110.909574992377,42.5035417507189],[-110.909614449053,42.5035244572739],[-110.909618810057,42.5034840293028],[-110.909590098855,42.5034591704093],[-110.909578544387,42.5034322499196],[-110.909562512423,42.5034020903885],[-110.909547563536,42.5033741246828],[-110.909511366125,42.5033670566248],[-110.909488935643,42.503333560067],[-110.909509076576,42.5032991209166],[-110.909543581024,42.5032842835712],[-110.909582647919,42.5032760959475],[-110.909623789492,42.5032714989533],[-110.909666124378,42.5032568263278],[-110.909702588681,42.5032376800499],[-110.909750834152,42.5032307534014],[-110.909787245336,42.5032127762555],[-110.909835176443,42.5031963146332],[-110.909851938986,42.5031651832872],[-110.909864054846,42.5031380059729],[-110.909881591106,42.5031622282103],[-110.909905366444,42.5031939970302],[-110.909892290063,42.5032236039231],[-110.909927140634,42.5032435846584],[-110.909965248194,42.5032516492182],[-110.909980586653,42.5032262442484],[-110.910001852239,42.5031957167313],[-110.910042249105,42.5031813060505],[-110.910053856405,42.5031542159078],[-110.910089974459,42.5031453775372],[-110.910130882827,42.5031569840922],[-110.910162573756,42.5031747960947],[-110.910212709821,42.503175184779],[-110.910251818017,42.5031711920171],[-110.91029205539,42.5031882383281],[-110.910337477464,42.503178349673],[-110.910376335478,42.5031875397003],[-110.91042025198,42.5031902213963],[-110.910456900639,42.503211239428],[-110.910502009012,42.5032051704081],[-110.910543005579,42.5031931193167],[-110.910541161229,42.5032289989824],[-110.910524083903,42.5032540988527],[-110.910506463925,42.5032874790481],[-110.910519296528,42.5033161436928],[-110.91054496858,42.5033477398987],[-110.910565836538,42.5033774263011],[-110.910567484609,42.5034132455943],[-110.910541540897,42.5034410339014],[-110.910554269996,42.5034705616654],[-110.910587249456,42.5034912588401],[-110.910624221559,42.5035006416488],[-110.910648249406,42.5035276628999],[-110.910672755683,42.5035608126695],[-110.910710388846,42.5035792826007],[-110.910746492164,42.5035856458442],[-110.910716301348,42.5036057310463],[-110.910676702994,42.503607235018],[-110.910644635391,42.5036212224151],[-110.910673965057,42.5036442957312],[-110.910708496469,42.5036645355544],[-110.910720049822,42.5036952193955],[-110.910762729502,42.5037066429514],[-110.910775838654,42.5036799811881],[-110.910836420607,42.5036828386252],[-110.910872534474,42.5036642916817],[-110.910910856455,42.5036539359211],[-110.910952151068,42.5036617695575],[-110.910987015318,42.5036889842955],[-110.911027780387,42.5036873552065],[-110.911027463413,42.5036508066735],[-110.911040992972,42.503620914162],[-110.911066460703,42.5035905799388],[-110.911096241288,42.5035722946651],[-110.91113035442,42.5035495452627],[-110.911144623395,42.5035167567866],[-110.911163071412,42.5034920332693],[-110.91119707364,42.5035178067409],[-110.911228907745,42.5035361895783],[-110.911257730448,42.5035038576686],[-110.911288371469,42.5034845560541],[-110.911317386568,42.5034548070136],[-110.911332213815,42.503428000967],[-110.911345707496,42.5033976753329],[-110.911368547988,42.5033695197172],[-110.911358763154,42.503334264781],[-110.911337289139,42.5033083988373],[-110.911378130056,42.5032847056218],[-110.911376187003,42.5032493620865],[-110.91139423028,42.5032186003531],[-110.911406610431,42.503191762815],[-110.911389571548,42.5031638641207],[-110.911335556384,42.5031488460127],[-110.91128631979,42.5031466415854],[-110.911260353743,42.503115650069],[-110.911244328469,42.5030841526052],[-110.911279143592,42.5030554789073],[-110.911304014314,42.5030272110364],[-110.911322673696,42.503002026185],[-110.911353633224,42.5029865707678],[-110.91139296646,42.502975769185],[-110.911433653951,42.5029602933232],[-110.911456785202,42.502930236777],[-110.91149533945,42.5029062118411],[-110.911539869685,42.5029313683344],[-110.911570123436,42.5029525607773],[-110.911593705783,42.5029755776155],[-110.911577670102,42.503010172154],[-110.911571220559,42.5030410066742],[-110.911599574455,42.5030620338879],[-110.911631634277,42.5030791099295],[-110.911653466703,42.5031266146994],[-110.911616805337,42.5031358377669],[-110.911655711543,42.5031520789903],[-110.911694400429,42.5031666172328],[-110.911694868461,42.5031948492479],[-110.911700961356,42.503222809613],[-110.911742628524,42.5032404060343],[-110.91179171806,42.5032494174476],[-110.911801482673,42.5032814100317],[-110.911830351722,42.5032990107891],[-110.911847669083,42.5033311972745],[-110.911895148857,42.5033368651678],[-110.911932634539,42.5033142575478],[-110.911964365213,42.5032951686763],[-110.912009217793,42.503305290792],[-110.912044948415,42.5033198151995],[-110.912089447184,42.5033331958593],[-110.91212366841,42.5033165639261],[-110.912144664291,42.5032844733598],[-110.912149886758,42.5032501222056],[-110.912168981449,42.5032189033224],[-110.912183511017,42.5031900154467],[-110.912207253886,42.5031627323089],[-110.912226425073,42.5031358364078],[-110.912264489619,42.5031338396406],[-110.912287873572,42.5031085050731],[-110.912316541875,42.5030863201321],[-110.912327859699,42.5030526108209],[-110.91230227318,42.5030176296125],[-110.912259258422,42.5030063381974],[-110.91220964467,42.5030232971315],[-110.912192700916,42.5029959797225],[-110.912187127103,42.5029625246475],[-110.912170107277,42.5029253582531],[-110.912135042402,42.5029133808001],[-110.912127059498,42.502883153022],[-110.912084368383,42.5028780331152],[-110.912050706564,42.5028942447927],[-110.91201284959,42.5028894024261],[-110.912010845215,42.5029267219301],[-110.912024103896,42.502963496965],[-110.912030044148,42.5029972731362],[-110.911997118642,42.5030108200119],[-110.911998954578,42.5030446689821],[-110.912025073316,42.5030662142126],[-110.911984462152,42.5030582355833],[-110.911973868356,42.5030318958415],[-110.911937082447,42.5030206267896],[-110.911909258194,42.5029927237614],[-110.911873346579,42.5030149472322],[-110.911846898234,42.502995488039],[-110.911802330556,42.502981756155],[-110.911744686123,42.502962108784],[-110.911786445195,42.5029628467037],[-110.911818297618,42.5029410198108],[-110.911831461663,42.5029753054106],[-110.911872926032,42.5029901239118],[-110.911908094388,42.5029554963664],[-110.911943295529,42.5029439026616],[-110.911959086304,42.5029080357024],[-110.91195948433,42.5028796284312],[-110.91194958452,42.5028501103615],[-110.91197115845,42.5028231130862],[-110.911956046611,42.5027905149372],[-110.911942171598,42.5027630919807],[-110.911901803449,42.502752407833],[-110.911864874201,42.5027258618949],[-110.911823525309,42.5027262350578],[-110.911784160425,42.5027219378119],[-110.911748296402,42.5027341559294],[-110.911712359582,42.5027654452029],[-110.911690306418,42.5027381190081],[-110.91172430126,42.5027112683367],[-110.911765084963,42.5026983368032],[-110.911801122635,42.502689356773],[-110.911842405314,42.5026833802627],[-110.911885606814,42.5026613735906],[-110.911931037762,42.5026501381408],[-110.911965187282,42.5026302915988],[-110.912000135621,42.5026182937301],[-110.912030537334,42.5025811562048],[-110.912027122767,42.5025430058636],[-110.912051932618,42.5025195917799],[-110.912058903926,42.5024844580365],[-110.912084723518,42.5024603560637],[-110.912102728016,42.5024903953868],[-110.912121041951,42.502519593365],[-110.912093077838,42.5025385968746],[-110.912087656535,42.5025759898279],[-110.912124173618,42.5025655959188],[-110.912164335864,42.5025697618326],[-110.912139105592,42.5025998416287],[-110.91217760718,42.5025842597433],[-110.912223891308,42.5025753299403],[-110.912260088032,42.5025683628744],[-110.912283005063,42.5025901306951],[-110.912309374914,42.5025591286653],[-110.912333795218,42.502531531461],[-110.912376633279,42.5025171015756],[-110.912362231745,42.502545701956],[-110.912391199211,42.5025723966174],[-110.91240935592,42.5025971520349],[-110.912435046627,42.5025760217014],[-110.912456246856,42.5025530460736],[-110.912478525688,42.502523916024],[-110.912470064994,42.5024939211373],[-110.912443677863,42.5024679995796],[-110.912407943527,42.5024526676706],[-110.912451722139,42.5024418452925],[-110.912435754899,42.5024127076773],[-110.912424912899,42.5023851179392],[-110.912406757164,42.5023441130922],[-110.912427235404,42.5023199935913],[-110.912415786329,42.5022872451376],[-110.912449799149,42.5022750073158],[-110.912491397986,42.5022624826379],[-110.912503052796,42.5022210247916],[-110.912536809109,42.5021918072637],[-110.912528679914,42.5021523991982],[-110.912505918628,42.5021302193627],[-110.912501000509,42.5020993736882],[-110.912480939616,42.5020741107929],[-110.912461497339,42.5020385102642],[-110.912445760133,42.5020121330705],[-110.912408645876,42.5020152841553],[-110.912373850576,42.502003990865],[-110.912349831889,42.5019810454409],[-110.91230984826,42.5019891401439],[-110.912326551406,42.501957265328],[-110.912325556067,42.5019289106825],[-110.912298658576,42.5019037981206],[-110.912318243047,42.5018791115979],[-110.912316207234,42.5018494241643],[-110.912310784911,42.5018115898492],[-110.912292098396,42.5017855441616],[-110.912255306601,42.5017756539339],[-110.912217408287,42.5017580138246],[-110.912202470313,42.5017285277934],[-110.912188844433,42.5017029319525],[-110.912178064058,42.5016687527904],[-110.912215826685,42.5016642132154],[-110.912221483282,42.5016327089715],[-110.912193520289,42.5016018128281],[-110.912157623378,42.5015827968703],[-110.912128111359,42.5016047837635],[-110.91209063072,42.5016035548905],[-110.912047155681,42.501603458315],[-110.911997207087,42.5016211563364],[-110.911950798629,42.5016123329933],[-110.91192800818,42.5015841483995],[-110.911938426851,42.5015443808903],[-110.911897872629,42.5015291572795],[-110.911865664332,42.5014964747284],[-110.911889976147,42.5014676278279],[-110.911925503002,42.5014391773028],[-110.911965553529,42.5014431212871],[-110.911991933824,42.5014168546677],[-110.912015911405,42.501390077362],[-110.912014810092,42.5013461732983],[-110.912031842293,42.5013183514383],[-110.912031409421,42.5012898683575],[-110.912008825515,42.501260712732],[-110.911986239846,42.5012352854238],[-110.911961067576,42.5012067767024],[-110.91190310875,42.5012029273751],[-110.911851759206,42.5012079827577],[-110.911809512657,42.5012120751812],[-110.911767669472,42.5011955747949],[-110.911764430516,42.5011542985959],[-110.911752208136,42.5011265478776],[-110.911726948373,42.5010928558853],[-110.911698277654,42.5010650345996],[-110.911670336488,42.5010414514032],[-110.911656013172,42.5010057204448],[-110.91165754353,42.5009691714045],[-110.911647725766,42.5009423743376],[-110.911606579545,42.5009406536927],[-110.911568152051,42.5009226584005],[-110.911555314516,42.500880103421],[-110.911569962929,42.5008521896203],[-110.91157340103,42.5008243063265],[-110.911600720743,42.5007995841392],[-110.911633833647,42.5007772187047],[-110.911662880335,42.5007471165895],[-110.911670823347,42.5007094737647],[-110.911696393718,42.500673833984],[-110.911723817567,42.5006409961784],[-110.911725790297,42.5006119329578],[-110.911732676656,42.500572323668],[-110.91173748944,42.5005354572773],[-110.91172868923,42.50050054743],[-110.911726535621,42.5004728466375],[-110.91173392276,42.5004429469493],[-110.911716408866,42.5004092881357],[-110.911707929109,42.500376534128],[-110.911697441184,42.5003493241684],[-110.911658768373,42.5003366492094],[-110.911614421608,42.5003349955425],[-110.91157511596,42.5003224236318],[-110.91155532631,42.5002962956017],[-110.911565074639,42.5002620616009],[-110.911561325783,42.5002290701799],[-110.911609374818,42.500229505357],[-110.911647326763,42.5002284092256],[-110.911692105527,42.5002231403685],[-110.911733295493,42.5002139517095],[-110.911769226711,42.500197293133],[-110.911771476463,42.5001672833248],[-110.911734747331,42.500160032815],[-110.911699853891,42.500169595039],[-110.911660927547,42.5001470958432],[-110.911641686488,42.5001213679431],[-110.911607432247,42.5001108513045],[-110.911619194894,42.5000802028863],[-110.911631070071,42.500038918011],[-110.911629256516,42.5000064141552],[-110.911641689065,42.499980540739],[-110.911655804452,42.4999479294312],[-110.911660287128,42.4999182871366],[-110.911657854282,42.4998821118574],[-110.911650221703,42.4998528631932],[-110.911649791471,42.4998246538996],[-110.911653668419,42.4997965347617],[-110.911655479249,42.4997590906281],[-110.911660590405,42.4997306016317],[-110.911679800635,42.4996942383364],[-110.911681963581,42.4996611976023],[-110.911683223135,42.4996328866838],[-110.911695767524,42.4996000925816],[-110.911710692937,42.499571128655],[-110.911746685645,42.4995498123921],[-110.91175625136,42.4995172510132],[-110.911799502677,42.4994925105594],[-110.911819503211,42.499459984407],[-110.911818252117,42.4994285988257],[-110.911851049672,42.4993951347761],[-110.911890458619,42.4993763104107],[-110.911927897189,42.4993643787219],[-110.911959131917,42.4993441021975],[-110.911994524559,42.499325260771],[-110.912006575502,42.4992914978655],[-110.911986460233,42.4992642300651],[-110.911986770689,42.4992333094122],[-110.911958380935,42.4992048829798],[-110.911975501584,42.4991805431143],[-110.911998028404,42.4991557749929],[-110.912030044427,42.4991337821175],[-110.912048578534,42.499105157288],[-110.912066951546,42.4990730897987],[-110.912035689403,42.4990478281756],[-110.912034372684,42.4990153913238],[-110.912052940582,42.498982321561],[-110.912066545495,42.4989479267896],[-110.91209088849,42.4989253555354],[-110.912118803711,42.4988978790069],[-110.912128892199,42.4988693772343],[-110.912136210591,42.4988419276567],[-110.912155153047,42.4988129303168],[-110.912189981107,42.4987968599848],[-110.912231122913,42.4987925401715],[-110.9122377225,42.498761153717],[-110.912258716837,42.4987334197544],[-110.912297626753,42.4987383415596],[-110.912336463877,42.4987064946998],[-110.912369346337,42.4986867307827],[-110.912375056659,42.4986586796641],[-110.912399706544,42.4986370518573],[-110.912424021545,42.4986081815968],[-110.912466630649,42.4985961365407],[-110.91249270533,42.498570144246],[-110.912493712134,42.4985412887519],[-110.912486122028,42.4985071906062],[-110.912506198564,42.4984751256544],[-110.91254396855,42.4984491637059],[-110.912541233363,42.4984153883216],[-110.91258904965,42.4984162382306],[-110.912633184215,42.4984089633164],[-110.912634655597,42.4983730241158],[-110.912646037783,42.4983442123061],[-110.912628797514,42.498315638762],[-110.912648218745,42.4982754978179],[-110.91266955163,42.4982513293118],[-110.912690767554,42.4982252759556],[-110.912734418588,42.4981953418827],[-110.91276895991,42.4981713041673],[-110.912807769407,42.4981706449193],[-110.912850159525,42.4981592334469],[-110.912867905399,42.4981322254279],[-110.912897281554,42.4981132996884],[-110.912929474153,42.4980868476266],[-110.912952855417,42.4980617783041],[-110.912984473393,42.4980448263658],[-110.913013628879,42.4980253676451],[-110.913027632885,42.4979977730482],[-110.913069538121,42.4979768966827],[-110.913098952399,42.4979530923158],[-110.913146290475,42.4979338611783],[-110.91313833994,42.4979009005503],[-110.913152679482,42.4978715577333],[-110.91320062644,42.4978482579549],[-110.91323258394,42.4978308028598],[-110.913259684926,42.4978111796388],[-110.913295476442,42.4978204148941],[-110.913321727511,42.497847095008],[-110.913362381701,42.4978430161263],[-110.913395160697,42.4978225073663],[-110.913446119562,42.4978327932683],[-110.913478447712,42.497851578048],[-110.913494873638,42.4978912563965],[-110.913494712521,42.4979202767054],[-110.913542241275,42.4979116809218],[-110.913574829135,42.4978932853715],[-110.913620979,42.4979011283791],[-110.913660108374,42.4979060659112],[-110.913697913889,42.4978972370959],[-110.913696344612,42.497924704298],[-110.913675438708,42.497953988805],[-110.913700500696,42.4979853762362],[-110.913727023512,42.4980111165868],[-110.913727989764,42.4980388908768],[-110.913688227933,42.4980531828376],[-110.913698240502,42.4980857195614],[-110.913728649187,42.498107854923],[-110.913731071114,42.4981412562268],[-110.91372907002,42.4981737466453],[-110.913706044717,42.4982008226343],[-110.9136718301,42.4982135478815],[-110.91364661901,42.4981761440016],[-110.913613985558,42.4981549702006],[-110.913598962554,42.4981263826746],[-110.913586979321,42.4980914230086],[-110.913561120717,42.4980687938413],[-110.913517027895,42.4980500651475],[-110.91347460621,42.4980433470926],[-110.913452718734,42.4980678435485],[-110.913454230094,42.4981032621573],[-110.913461272631,42.4981378297349],[-110.913478563517,42.4981719471695],[-110.913501576001,42.4981943859283],[-110.913529259145,42.4982206274527],[-110.913545030967,42.4982484951802],[-110.913565311796,42.4982799644252],[-110.913574679945,42.4983065249252],[-110.913578141023,42.4983423211129],[-110.913539650786,42.4983422613213],[-110.913504263421,42.4983506131878],[-110.913513578282,42.4983793078052],[-110.913552229714,42.4983837473214],[-110.913587567646,42.4984001198923],[-110.913595121511,42.4984324472455],[-110.913620506304,42.4984597202211],[-110.913655816003,42.4984876545779],[-110.913652294437,42.498521368259],[-110.913863975216,42.4986354841829],[-110.91387196552,42.4986636670948],[-110.913879889385,42.4986917078417],[-110.913890546053,42.4987190166144],[-110.913863802418,42.4987425890833],[-110.9138171048,42.4987346431578],[-110.913804040607,42.4987084365478],[-110.913767657931,42.4987227124277],[-110.913744693736,42.4987541943084],[-110.913713082127,42.4987802509024],[-110.91367071513,42.4987869984567],[-110.913644171489,42.4988111144218],[-110.913601023372,42.4988208124052],[-110.913562680699,42.4987982288603],[-110.913524290724,42.4987917257396],[-110.913486969332,42.4987782071012],[-110.913453942587,42.4987517743198],[-110.913425879827,42.4987285307366],[-110.913384036502,42.4987360343204],[-110.913354680291,42.4987539287774],[-110.913335377048,42.4987785287666],[-110.913327938466,42.4988067686512],[-110.913360758712,42.4988249513991],[-110.913378461964,42.4988556711686],[-110.91341315463,42.4988765623501],[-110.91342003603,42.4989062128302],[-110.913379271058,42.4989120222073],[-110.913352842785,42.4989351387865],[-110.913366898157,42.4989679558703],[-110.913389570408,42.4990002142432],[-110.913338081482,42.4990191413818],[-110.913317002048,42.4990494400365],[-110.913319064962,42.4990813036581],[-110.913271434143,42.4990951363646],[-110.913232416572,42.4991110088894],[-110.913195981466,42.4991212464202],[-110.913155435337,42.4991375757184],[-110.913116586882,42.4991493741439],[-110.913103546086,42.4991755186526],[-110.913141710439,42.4991781563529],[-110.913186619162,42.4991772910512],[-110.913232919084,42.4991825272935],[-110.913241297891,42.4992158258014],[-110.913265043029,42.4992390381914],[-110.913253379473,42.4992696038574],[-110.913225213198,42.4992969259619],[-110.913217908432,42.4993281380623],[-110.913211506612,42.4993566726486],[-110.913261747585,42.4993575768302],[-110.91330144598,42.4993517556465],[-110.913343107393,42.4993712522639],[-110.913350482534,42.4994062768539],[-110.913379658508,42.4994311955705],[-110.913430622377,42.499438007185],[-110.913439542295,42.499469284887],[-110.913435883346,42.4994996966921],[-110.913426801277,42.499526911916],[-110.913464621515,42.4995266641914],[-110.913505572145,42.499524637208],[-110.913537136968,42.4995395259514],[-110.913571459758,42.4995586852886],[-110.913606600099,42.4995694844077],[-110.913625471488,42.4995954803213],[-110.913662554272,42.499592337047],[-110.913701312192,42.4995840945985],[-110.913744276154,42.4995737071526],[-110.913782838497,42.4995708848484],[-110.91379873399,42.4995977860772],[-110.913783445583,42.4996317132627],[-110.913785225726,42.4996596362562],[-110.913818042431,42.4996737500159],[-110.913841829618,42.4996524989771],[-110.913884696033,42.4996286310499],[-110.913926573637,42.4996241050056],[-110.913958269435,42.4995999116499],[-110.9139999157,42.4996064216742],[-110.914014129822,42.499632851587],[-110.914027863561,42.4996647287973],[-110.914065997446,42.4996598978302],[-110.914105028972,42.4996451581503],[-110.91414359155,42.4996483820362],[-110.914176044897,42.499666266852],[-110.914188687783,42.4996790846554],[-110.91420190972,42.4996924896141],[-110.914177599324,42.4997132807699],[-110.914136137282,42.499730594969],[-110.914099755582,42.4997458548656],[-110.914062708349,42.4997550302748],[-110.914027685034,42.4997719558179],[-110.913985414546,42.4997673334468],[-110.913956477905,42.4997994583719],[-110.913930974414,42.4998244318788],[-110.913929726542,42.4998256543748],[-110.913941401235,42.4998570149719],[-110.91398261935,42.4998752851308],[-110.913996313893,42.4999079775913],[-110.913978025194,42.4999343501531],[-110.91394008449,42.4999396315591],[-110.913902391575,42.4999451791024],[-110.913859564025,42.4999437288187],[-110.913823898636,42.4999307981398],[-110.913790043383,42.4999139933839],[-110.913759478469,42.4999377761957],[-110.913733398202,42.4999674608953],[-110.913703892746,42.499993305699],[-110.91366906857,42.5000069336974],[-110.913641534244,42.5000253259096],[-110.913647426502,42.500053867776],[-110.913668323896,42.5000782469995],[-110.913701124445,42.5000944653821],[-110.913738004408,42.5001102900126],[-110.913768461536,42.5000931634635],[-110.913791684728,42.5000680612405],[-110.913838824459,42.5000585426611],[-110.913872232181,42.5000751471185],[-110.913907673699,42.5001018246253],[-110.913938071449,42.5001261692245],[-110.913975407711,42.5001408812132],[-110.914019019473,42.5001513342381],[-110.914024755723,42.5001854792991],[-110.914043924996,42.500213279621],[-110.914087442889,42.5002220983471],[-110.914113851477,42.5002483852217],[-110.914145208241,42.500268777923],[-110.914205830932,42.500271184723],[-110.914235107786,42.5002881638897],[-110.914268730443,42.5003049120107],[-110.91431215251,42.5003143412455],[-110.914357763627,42.500328062933],[-110.914398038408,42.5003389077442],[-110.914440459132,42.500320108896],[-110.914473773563,42.5002934479477],[-110.914515033962,42.500285156775],[-110.914563099379,42.5002646667093],[-110.914611415329,42.5002685966152],[-110.914643151198,42.5002830467991],[-110.914650615864,42.5003104986305],[-110.914667897284,42.5003382387373],[-110.914690420535,42.5003699146255],[-110.91471336194,42.5003932081049],[-110.914741549523,42.5004170809376],[-110.914767155346,42.5004484944338],[-110.914790956567,42.5004766648236],[-110.914825149515,42.5004965297877],[-110.914857034627,42.5005176093636],[-110.914882598564,42.500546179732],[-110.914929031326,42.5005578368339],[-110.91497039857,42.500539563137],[-110.915012266421,42.500535317923],[-110.915059977067,42.5005310339254],[-110.915083955327,42.5005077566703],[-110.915131711151,42.5005155190443],[-110.915154206507,42.5005489468469],[-110.91518911286,42.5005669954156],[-110.915218812584,42.5005488127416],[-110.915232311401,42.5005106952052],[-110.915241425918,42.5004805407719],[-110.915284966414,42.5004620839284],[-110.915331041217,42.5004470971794],[-110.91537214694,42.5004454072459],[-110.915410703483,42.5004493739072],[-110.915455225494,42.5004629029934],[-110.91548973727,42.5004872935962],[-110.915527322751,42.5005055379431],[-110.915556145021,42.50052715532],[-110.915589267469,42.5005413235745],[-110.915619120921,42.5005641201738],[-110.915644331755,42.5005957725707],[-110.915674456513,42.5006216441207],[-110.91568928655,42.5006508917161],[-110.915690714246,42.5006907318847],[-110.915692240931,42.500721242782],[-110.91571137346,42.5007536046287],[-110.915743129348,42.5007711790935],[-110.915774938558,42.5007889058159],[-110.915770575649,42.5008255362313],[-110.915753901313,42.5008506871954],[-110.915765630545,42.5008802358214],[-110.915803746499,42.5008860952909],[-110.915841966299,42.5008949001685],[-110.915866211849,42.5009277612897],[-110.91586822976,42.5009566753929],[-110.91588216943,42.5009848736533],[-110.915901643024,42.5010095951751],[-110.915920597964,42.5010369462965],[-110.915931774871,42.5010642340049],[-110.915957424973,42.5010950636031],[-110.915974749264,42.5011266710437],[-110.915990124717,42.5011579540983],[-110.916004639396,42.501189507236],[-110.916000559629,42.5012248790382],[-110.915980675607,42.5012561609472],[-110.915975685345,42.5012853884209],[-110.915974607478,42.5013212262341],[-110.91597594696,42.5013581119121],[-110.915981963576,42.501391125036],[-110.916006190996,42.5014132499847],[-110.916040103483,42.5014009184122],[-110.916064004804,42.5013794443485],[-110.916097297361,42.5013947953191],[-110.916119331527,42.5014239451588],[-110.916152864079,42.5014461680387],[-110.916175202831,42.5014734509858],[-110.916212089764,42.5014889061351],[-110.916255646497,42.5015012006851],[-110.916290220542,42.5015240101084],[-110.916311508563,42.5015479280938],[-110.916339702988,42.5015751170545],[-110.916363949909,42.5015984311648],[-110.916362671706,42.501603303077],[-110.916356561967,42.5016265848436],[-110.916339364461,42.5016512489422],[-110.916331333519,42.5016801595892],[-110.916288477369,42.5016991033696],[-110.916249278352,42.501703442648],[-110.916218464326,42.5017324850255],[-110.91622442533,42.5017681461146],[-110.916227219517,42.5017955101134],[-110.916228518899,42.501831659132],[-110.916206169365,42.5018637116561],[-110.916175720535,42.5018672875554],[-110.916178896998,42.5018682354424],[-110.916216203397,42.5018860452306],[-110.916221223214,42.5019135773299],[-110.91624125721,42.501939506954],[-110.916238452742,42.5019773249141],[-110.916256243027,42.5020117476089],[-110.916288980545,42.5020393559893],[-110.916326806145,42.5020632073047],[-110.916368321408,42.5020724954581],[-110.916410957631,42.5020910158454],[-110.916454181565,42.5021057472982],[-110.916479672447,42.5021324942262],[-110.916498520523,42.5021657868496],[-110.916527380534,42.5021932650734],[-110.916556198034,42.5022221929658],[-110.916575302367,42.5022466399616],[-110.916619546703,42.5022367859347],[-110.916671368259,42.5022451243608],[-110.916692761103,42.5022734693971],[-110.916683709546,42.5023084683102],[-110.916663090382,42.5023375157069],[-110.916636229782,42.5023585828812],[-110.916599074832,42.5023813033176],[-110.916621318196,42.5024143843625],[-110.916650969424,42.5024378963487],[-110.916670355923,42.5024635825667],[-110.916694284267,42.5024868121261],[-110.916728327482,42.5025094329134],[-110.916751957735,42.5025350760815],[-110.916757165483,42.5025654050356],[-110.916783641126,42.5025954115985],[-110.916775045915,42.5026261708259],[-110.916785146532,42.5026571241304],[-110.916823880722,42.5026596802541],[-110.916851418065,42.5026868403871],[-110.916838839353,42.5027210068824],[-110.916860614435,42.5027506891734],[-110.91685583757,42.5027809137228],[-110.916864444676,42.5028124139519],[-110.916899983398,42.5028204311332],[-110.916978969335,42.5028075374424],[-110.916992964795,42.5028495477397],[-110.916985062521,42.5028801998782],[-110.916972523376,42.5029082717852],[-110.916985253279,42.5029419350834],[-110.916957105547,42.5029655513911],[-110.916932552788,42.5029877029517],[-110.916929019472,42.503017849735],[-110.916968735001,42.5030363016246],[-110.916998754214,42.5030671000356],[-110.917001223592,42.5030981679324],[-110.917001752204,42.5031306653835],[-110.916983108441,42.5031603383694],[-110.916965927787,42.5031893772858],[-110.916950406039,42.5032183578591],[-110.916955454287,42.5032506271313],[-110.916941688971,42.5032786346061],[-110.916921537584,42.5033060101894],[-110.916894026265,42.5033251596402],[-110.916871217349,42.5033504538021],[-110.916879610125,42.5033828319596],[-110.916876276889,42.5034138472434],[-110.916861867411,42.5034460231848],[-110.916852742242,42.5034759764531],[-110.916829631823,42.5035006802469],[-110.916814462193,42.5035278909642],[-110.916779335779,42.5035501857453],[-110.916748319558,42.5035758725338],[-110.916711349933,42.5035970060103],[-110.916675550717,42.5036060498189],[-110.916639390694,42.5036266890186],[-110.916616875505,42.5036542878573],[-110.916572192058,42.503659867972],[-110.91652539263,42.5036562897245],[-110.916490153451,42.5036426777511],[-110.916460588905,42.5036513461726],[-110.916451691056,42.5036746486137],[-110.916450119838,42.5036797182494],[-110.916441566833,42.5037065523466],[-110.916406204466,42.5037219689989],[-110.916388383373,42.5037337961503],[-110.91637331299,42.5037437967393],[-110.916330462929,42.5037507751628],[-110.916268865703,42.5037336586083],[-110.916252938212,42.5037589907605],[-110.91626286291,42.5037914001809],[-110.916272306895,42.5038266365592],[-110.916261584532,42.5038605724457],[-110.916279758485,42.5038891574155],[-110.916328701304,42.5038910136701],[-110.916315550368,42.503925641094],[-110.916307243461,42.5039562329145],[-110.916294356016,42.5039825776998],[-110.916287009387,42.5040231772376],[-110.916257230528,42.5040436828495],[-110.916229140409,42.5040661237438],[-110.916209003396,42.5040983202606],[-110.916247528503,42.5041219082388],[-110.916294190348,42.5041089912389],[-110.916336069652,42.5041023400685],[-110.916385500544,42.504107758093],[-110.91640900573,42.5040729523489],[-110.916427654762,42.5040375187874],[-110.91647547501,42.5040129227878],[-110.916514581447,42.5039935244146],[-110.916536686903,42.5039700876603],[-110.916543435649,42.5039598056827],[-110.916554370546,42.5039431477565],[-110.916523918298,42.5039140598396],[-110.916534356091,42.5038773840125],[-110.916596139475,42.5038906523034],[-110.916601910749,42.5039256407595],[-110.916613070345,42.5039670139247],[-110.916642820758,42.50398935111],[-110.91665048106,42.5039951034466],[-110.916673165285,42.5040267722398],[-110.916692685552,42.5040517508684],[-110.916720328575,42.5040751549462],[-110.91673511095,42.5040846902098],[-110.91674937143,42.5040938880135],[-110.916795385499,42.5041089777449],[-110.916820310588,42.5041352596891],[-110.916864333511,42.5041547719568],[-110.916893452477,42.5041728987418],[-110.916919576162,42.5042041161333],[-110.916951493042,42.5042292952189],[-110.916984327079,42.504253725628],[-110.917020441178,42.5042815038095],[-110.917048941607,42.5043020874144],[-110.917082824818,42.5043203500603],[-110.917118610618,42.5043399013577],[-110.917147614193,42.5043744424568],[-110.917182351992,42.5043943375668],[-110.917208211415,42.5044185466542],[-110.917237102273,42.5044508214509],[-110.917261956427,42.504469159304],[-110.917270269517,42.5044752929352],[-110.917282748203,42.5045063035839],[-110.917298847144,42.5045422418883],[-110.917347846955,42.5045610208529],[-110.917382688446,42.5045933416894],[-110.917424404183,42.5046119026919],[-110.917450763588,42.5046327006912],[-110.917474627393,42.5046545413293],[-110.917506254033,42.5046847330358],[-110.917533732443,42.5047040585756],[-110.917578619464,42.504729462176],[-110.917607557766,42.5047557516148],[-110.917641753528,42.5047718064787],[-110.917690046338,42.5047788627936],[-110.91772542929,42.504788805851],[-110.917711128676,42.5048343414199],[-110.917686575275,42.5048560313295],[-110.917692337491,42.5048878813337],[-110.917715826251,42.5049309067652],[-110.917754324749,42.5049391632778],[-110.917786434008,42.5049576462698],[-110.917829492327,42.5049707022215],[-110.917850820575,42.5049953863062],[-110.917822006383,42.5050146673072],[-110.917777160468,42.5050038790171],[-110.917727341526,42.5050086792204],[-110.917691759501,42.5049928916884],[-110.917652070051,42.5050014252082],[-110.917610321923,42.5049833063344],[-110.917611318546,42.5049485344439],[-110.91757284334,42.5049383384013],[-110.917554643401,42.5049075612815],[-110.917508942528,42.5049106238475],[-110.917466557391,42.5049075412882],[-110.9174292805,42.504893244945],[-110.917417555471,42.5048640144504],[-110.917384252261,42.5048481762976],[-110.917345924326,42.5048522076855],[-110.917310696508,42.5048753631682],[-110.917285350157,42.5048990117767],[-110.917281355811,42.5049272824038],[-110.917277722651,42.5049367267445],[-110.917266179447,42.504966736655],[-110.917240658826,42.5049905127913],[-110.917229518794,42.5050188545968],[-110.917208038202,42.5050444320262],[-110.917196938711,42.5050927719077],[-110.917217389825,42.5051209541676],[-110.917237653573,42.5051525497102],[-110.917241466616,42.505182349768],[-110.91724847546,42.5052177389853],[-110.917266182298,42.5052449063886],[-110.917292142875,42.5052711299836],[-110.917336772915,42.5052832625912],[-110.917375057434,42.5052978952953],[-110.917388467029,42.5053288052041],[-110.917412108844,42.505355279703],[-110.917423900637,42.5053847874015],[-110.917472738164,42.5054009778451],[-110.917508491026,42.5053927702628],[-110.917547715877,42.5054127431832],[-110.917578839402,42.5054365071083],[-110.917602029682,42.5054587340126],[-110.91761017195,42.5054587483056],[-110.917649456826,42.5054588139824],[-110.917682275433,42.5054415538523],[-110.917709292415,42.5054216289569],[-110.917748993563,42.5054195168092],[-110.917786928361,42.5054261680229],[-110.917824490459,42.505421621313],[-110.917862903922,42.5054126759052],[-110.917902327811,42.5054225902342],[-110.917940829967,42.5054448658105],[-110.917973420498,42.5054713713187],[-110.918002901628,42.5054946749773],[-110.918031639958,42.5055267632261],[-110.918059570533,42.5055535749701],[-110.918095927527,42.5055728548457],[-110.918133767384,42.5055864347393],[-110.918167563553,42.505574306085],[-110.918210551659,42.5055633943745],[-110.918244703187,42.5055743707625],[-110.918279477033,42.5055921800194],[-110.918318292618,42.5055865918317],[-110.918356909468,42.5056007765327],[-110.918396850479,42.5056209952446],[-110.918433306409,42.5056405476277],[-110.918474396955,42.5056631688328],[-110.918506105923,42.505685546856],[-110.918521283507,42.5057210614589],[-110.918516269525,42.5057491509031],[-110.91853677417,42.5057752780422],[-110.918561283146,42.5057966100343],[-110.918612103575,42.505791112988],[-110.918653640513,42.5057904161258],[-110.918693389636,42.505788750878],[-110.918755430997,42.5057828855713],[-110.918794343908,42.505765093675],[-110.918835502889,42.5057538385627],[-110.918870755694,42.505727699939],[-110.918889094439,42.5057033131753],[-110.918892888604,42.5056752928659],[-110.918878034523,42.5056488807519],[-110.918916651457,42.50565231208],[-110.918940565236,42.5056799880498],[-110.918955022946,42.5057064231522],[-110.91897297137,42.505676744309],[-110.918974495627,42.505638229774],[-110.918968807625,42.5056076106842],[-110.918949687253,42.5055801459155],[-110.918940815937,42.5055488973011],[-110.918922869369,42.5055222349694],[-110.918965836328,42.5055092379977],[-110.919014982066,42.5055070217328],[-110.919045039622,42.5055263177531],[-110.919081109737,42.505516185847],[-110.919096202123,42.505484925433],[-110.919120990941,42.5054628642895],[-110.91915867818,42.5054477389408],[-110.919199293099,42.5054343951747],[-110.919200072387,42.5053999852485],[-110.919202915674,42.5053676313723],[-110.919231377671,42.5053339225632],[-110.919256229445,42.5053079490907],[-110.919293894891,42.5053301886505],[-110.919308772692,42.5052972055939],[-110.919340727065,42.5052694023045],[-110.919364664833,42.5052458330378],[-110.919391425773,42.5052246068848],[-110.919434457001,42.505202842096],[-110.919473284958,42.5051997619851],[-110.919502603858,42.5051749256099],[-110.919533524341,42.5051596251929],[-110.919572598502,42.5051788764727],[-110.919581733803,42.5052137550001],[-110.919621275384,42.505230402719],[-110.919624871207,42.5052620724526],[-110.919759827717,42.5054135778128],[-110.919798922449,42.5053953370728],[-110.919840255801,42.5053992818052],[-110.919855764082,42.505436957103],[-110.919872495456,42.5054625212058],[-110.919912826065,42.5054443570423],[-110.919935212243,42.5054213540352],[-110.919911466635,42.5053946719917],[-110.919865714943,42.5053900122156],[-110.919847488577,42.5053568549487],[-110.919873238133,42.5053224371347],[-110.919900460041,42.5052974835835],[-110.919919472783,42.5052668999028],[-110.919930938448,42.5052326593773],[-110.919955131858,42.5052576513773],[-110.919978659571,42.5052931270735],[-110.920017009395,42.5052923238981],[-110.920051024895,42.5052733697182],[-110.920067300659,42.5052416942066],[-110.92005080293,42.5052101880834],[-110.920114259795,42.5051983177907],[-110.920135380056,42.5051651890572],[-110.920159476408,42.5051439882568],[-110.920203579002,42.5051365457981],[-110.920248827944,42.5051329269911],[-110.920277320564,42.5051323423578],[-110.920292520155,42.5051320301382],[-110.920321224588,42.5051105057846],[-110.920358130987,42.5051053922267],[-110.920398828321,42.5051129727977],[-110.920426994336,42.5051376604465],[-110.92046048657,42.5051594199629],[-110.920488559942,42.5051778808277],[-110.920517105778,42.5052027291027],[-110.920556441349,42.5052361074159],[-110.920566066353,42.5052660692213],[-110.92053704951,42.505284789238],[-110.920539393552,42.5052932476391],[-110.920544665921,42.505312274899],[-110.920570531288,42.505341205738],[-110.920572090373,42.5053760723471],[-110.920595712861,42.5053980066093],[-110.920613500174,42.5054348192945],[-110.92063526452,42.5054605486581],[-110.920655431995,42.5054841343477],[-110.920687032214,42.5055028720709],[-110.920684321999,42.5055379308267],[-110.920653929441,42.5055556468666],[-110.920679335537,42.50557988235],[-110.920674520429,42.5056119413477],[-110.92067410808,42.505640672881],[-110.920681110488,42.5056713078709],[-110.920685807031,42.505704336902],[-110.920688339595,42.5057373254226],[-110.920697409765,42.5057758451063],[-110.92067481745,42.5058014693282],[-110.920671870697,42.5058296158399],[-110.920665145386,42.5058730716417],[-110.920651353943,42.5059045221621],[-110.92064908544,42.5059338128718],[-110.920629530457,42.5059655073944],[-110.920588157228,42.5059536377031],[-110.919992141378,42.5065763811969],[-110.919979058584,42.5066039429145],[-110.919948978192,42.5066297857322],[-110.919930330474,42.5066624150906],[-110.919937270817,42.5067032401165],[-110.919956521428,42.5067323751391],[-110.919956056347,42.5067607942075],[-110.919971939162,42.5067932091604],[-110.920013089243,42.5067928566654],[-110.920058909294,42.5067952984625],[-110.920094462482,42.5067723016742],[-110.920117730835,42.5067984550879],[-110.920160398412,42.5068248763921],[-110.92018157094,42.5068602194379],[-110.920190685033,42.5068909309001],[-110.920216945381,42.5069108273506],[-110.920188549625,42.5069371983118],[-110.920189770609,42.5069691592407],[-110.920193036676,42.5070062357048],[-110.920187298397,42.5070366243502],[-110.920211516802,42.507065094014],[-110.920236262173,42.5070895221561],[-110.920259746317,42.5071138840331],[-110.920283523618,42.5071506538797],[-110.920279637477,42.5071803499239],[-110.92026482319,42.5072096026704],[-110.920220594611,42.5072255916549],[-110.92018172739,42.5072371547325],[-110.920146116233,42.5072472997197],[-110.92017561394,42.5072833192294],[-110.920201234915,42.507309515093],[-110.92023973345,42.5073199158374],[-110.920244139566,42.5073474610111],[-110.92020694202,42.5073385688857],[-110.920189321444,42.5073647899059],[-110.92019396636,42.5073982221758],[-110.920171387074,42.5074304072767],[-110.920142653872,42.507457355254],[-110.920115495386,42.507476794315],[-110.920067506684,42.5074742541548],[-110.920028550782,42.5074643897888],[-110.919992273703,42.5074557275392],[-110.919955705722,42.5074495305999],[-110.919919945482,42.5074593930298],[-110.919878906471,42.5074492943606],[-110.91986403978,42.5074876249734],[-110.919863409568,42.5075185160606],[-110.919866681435,42.5075478893594],[-110.919875412299,42.5075843152934],[-110.919888594391,42.5076116149101],[-110.919905689915,42.5076465725677],[-110.919944776737,42.5076559299631],[-110.919977161186,42.5076874377755],[-110.919944505505,42.507704517311],[-110.919953540785,42.5077346503003],[-110.919978840244,42.5077547845874],[-110.91997606564,42.5077832823026],[-110.919969429599,42.5078215093408],[-110.919935959884,42.5078351375565],[-110.919891837481,42.507816499696],[-110.919851492196,42.5078040948676],[-110.919818552897,42.5077842063106],[-110.919796495963,42.5077569786559],[-110.919799854407,42.5077291709474],[-110.919759660282,42.5077160009082],[-110.919717448396,42.5077199333644],[-110.919683634556,42.5077043207151],[-110.919646302495,42.5076908196747],[-110.919644284277,42.5077297993997],[-110.919635745987,42.5077663057419],[-110.919611268938,42.5077885051159],[-110.919582715944,42.5078169603938],[-110.91958473832,42.5078496967278],[-110.919575284347,42.507876693725],[-110.919580498239,42.5079083884248],[-110.919582747472,42.5079446330223],[-110.919588481785,42.5079762807249],[-110.919581081465,42.5080044528688],[-110.919598024651,42.508044427096],[-110.919598366638,42.5080756778072],[-110.919594122235,42.5081164553931],[-110.919594354707,42.5081529211411],[-110.919588906856,42.5081804447406],[-110.919571907879,42.5082049353707],[-110.919536364624,42.5082174268663],[-110.919521901531,42.5082453389876],[-110.919519080762,42.5082754716035],[-110.919533050541,42.5083093807044],[-110.919545363848,42.5083416209232],[-110.919564496966,42.5083842466059],[-110.919579429808,42.5084195869204],[-110.919593114045,42.5084480529043],[-110.919603882562,42.5084858178815],[-110.919618918886,42.5085228586844],[-110.91962786027,42.5085498415759],[-110.91964487913,42.5085833117449],[-110.919659424437,42.5086161208936],[-110.919677256332,42.5086430974684],[-110.919677154723,42.5086438292799],[-110.919793552192,42.5087043394306],[-110.91979481615,42.5087031150266],[-110.919828513988,42.5087210762629],[-110.919867983848,42.5087482761572],[-110.919904415062,42.5087332628185],[-110.919942241931,42.5087509389215],[-110.91999790306,42.5087907668607],[-110.920041832203,42.5088069711922],[-110.920018623461,42.5088379534434],[-110.920009625523,42.508866027938],[-110.919970072517,42.5088924581953],[-110.919969681761,42.5088940612569],[-110.919962225818,42.5089246437668],[-110.919944809887,42.5089517811932],[-110.919902750859,42.5089686534041],[-110.91986649299,42.5089427767622],[-110.919840634922,42.5089218772746],[-110.919807291711,42.508956284042],[-110.919776132695,42.5089715403093],[-110.919818981294,42.5089960135706],[-110.919849123595,42.5090162455657],[-110.919834537171,42.5090454995836],[-110.91985256651,42.5090751006829],[-110.919887473364,42.5090890153041],[-110.919931373426,42.5090681517593],[-110.919968043494,42.5090830387985],[-110.92000301652,42.5091069539729],[-110.920020720376,42.5091329983243],[-110.920001688543,42.509167015969],[-110.919994819522,42.5092027830943],[-110.919966373751,42.5092252905837],[-110.919986215312,42.5092589506285],[-110.920028043082,42.5092539498524],[-110.920071460141,42.5092435049724],[-110.920114451991,42.5092285762897],[-110.920133082498,42.5092589780873],[-110.920154394204,42.5092847428626],[-110.920176945212,42.5093126385719],[-110.920221445882,42.5093326521017],[-110.92021010292,42.5093608573816],[-110.920186980669,42.5093914617085],[-110.920204157736,42.5094228977837],[-110.920181958551,42.5094518796847],[-110.920229636278,42.5094769051999],[-110.9202695634,42.5094709578846],[-110.920311896999,42.5094748288136],[-110.920355114489,42.5094727526948],[-110.920397136694,42.5094671176295],[-110.920446901504,42.5094542417559],[-110.920456846381,42.5094812942244],[-110.920475957994,42.5095053017166],[-110.920495886562,42.5095328803947],[-110.920507749294,42.5095634933574],[-110.920529098728,42.509594788795],[-110.920569810284,42.5096133096138],[-110.920535130459,42.5096270616952],[-110.92049274051,42.5096252446908],[-110.920451359948,42.509627371867],[-110.92048578404,42.5096662028576],[-110.920525501665,42.509683935345],[-110.92049483321,42.5097071914584],[-110.920516010723,42.5097439317533],[-110.920550145038,42.5097714468124],[-110.920575830387,42.5098046338962],[-110.920608498066,42.5098253764281],[-110.920636209457,42.5098520192712],[-110.920673861516,42.5098747032667],[-110.92071317531,42.5098948130874],[-110.920749931502,42.5098889092],[-110.920765640731,42.5098548144292],[-110.920761797471,42.5098249570498],[-110.920740358505,42.5097958559533],[-110.920744412376,42.5097884763397],[-110.920769362364,42.5097959537473],[-110.920799123175,42.5098153991561],[-110.920849438694,42.5098096969209],[-110.920885252063,42.5097882566071],[-110.920895665029,42.5097567269939],[-110.920901698162,42.5097203932158],[-110.920930889902,42.5097025861855],[-110.9209886631,42.5097156989362],[-110.921019747731,42.5097006706139],[-110.921044827999,42.5096952008377],[-110.921147541711,42.5094542877292],[-110.921278343477,42.5087826458016],[-110.921914284613,42.5079921266908],[-110.922423057552,42.5077566004239],[-110.923107834226,42.5074395947536],[-110.924257464478,42.507337259039],[-110.92524317839,42.5073274600684],[-110.925840752506,42.5077600855351],[-110.926343272766,42.5082347437472],[-110.926727551586,42.5087664196638],[-110.926993542729,42.5093274449752],[-110.927133441522,42.5102048307496],[-110.927070298625,42.5110816379499],[-110.926920441979,42.5119779333303],[-110.926773717725,42.512891489876],[-110.926620793842,42.5137925463806],[-110.926436532398,42.5146732151719],[-110.926259108441,42.5155062549266],[-110.92607873996,42.5162712879511],[-110.926049389291,42.5169814686022],[-110.926398988604,42.5175665201217],[-110.927196595307,42.5178552876391],[-110.928180814497,42.5177661169627],[-110.929191095115,42.5175508332252],[-110.930246219496,42.5173246688246],[-110.93133374647,42.5169680025666],[-110.93243196047,42.5164701891028],[-110.933452353778,42.5158251669244],[-110.934390964109,42.5150883902939],[-110.935460004462,42.5144164756725],[-110.936671315311,42.5138352317161],[-110.937981247038,42.5133683921402],[-110.939359104441,42.513059445255],[-110.940755673829,42.5129442701535],[-110.942084269551,42.5130035314158],[-110.943314064935,42.5131273807539],[-110.944470536467,42.5132984017224],[-110.945512048882,42.5136155642194],[-110.946368867517,42.5141078101008],[-110.946982079059,42.5147666292874],[-110.947426440907,42.5155186934255],[-110.947852263658,42.5163099938962],[-110.948366852489,42.5171121530654],[-110.949018112155,42.5178928663459],[-110.949869575273,42.5185257921283],[-110.95089172463,42.5189718165946],[-110.95200358893,42.5192844187357],[-110.953035323733,42.5197564611639],[-110.953668335502,42.520162928422],[-110.954256884874,42.5206216592614],[-110.954787756925,42.5211333706321],[-110.955497745856,42.5219508259176],[-110.956050135428,42.5228624610816],[-110.956266527007,42.5235168220007],[-110.956400129435,42.5245500017461],[-110.956489120714,42.5256199965632],[-110.956623953301,42.5267104173449],[-110.9569842821,42.527765976252],[-110.957580463693,42.5287524859442],[-110.958424501371,42.5296097472373],[-110.959362005212,42.5303623455893],[-110.960027855536,42.531210050616],[-110.960360499802,42.5321379404172],[-110.960559802821,42.5330844492695],[-110.960705053164,42.5340734916977],[-110.960929998817,42.5351147566517],[-110.961364112224,42.5361378376783],[-110.962092402822,42.5370796418137],[-110.962859152441,42.53797743306],[-110.963293456531,42.5389039350334],[-110.963508786032,42.53984366972],[-110.963879053345,42.5407512021289],[-110.964486273583,42.5416019859163],[-110.964807691105,42.5420785521336],[-110.964896102495,42.5422096410131],[-110.965349187437,42.5422496828717],[-110.965654747621,42.5427496912354],[-110.965220541409,42.5431038432356],[-110.965288969355,42.5433975780436],[-110.965293960796,42.5434190063671],[-110.964955191156,42.5443809629912],[-110.964451820963,42.545352800651],[-110.964089073947,42.5463609332672],[-110.96406653401,42.5473822763578],[-110.964240091683,42.5483879651921],[-110.96439176002,42.5493982117094],[-110.964486319115,42.5503966030177],[-110.964470778752,42.5513721554156],[-110.964426411149,42.5523336302322],[-110.964379365388,42.5533031890815],[-110.964326564478,42.5542848487124],[-110.964262862939,42.5552812247822],[-110.964219929048,42.5562710573597],[-110.964106515754,42.5569713359615],[-110.964231905582,42.5573665432293],[-110.964255799219,42.557421691661],[-110.964241677363,42.5574468182567],[-110.964249828383,42.5574808871578],[-110.964278155992,42.55750478702],[-110.964280875456,42.5575341597893],[-110.96425932033,42.5575613742291],[-110.964230988564,42.5575796590936],[-110.964184981285,42.5575713063703],[-110.96415156644,42.5575873088217],[-110.964152890368,42.5576228377969],[-110.964172951868,42.5576482719979],[-110.964165820655,42.5576767035903],[-110.964155709187,42.5577074593481],[-110.964140670164,42.5577416254231],[-110.964117811099,42.5577664079835],[-110.964088836774,42.5577930456001],[-110.964079598551,42.5578248178888],[-110.964049006598,42.5578500143332],[-110.964012418513,42.5578661802267],[-110.963980968619,42.557885921349],[-110.963949370788,42.5578893564011],[-110.963940844416,42.5578902828341],[-110.963907821466,42.5578777133503],[-110.963867260511,42.5578917122002],[-110.96386200485,42.5579198855754],[-110.963879280279,42.5579513628994],[-110.96391024743,42.5579680409316],[-110.963926364843,42.5579946987928],[-110.963947232652,42.5580026478119],[-110.963962523545,42.5580084728461],[-110.963983784713,42.5580331990758],[-110.964007868689,42.5580570276654],[-110.964002325039,42.558088593815],[-110.964015448962,42.5581164922373],[-110.964053092861,42.558107651833],[-110.964076389141,42.5581298688886],[-110.964053240934,42.5581534848467],[-110.964051337155,42.5581815221947],[-110.964033679553,42.5582090227695],[-110.963994422514,42.5581887982279],[-110.963979639997,42.5582157162766],[-110.96398275752,42.558243666247],[-110.963967102362,42.5582688557627],[-110.963941821021,42.5582894991159],[-110.96394043554,42.5582906302724],[-110.963902516969,42.5582829508398],[-110.963867187937,42.5582650421048],[-110.963822004532,42.5582600498681],[-110.963802251331,42.5582352296089],[-110.963773555925,42.5582150674337],[-110.963742160567,42.5581975538807],[-110.963715732301,42.558221858689],[-110.963716748831,42.5582596938186],[-110.96372605242,42.5582912357466],[-110.963683460902,42.5582878711577],[-110.963647180809,42.558263683883],[-110.96363268825,42.558234830899],[-110.963601422962,42.5582167786897],[-110.963575693052,42.5582367087219],[-110.963567171633,42.5582480168963],[-110.963556479953,42.5582627533334],[-110.963566875589,42.5582940190582],[-110.963547020705,42.5582959631414],[-110.963029561303,42.5590478351243],[-110.962395225915,42.559506423124],[-110.961670035372,42.5598759581168],[-110.960922330937,42.5601900476941],[-110.96018412258,42.5605150800757],[-110.959309851567,42.5611516570446],[-110.958823920453,42.5619116396365],[-110.958627965622,42.5624329706076],[-110.958346347198,42.5631851342683],[-110.957978393267,42.5638523448037],[-110.957491526197,42.5644037020682],[-110.956919524366,42.5648779880992],[-110.956214360571,42.5652683508415],[-110.955386487113,42.5654830680736],[-110.954447011875,42.5653693307672],[-110.954417577365,42.5653509399881],[-110.953812676567,42.5649729980796],[-110.9531846419,42.5656388046757],[-110.95282054714,42.5653884901425],[-110.952957083572,42.5650130169852],[-110.953300115115,42.5643777838105],[-110.953117107871,42.5641245172467],[-110.953074015518,42.5635502921189],[-110.953047279459,42.5631940373581],[-110.953279524681,42.5622870272502],[-110.953590962502,42.5613683178566],[-110.953804170782,42.5604244874093],[-110.953816046355,42.5602972717769],[-110.953821774799,42.5602358992112],[-110.953644391139,42.5602200900111],[-110.953518571223,42.5601036917473],[-110.953408515983,42.5599523966613],[-110.9536604574,42.5597779789243],[-110.953867638838,42.5597445605438]],[[-110.921119579076,42.5050084621244],[-110.921115530488,42.5050390722058],[-110.921087763652,42.5050674212122],[-110.921041809377,42.5051043884639],[-110.921022403786,42.5050715295562],[-110.920997039229,42.5050385487051],[-110.920978630819,42.5050126119276],[-110.921005551236,42.5049839973458],[-110.921012166119,42.504953994684],[-110.92099186174,42.5049291523612],[-110.920998193313,42.5049006117622],[-110.920985125707,42.5048686943024],[-110.921020893022,42.504859429597],[-110.92104075142,42.5048352043985],[-110.921053517689,42.5048091865587],[-110.920935357438,42.5048188991235],[-110.920903713367,42.5048343648356],[-110.920868965152,42.5048213294414],[-110.920842226637,42.504800063766],[-110.920803318554,42.5048053094445],[-110.920760347609,42.5048043338823],[-110.920716910274,42.5048068404548],[-110.920679356568,42.5048178363505],[-110.920640222208,42.5048095973808],[-110.920595637673,42.5047970184208],[-110.920552317572,42.5047926657292],[-110.92051075855,42.5047844029269],[-110.920475100119,42.5047630780742],[-110.920426466555,42.5047405969345],[-110.920388503424,42.5047359893384],[-110.920358390454,42.504712234082],[-110.920368129215,42.5046806353093],[-110.920405997093,42.504667171832],[-110.92044576988,42.5046688953858],[-110.92048146698,42.5046981526265],[-110.920524060542,42.5047107003296],[-110.920573794329,42.5047010047427],[-110.920616934551,42.5047080068904],[-110.920650025558,42.5046900096678],[-110.920676697324,42.5046699684548],[-110.920701048721,42.5046415754157],[-110.920734679394,42.5046203051527],[-110.920774797941,42.5045890520053],[-110.920789447435,42.504562058789],[-110.920785306681,42.5045269296014],[-110.920746174046,42.50450198758],[-110.920714134831,42.5044809761291],[-110.920688920542,42.5044458410543],[-110.920678718809,42.5044185823074],[-110.920670995466,42.5043863795782],[-110.920672139516,42.5043480346982],[-110.920641614653,42.5043163191647],[-110.920619475664,42.504292344054],[-110.920610588552,42.5042654532498],[-110.920611826363,42.5042348006434],[-110.920618765673,42.5042044399181],[-110.920595153591,42.5041748099381],[-110.92060409959,42.5041398770836],[-110.920599405572,42.5041094496194],[-110.920581132533,42.5040824002036],[-110.920592462807,42.5040448542481],[-110.920589481665,42.5040332276034],[-110.920584595969,42.5040141777289],[-110.920629791542,42.5040185042434],[-110.920672545212,42.5040065349272],[-110.920696185214,42.5039813508491],[-110.920732126223,42.503943650742],[-110.920735350303,42.5039417340608],[-110.920736158615,42.5039412532122],[-110.920759236324,42.5039275295947],[-110.920787344652,42.5038989297039],[-110.920816976496,42.5038819463458],[-110.920844518184,42.5038606236871],[-110.920887060159,42.5038512174457],[-110.920926722967,42.5038252697621],[-110.920951141835,42.5038002810243],[-110.920969963494,42.5037761923685],[-110.920969066148,42.5037453639641],[-110.920936879343,42.5037282999803],[-110.920908363936,42.5037027180145],[-110.920867720572,42.503692727207],[-110.920839358466,42.5036731249812],[-110.920847834909,42.503635124598],[-110.920881763506,42.5036203665307],[-110.920929699117,42.5036158292122],[-110.920970238012,42.5036114444414],[-110.921008124742,42.50361491718],[-110.921046799597,42.5036121119149],[-110.921082295219,42.5036216710557],[-110.921123792643,42.5036159861388],[-110.921165823513,42.5036143856836],[-110.921202118611,42.5036297600138],[-110.921250744491,42.5036429319541],[-110.921287929899,42.503618663345],[-110.921285284334,42.5035861576023],[-110.921270310451,42.5035580561398],[-110.921233129104,42.5035410620852],[-110.921233882971,42.5035130805531],[-110.921208499522,42.5034904441732],[-110.921177814371,42.5034608158015],[-110.921144787009,42.5034436144101],[-110.921105447833,42.5034364763896],[-110.921128297076,42.5034008047765],[-110.921113829397,42.5033721901555],[-110.921112073813,42.5033430182415],[-110.921084730031,42.5033233406738],[-110.921069071916,42.5032882031905],[-110.921033170542,42.5032800662848],[-110.921036150745,42.5032501203435],[-110.921038769358,42.5032159739537],[-110.921062041082,42.5031943968915],[-110.921100738595,42.5031918187494],[-110.92113893021,42.5031853106092],[-110.921180738569,42.5031743358393],[-110.921215280899,42.5031913316291],[-110.921265712465,42.5032002177657],[-110.921304152729,42.503221940709],[-110.92133980084,42.5032418524093],[-110.921371228831,42.5032682950476],[-110.92136038481,42.5032970941125],[-110.921375262232,42.5033258997454],[-110.921410067445,42.503344709773],[-110.921443412592,42.5033309070366],[-110.921486134862,42.5033248839268],[-110.921504449801,42.5033568592489],[-110.921502345972,42.5033853387092],[-110.921469536714,42.5034025878622],[-110.921434408396,42.5034236814027],[-110.921442697501,42.5034584139188],[-110.9214359427,42.5034916992074],[-110.921423888985,42.5035248941189],[-110.921447078685,42.5035501123087],[-110.921435794411,42.5035837388507],[-110.921443751708,42.5036113623203],[-110.921484795605,42.5036243906479],[-110.921528627764,42.5036355051587],[-110.92156311322,42.5036153189221],[-110.9216076701,42.5036015900382],[-110.921643836769,42.5035898610745],[-110.921691610394,42.5035745778195],[-110.921726452582,42.5035643841859],[-110.921760782172,42.5035828834401],[-110.921767449006,42.5036137210364],[-110.92178648947,42.5036403763462],[-110.921810348069,42.5036643347569],[-110.921838393724,42.5036903100612],[-110.921852897688,42.5037202821512],[-110.921843670432,42.5037473058227],[-110.921830860106,42.5037794631346],[-110.921809327537,42.5038028720306],[-110.921785158634,42.5038267823819],[-110.921767796074,42.5038532838419],[-110.921749375068,42.5038829010803],[-110.92177369836,42.5039102760035],[-110.921799967604,42.503935404224],[-110.92180270353,42.5039667706773],[-110.921805085422,42.5039953098153],[-110.921842759661,42.5040170980204],[-110.921880869793,42.5040069783949],[-110.921891321414,42.50397210488],[-110.921926567727,42.5039605095629],[-110.921973566725,42.5039834737375],[-110.921966817266,42.5040204220553],[-110.922017681013,42.5040257095677],[-110.922016836622,42.5040412003078],[-110.922015964533,42.504057238665],[-110.922050500253,42.5040724578593],[-110.922084272328,42.5040926034202],[-110.922077651438,42.5041198594722],[-110.922098088637,42.5041436131891],[-110.922063109416,42.5041680004077],[-110.922110160567,42.5041763668694],[-110.922143545851,42.5042015047593],[-110.92213200818,42.5042333229853],[-110.922093805027,42.504247025741],[-110.922083720954,42.5042752919362],[-110.922043907069,42.5042836646558],[-110.921996046297,42.504278569419],[-110.921967538626,42.5043034478381],[-110.921944996125,42.5043365912278],[-110.921899406939,42.5043338321461],[-110.92186951056,42.5043138631476],[-110.921860457271,42.5042791295838],[-110.921853746174,42.5042428410267],[-110.921826325439,42.5042206832222],[-110.921794971213,42.5042377902892],[-110.92177273644,42.5042716467422],[-110.921738363782,42.5042507967035],[-110.921712938224,42.5042178541723],[-110.921724840997,42.504189026823],[-110.921773557948,42.5041745687859],[-110.921758299447,42.5041422971395],[-110.921734578556,42.5041110908377],[-110.921703377164,42.5040822371537],[-110.921660743542,42.5040680638931],[-110.921620923245,42.5040653561765],[-110.921574098435,42.504076832768],[-110.921551277374,42.5041029436784],[-110.921551879847,42.5041351309119],[-110.921529358611,42.5041598220404],[-110.921494858068,42.5041728287644],[-110.92145641945,42.5041802321205],[-110.921430287175,42.5042114443002],[-110.921396940945,42.5042370128314],[-110.921358899776,42.5042562040746],[-110.921368445988,42.5042883552841],[-110.921378335556,42.5043181015692],[-110.921359785711,42.504349115216],[-110.92132523841,42.5043616630215],[-110.921294724092,42.5043781998623],[-110.921277543399,42.5044057920067],[-110.921254465921,42.5044309341443],[-110.921227097067,42.5044088572711],[-110.921186736189,42.504408216168],[-110.921143754383,42.5044184137372],[-110.921109804922,42.5044399624004],[-110.921072070693,42.5044465002767],[-110.921054890863,42.5044761213702],[-110.921068986307,42.5045055506219],[-110.921053303993,42.5045348967871],[-110.921086537791,42.5045591753793],[-110.921080854586,42.5045914078136],[-110.921097048031,42.504616264384],[-110.921115599175,42.5046449361952],[-110.921166228973,42.5046494438105],[-110.921200026397,42.5046306856029],[-110.921234927834,42.504640105949],[-110.921270686986,42.5046557433779],[-110.921278674948,42.5046850031655],[-110.92130356963,42.5047064154134],[-110.92131392736,42.5047340622759],[-110.921308039996,42.504761589571],[-110.921291556315,42.5047892062238],[-110.921291361739,42.5048230577072],[-110.921250509326,42.5048305458137],[-110.921235184271,42.5048563932388],[-110.921248068023,42.5048879633262],[-110.921246600625,42.5049165009691],[-110.921244344623,42.5049444034273],[-110.921243633366,42.5049731343533],[-110.92121241326,42.50500444376],[-110.921159085231,42.5050153317938],[-110.921119579076,42.5050084621244]],[[-110.920141785341,42.5025160633714],[-110.920110434196,42.5025313923433],[-110.920078426945,42.5025513158387],[-110.920037082087,42.5025487343258],[-110.919995685623,42.5025298978456],[-110.919955675096,42.502534160085],[-110.919909099976,42.5025518090169],[-110.919877486619,42.5025340362554],[-110.919842846139,42.5025473122749],[-110.91982071589,42.5025279840564],[-110.919818219968,42.5025258042007],[-110.919810805261,42.5025233038949],[-110.919783756464,42.5025141842833],[-110.919748405653,42.5024988922005],[-110.919711116609,42.5025106697082],[-110.919670793127,42.5025206509348],[-110.919636524681,42.5025388066116],[-110.919599557482,42.5025192463067],[-110.9196236507,42.5024825340667],[-110.919663166314,42.5024595962862],[-110.919681032779,42.5024332966188],[-110.919682696633,42.5024023318607],[-110.919679074285,42.5023739237623],[-110.919676743771,42.5023398883122],[-110.919663318311,42.5023060703432],[-110.919658003862,42.502274297388],[-110.919655036774,42.5022440302697],[-110.919652991388,42.502213542191],[-110.91964742783,42.5021768636557],[-110.919637086546,42.5021449310165],[-110.919626954626,42.5021150483651],[-110.919633433726,42.5020871692126],[-110.91961552278,42.5020512409551],[-110.919601082814,42.5020205500817],[-110.919583389398,42.5019955432185],[-110.919572137221,42.5019675857337],[-110.919533824482,42.5019610248281],[-110.919559791288,42.5019893455777],[-110.919526212253,42.5019558909491],[-110.919535348131,42.5019248731449],[-110.91953701232,42.5018947932549],[-110.91953423415,42.5018655110574],[-110.919546436692,42.5018293411846],[-110.919563529437,42.5018027149826],[-110.919574783982,42.5017707883349],[-110.919564896868,42.5017441052462],[-110.919604423497,42.5017258020396],[-110.919635461573,42.5017497849739],[-110.91966785239,42.5017261022994],[-110.919705033083,42.5017021634098],[-110.919735883285,42.5016746459475],[-110.919778838259,42.5016930488258],[-110.919785960498,42.5017247713211],[-110.919812253638,42.5017445588689],[-110.919844961749,42.5017596642893],[-110.919841659247,42.5017875163846],[-110.919881762668,42.5018033072629],[-110.919906151848,42.5018284879134],[-110.919946854392,42.501836030196],[-110.919981831544,42.5018507082168],[-110.92004321045,42.5018651961815],[-110.920067194087,42.50189268389],[-110.920081573692,42.5019234597062],[-110.920081447179,42.5019523036697],[-110.920091437525,42.5019795539064],[-110.920098222289,42.502017975331],[-110.920133121777,42.50203949481],[-110.920177381368,42.5020410721004],[-110.920195075415,42.5020107376977],[-110.920240829076,42.5020032814052],[-110.920279830565,42.5020028863841],[-110.920297076862,42.5020351830499],[-110.920333179796,42.5020563371783],[-110.920355318832,42.5020862326229],[-110.920374204843,42.5021187813168],[-110.920369669119,42.5021719375857],[-110.920356837904,42.502199014968],[-110.920343198659,42.5022434321157],[-110.920318424494,42.5022642233106],[-110.920294155671,42.5022949160521],[-110.920276768217,42.5023204212895],[-110.920293707373,42.502347258396],[-110.920299754952,42.502391947906],[-110.920345286485,42.5023944588066],[-110.920369972618,42.5024176658426],[-110.920349416139,42.5024483249325],[-110.920311711187,42.5024512464227],[-110.920280936472,42.5024729449916],[-110.920243015294,42.5024797156875],[-110.920191250061,42.5024755315796],[-110.92017226275,42.5025001117684],[-110.920141785341,42.5025160633714]],[[-110.919124751445,42.5046364616029],[-110.919105386565,42.5046675745842],[-110.919098989158,42.5046694212244],[-110.919069757406,42.5046778560089],[-110.919029060035,42.5046534106584],[-110.919003900441,42.5046322538536],[-110.919007015365,42.5046022476389],[-110.918968556107,42.5046228254366],[-110.918930808536,42.5046303349471],[-110.918892615723,42.5046329797258],[-110.918855182559,42.5046291289652],[-110.918816087149,42.5046267334142],[-110.918784216892,42.5046074803127],[-110.918785486459,42.5045797621137],[-110.918764811644,42.5045514349952],[-110.918726721186,42.5045635196384],[-110.918701109445,42.5045846511186],[-110.918671912495,42.5045640173216],[-110.918634149393,42.5045362859484],[-110.918628889931,42.5045088293924],[-110.918607760485,42.5044848761618],[-110.918582098947,42.504463441388],[-110.918568519006,42.5044376038885],[-110.918603517465,42.504414109937],[-110.918644560143,42.5044077049986],[-110.918678944474,42.5044263242182],[-110.918716062279,42.5044178216881],[-110.918744137552,42.5043940129516],[-110.918757880662,42.5043625645971],[-110.918771997201,42.504334392872],[-110.918750368843,42.5043053389514],[-110.918733359871,42.5042789092639],[-110.918713065744,42.5042543731405],[-110.91868703983,42.5042335580897],[-110.918664093525,42.5042095738097],[-110.918624527593,42.5042127052563],[-110.918599511915,42.5042340259892],[-110.918555383215,42.5042173703318],[-110.918554046522,42.5041872440386],[-110.918571263551,42.5041780344089],[-110.91859142584,42.504167248865],[-110.918615518789,42.5041721687553],[-110.918632440439,42.5041756237907],[-110.918673894734,42.5041927967798],[-110.918713460491,42.5042028470976],[-110.918748508847,42.5041899676212],[-110.918785636262,42.5041926067308],[-110.918822861568,42.5041998544073],[-110.918860617281,42.5041925586996],[-110.918890626491,42.5042117198567],[-110.918930617425,42.5042190382867],[-110.918953952627,42.5041861033599],[-110.918990109735,42.5041932769856],[-110.919002725646,42.5042218850601],[-110.919035149197,42.504241214375],[-110.919071961799,42.5042362852684],[-110.919091249333,42.5042625914211],[-110.919108264055,42.5042904517004],[-110.919146765679,42.5043031636448],[-110.91917925313,42.5042823811514],[-110.9192226225,42.5042729538959],[-110.919234880923,42.5042413453953],[-110.919280984545,42.50424139019],[-110.919314272691,42.504263913296],[-110.919346793521,42.5042786920459],[-110.919371696133,42.5042990888639],[-110.919376410758,42.5043263093373],[-110.919383590273,42.5043558916545],[-110.919372984432,42.5043865323081],[-110.919342607567,42.504408066368],[-110.919342139473,42.5044372152909],[-110.919362484593,42.5044631312493],[-110.919373613699,42.504494632396],[-110.919471806824,42.5045142057316],[-110.919330748491,42.5045128072091],[-110.919306261162,42.5045340752245],[-110.919271237491,42.5045179488632],[-110.919231068959,42.504527885964],[-110.919193539474,42.5045334421511],[-110.91916875653,42.5045455803765],[-110.919160770274,42.504549491057],[-110.919123492307,42.5045784357036],[-110.9191207776,42.5045861953342],[-110.919112322446,42.5046103704121],[-110.919124751445,42.5046364616029]],[[-110.924396904235,42.5066587123085],[-110.924370586894,42.5066782889814],[-110.924338282594,42.5067033989379],[-110.924298854063,42.5067228503932],[-110.924255975959,42.5067278139765],[-110.924255042547,42.5067263150633],[-110.924233857425,42.5066951955934],[-110.924199395457,42.5066554680731],[-110.92420230719,42.5066560892987],[-110.924199952201,42.5066263112224],[-110.92420189057,42.5065872587286],[-110.924202512817,42.506583297874],[-110.92420426184,42.5065721507696],[-110.924207154561,42.5065537183991],[-110.924213923544,42.5065256590599],[-110.924215412429,42.5064890652616],[-110.924181461448,42.5064659970088],[-110.924188846575,42.5064337892605],[-110.924179643338,42.5064067783775],[-110.924157535571,42.5063750769072],[-110.924118392197,42.5063719596018],[-110.924103361439,42.5063467899572],[-110.924105781329,42.506316288415],[-110.924148828202,42.5062940788835],[-110.924179649592,42.5062693167382],[-110.924184014521,42.5062379789422],[-110.924216007477,42.5062165079712],[-110.924249667531,42.5062025798503],[-110.924278984437,42.5061817549883],[-110.92428649574,42.5061514271605],[-110.924324871763,42.5061518490292],[-110.924353355213,42.5061699122033],[-110.924372321472,42.5061444435377],[-110.924419243762,42.5061318502982],[-110.924445117031,42.5061112823197],[-110.924454728617,42.5060845408225],[-110.924495900422,42.5060746102483],[-110.924523720607,42.5060461147088],[-110.924566383624,42.5060438220226],[-110.924606433165,42.5060395044387],[-110.924646051535,42.506043665819],[-110.924683399614,42.506051020736],[-110.924701938646,42.5060753319072],[-110.92467147489,42.5060921369939],[-110.924660444454,42.5061230508226],[-110.924668836218,42.5061527423442],[-110.924637166055,42.5061836236916],[-110.924597807628,42.5061928082681],[-110.924559500118,42.5061864743484],[-110.924516454573,42.5061992226271],[-110.924510509643,42.5062385192067],[-110.924537599439,42.5062654268669],[-110.924547873839,42.5063006941913],[-110.924546579838,42.5063314050807],[-110.924545057529,42.5063595834],[-110.924586931823,42.5063843450687],[-110.924624594529,42.5063836586016],[-110.924631904857,42.5064109458896],[-110.924619909436,42.5064386569389],[-110.924589131791,42.5064601035781],[-110.924563315258,42.5064832283346],[-110.924563036572,42.5065184129899],[-110.924531799267,42.5065403950472],[-110.924511960006,42.5065662457566],[-110.924477570208,42.5065923735685],[-110.924468103815,42.5066200985567],[-110.924433518551,42.5066338181811],[-110.924396904235,42.5066587123085]],[[-110.920176771468,42.5032695253645],[-110.92014836402,42.5032880301977],[-110.920124356481,42.5033111152439],[-110.920085604526,42.5033063845362],[-110.920047728992,42.5033194721431],[-110.920011325229,42.5033089596708],[-110.919976586394,42.5032895343494],[-110.919935688529,42.5032927834641],[-110.919918201225,42.5032479672257],[-110.919919724226,42.5032419894207],[-110.919924485023,42.5032219589684],[-110.919927141606,42.5032107801536],[-110.919923444692,42.503180010598],[-110.91992268738,42.5031737133285],[-110.919929669588,42.5031437762028],[-110.919940695386,42.5031097750939],[-110.919955205463,42.5030766850489],[-110.919922303031,42.503058942668],[-110.919881880348,42.5030508913848],[-110.919860231518,42.503026824316],[-110.919824435522,42.5030186953421],[-110.919843036444,42.5029847330803],[-110.919883692909,42.5029805367865],[-110.919912538887,42.5030077280712],[-110.919947541512,42.5030362967768],[-110.919981925437,42.5030200077665],[-110.920027074274,42.5030138875874],[-110.920063922494,42.5029991529154],[-110.920102411482,42.5029851717138],[-110.920146582158,42.5029707216216],[-110.920179616436,42.5029483206763],[-110.920173500078,42.5029179605825],[-110.92013256429,42.5028999507139],[-110.920154880274,42.5028720669056],[-110.920178776599,42.5028505610931],[-110.920201924567,42.5028228656022],[-110.920231178412,42.5028010590667],[-110.920218426445,42.5027746843552],[-110.920209696721,42.5027430014061],[-110.920240160393,42.5027196120165],[-110.92027041969,42.5026988491746],[-110.920254272169,42.5026715267296],[-110.920287674824,42.5026456860911],[-110.920312941184,42.5026213493187],[-110.920351599916,42.5026044938884],[-110.920388531064,42.5026158093589],[-110.920407575566,42.5026408007293],[-110.920435181938,42.5026709323754],[-110.92044973431,42.5027004103306],[-110.920444184143,42.5027281220604],[-110.920452948917,42.5027588328968],[-110.920475731775,42.5027912299139],[-110.92048115769,42.5028225992025],[-110.920463457455,42.5028534085992],[-110.920429990493,42.5028707160452],[-110.920380390325,42.502881792326],[-110.920385680041,42.5029103837054],[-110.920413164678,42.5029293344158],[-110.920436679519,42.5029558438312],[-110.920432609505,42.5029831833998],[-110.920452208448,42.5030092421596],[-110.920453380401,42.5030383704016],[-110.920431152166,42.5030757348194],[-110.920390218898,42.5030957484057],[-110.9203546911,42.5031165196875],[-110.920324971468,42.5031388739469],[-110.920281757062,42.5031514460074],[-110.920245994676,42.5031666733423],[-110.920193714588,42.5031726803149],[-110.920165164533,42.503193364923],[-110.920131946556,42.5031953262809],[-110.920169684296,42.5032402036557],[-110.920176771468,42.5032695253645]],[[-110.965343705466,42.5579361013477],[-110.965343681585,42.5579352026288],[-110.965353649415,42.5579310802143],[-110.965392838394,42.5579168237751],[-110.96542060646,42.5578948352805],[-110.965435034475,42.5578650916091],[-110.965468385187,42.5578397039505],[-110.96550812946,42.557837028538],[-110.965544977774,42.5578277990204],[-110.965593664584,42.5578392066363],[-110.96563196967,42.5578340255846],[-110.965657765716,42.5578127861442],[-110.965701525851,42.5578171461204],[-110.965744693788,42.5578062387197],[-110.965774357189,42.5578370698165],[-110.965742028717,42.5578677649149],[-110.965723193386,42.5578916766951],[-110.965714769208,42.5579192074048],[-110.965689486594,42.5579395567363],[-110.965666035353,42.55796377002],[-110.965632755243,42.5579836561083],[-110.965594432379,42.5579697321865],[-110.965559227556,42.5579814439088],[-110.965529938457,42.5579990411865],[-110.965535282497,42.5580296220484],[-110.965508847541,42.5580500634547],[-110.965487166555,42.5580755233742],[-110.965460538896,42.55810012231],[-110.965435481773,42.5581296831075],[-110.965418018183,42.5581597416037],[-110.965377106219,42.5581546346122],[-110.965339214634,42.5581561296865],[-110.965320403919,42.5581303963385],[-110.965320114336,42.5581027228065],[-110.965320111252,42.5581024021876],[-110.9653210087,42.5580983980199],[-110.965328923488,42.5580631188681],[-110.965337430511,42.5580301133122],[-110.965346866561,42.557992990937],[-110.965336719017,42.5579641238982],[-110.965343705466,42.5579361013477]],[[-110.921575503533,42.5046506010903],[-110.92155306153,42.5046481029078],[-110.9215430086,42.5046463327036],[-110.921537552971,42.5046452258202],[-110.921529171224,42.5046463116466],[-110.921476961366,42.5046531483777],[-110.921437725294,42.5046552379909],[-110.921433524766,42.5046218456311],[-110.921436865922,42.5045876242782],[-110.92141454759,42.5045627621246],[-110.921376688066,42.5045458301214],[-110.921401822963,42.5045228372343],[-110.921435460852,42.5045094587596],[-110.921486783967,42.5044985286632],[-110.921477520189,42.5044644229708],[-110.921468748452,42.504437517669],[-110.92151365603,42.504428545888],[-110.921558592326,42.5044158381952],[-110.921598363323,42.5044134628644],[-110.921629431755,42.5043904887628],[-110.921625489324,42.5044210739113],[-110.921667881576,42.5044390203688],[-110.921675382402,42.5044676366932],[-110.921650615666,42.5044929500255],[-110.921649114166,42.5045243177318],[-110.921649721619,42.5045532637904],[-110.921656050834,42.5045817808368],[-110.921629996773,42.5046015410165],[-110.921599871465,42.5046234599427],[-110.921575503533,42.5046506010903]],[[-110.965343681585,42.5579352026288],[-110.965320370871,42.5579448434247],[-110.965269025436,42.5579315533511],[-110.965259037153,42.5579324503146],[-110.965219441448,42.5579362703906],[-110.965190433464,42.557939567243],[-110.965170756417,42.5579659602757],[-110.965161181503,42.5579950629972],[-110.965124608475,42.5579819569426],[-110.965080735542,42.5579852583172],[-110.965038755425,42.5579802819726],[-110.9649959576,42.5579804490907],[-110.964953963021,42.557971531063],[-110.964960796515,42.5579407108656],[-110.964969178423,42.5578364017924],[-110.965002487475,42.5578542106036],[-110.965040216795,42.5578544668695],[-110.96507407129,42.5578320926806],[-110.965112685311,42.5578234283255],[-110.965153771899,42.5578294465985],[-110.965196021457,42.5578310696552],[-110.965237890477,42.5578447976954],[-110.965278941879,42.5578516962171],[-110.965308308955,42.5578709978619],[-110.965304855512,42.5579033181822],[-110.965342914738,42.557906105925],[-110.965343681585,42.5579352026288]],[[-110.924251100588,42.5050850887499],[-110.924214300613,42.5051024026807],[-110.924184463686,42.505071572631],[-110.924138738074,42.5050771191737],[-110.924134944006,42.5050776535943],[-110.924115144418,42.5050804462945],[-110.924101271624,42.5050824030969],[-110.924062815588,42.5050770539783],[-110.924058664415,42.5050446661955],[-110.924074601139,42.505014304268],[-110.924058108006,42.5049808654315],[-110.924086902728,42.5049611641187],[-110.924103656506,42.5049314073607],[-110.924134058325,42.504900616191],[-110.924180449767,42.5049069546609],[-110.924205411263,42.5049322215805],[-110.9242249686,42.5049558389878],[-110.924263588161,42.5049441226995],[-110.92429128085,42.5049625308683],[-110.924282855534,42.5049903490476],[-110.92427235063,42.5050181096718],[-110.924242322407,42.5050483239599],[-110.924251100588,42.5050850887499]],[[-110.924315097968,42.5052123613047],[-110.924350802201,42.5052033172251],[-110.924384251827,42.5052227887451],[-110.924394229445,42.5052631351389],[-110.924399744728,42.5052970231383],[-110.924381777606,42.5053270349282],[-110.924344468138,42.5053520801853],[-110.924316532945,42.5053709226505],[-110.924275623405,42.5053713759335],[-110.924253561926,42.5053046439947],[-110.92421716227,42.5052980001211],[-110.924209319572,42.5052973946434],[-110.924204420343,42.5052922020084],[-110.924185712587,42.5052723717319],[-110.924146113392,42.5052622486198],[-110.924199549083,42.5052471711044],[-110.924231675945,42.5052263193525],[-110.924268685482,42.5052165877334],[-110.924315097968,42.5052123613047]],[[-110.924210780468,42.5071423739025],[-110.924211507009,42.5071142990665],[-110.924211619261,42.5071099528125],[-110.924209963702,42.5070792622972],[-110.924206819267,42.5070504341761],[-110.924230327588,42.507023236813],[-110.92424109624,42.5070148452653],[-110.924280684672,42.507029821394],[-110.924304501645,42.5070119515963],[-110.924310280856,42.5070076170556],[-110.924314510364,42.5070044440567],[-110.924389621761,42.5069990101333],[-110.924418109659,42.5069791078853],[-110.924446567755,42.5069545556672],[-110.924488750723,42.50698423062],[-110.924482848822,42.5070140338001],[-110.924439926361,42.5070295772601],[-110.924400861537,42.5070428694705],[-110.924339122584,42.5070553403575],[-110.924299110083,42.5070665540638],[-110.924303437715,42.5070962768847],[-110.924281963334,42.5071197091503],[-110.924263411573,42.5071483440809],[-110.924232922879,42.5071668129952],[-110.924210780468,42.5071423739025]],[[-110.923823870164,42.5070812788677],[-110.923861015476,42.5070728661376],[-110.923902555861,42.5070765476725],[-110.923904826829,42.5071078893448],[-110.923887794389,42.5071386772131],[-110.923868298497,42.507163481201],[-110.923883218784,42.5071923284147],[-110.92392048193,42.5071978472633],[-110.923890159519,42.5072203612076],[-110.923868809301,42.5072576821202],[-110.923858515206,42.50728748466],[-110.923824971461,42.5072713376222],[-110.923827831152,42.5072374281191],[-110.923815552523,42.5072122059653],[-110.923802749549,42.5071856947948],[-110.923791158907,42.507168012906],[-110.923786599644,42.5071609741326],[-110.923809423585,42.5071378406224],[-110.923820504643,42.5071111809862],[-110.923823870164,42.5070812788677]]]},"properties":{"OBJECTID":43869,"poly_SourceOID":40436,"poly_IncidentName":"Willow Creek","poly_FeatureCategory":"Wildfire Daily Fire Perimeter","poly_MapMethod":"IR Image Interpretation","poly_GISAcres":4065.5764908234119,"poly_DeleteThis":"No","poly_FeatureAccess":"Public","poly_FeatureStatus":"Approved","poly_IsVisible":"Yes","poly_CreateDate":1756496197000,"poly_DateCurrent":1758598392000,"poly_PolygonDateTime":1756468800000,"poly_IRWINID":"{077A3303-D2CC-4FC6-8546-9CA385E60CD0}","poly_FORID":null,"poly_Acres_AutoCalc":4065.5612306557068,"poly_SourceGlobalID":"{9C3B52C4-70E1-4164-A858-C2A759C78C18}","poly_Source":"2025 NIFS","attr_SourceOID":38453552,"attr_ABCDMisc":null,"attr_ADSPermissionState":"ICS209","attr_CalculatedAcres":null,"attr_ContainmentDateTime":null,"attr_ControlDateTime":null,"attr_CreatedBySystem":"wildcade","attr_IncidentSize":4066,"attr_DiscoveryAcres":0.1,"attr_DispatchCenterID":"WYTDC","attr_EstimatedCostToDate":9705000,"attr_FinalAcres":null,"attr_FFReportApprovedByTitle":null,"attr_FFReportApprovedByUnit":null,"attr_FFReportApprovedDate":null,"attr_FireBehaviorGeneral":"Minimal","attr_FireBehaviorGeneral1":"Smoldering","attr_FireBehaviorGeneral2":"Creeping","attr_FireBehaviorGeneral3":"Isolated Torching","attr_FireCause":"Undetermined","attr_FireCauseGeneral":null,"attr_FireCauseSpecific":null,"attr_FireCode":"S8DF","attr_FireDepartmentID":null,"attr_FireDiscoveryDateTime":1755882540000,"attr_FireMgmtComplexity":null,"attr_FireOutDateTime":null,"attr_FireStrategyConfinePercent":0,"attr_FireStrategyFullSuppPrcnt":100,"attr_FireStrategyMonitorPercent":0,"attr_FireStrategyPointZonePrcnt":0,"attr_FSJobCode":"P4","attr_FSOverrideCode":"0403","attr_GACC":"GBCC","attr_ICS209ReportDateTime":1758832856000,"attr_ICS209RptForTimePeriodFrom":1758827700000,"attr_ICS209RptForTimePeriodTo":1758828600000,"attr_ICS209ReportStatus":"F","attr_IncidentManagementOrg":"Type 5 IC","attr_IncidentName":"Willow Creek","attr_IncidentShortDescription":"3 Miles S from Smoot, WY","attr_IncidentTypeCategory":"WF","attr_IncidentTypeKind":"FI","attr_InitialLatitude":42.571477,"attr_InitialLongitude":-111.003799,"attr_InitialResponseAcres":null,"attr_InitialResponseDateTime":null,"attr_IrwinID":"{077A3303-D2CC-4FC6-8546-9CA385E60CD0}","attr_IsFireCauseInvestigated":null,"attr_IsFireCodeRequested":0,"attr_IsFSAssisted":1,"attr_IsMultiJurisdictional":null,"attr_IsReimbursable":null,"attr_IsTrespass":null,"attr_IsUnifiedCommand":0,"attr_LocalIncidentIdentifier":"002534","attr_ModifiedBySystem":"INFORM_Inspector","attr_PercentContained":100,"attr_PercentPerimToBeContained":100,"attr_POOCity":"S of Smoot","attr_POOCounty":"Lincoln","attr_POODispatchCenterID":"WYTDC","attr_POOFips":"56023","attr_POOJurisdictionalAgency":"USFS","attr_POOJurisdictionalUnit":"WYBTF","attr_POOJurisdictUnitParentUnit":null,"attr_POOLandownerCategory":"USFS","attr_POOLandownerKind":"Federal","attr_POOLegalDescPrincipalMerid":null,"attr_POOLegalDescQtr":null,"attr_POOLegalDescQtrQtr":null,"attr_POOLegalDescRange":null,"attr_POOLegalDescSection":null,"attr_POOLegalDescTownship":null,"attr_POOPredictiveServiceAreaID":"GB10","attr_POOProtectingAgency":"USFS","attr_POOProtectingUnit":"WYBTF","attr_POOState":"US-WY","attr_PredominantFuelGroup":null,"attr_PredominantFuelModel":null,"attr_PrimaryFuelModel":"Timber (Litter and Understory)","attr_SecondaryFuelModel":"Medium Logging Slash","attr_TotalIncidentPersonnel":35,"attr_UniqueFireIdentifier":"2025-WYBTF-002534","attr_FORID":null,"attr_WFDSSDecisionStatus":"No Decision","attr_EstimatedFinalCost":null,"attr_OrganizationalAssessment":null,"attr_StratDecisionPublishDate":null,"attr_CreatedOnDateTime_dt":1755884144000,"attr_ModifiedOnDateTime_dt":1764778500000,"attr_Source":"IRWIN","attr_ActiveFireCandidate":1,"attr_IsCpxChild":0,"attr_CpxName":null,"attr_CpxID":null,"attr_SourceGlobalID":"{AF7D0039-7F38-4A88-9EF8-DD405D30B093}","GlobalID":"82d8440b-d880-47fb-b834-ac7af0ecdaab","Shape__Area":0.0018028316699201241,"Shape__Length":0.32144840571203448,"attr_IncidentComplexityLevel":"Type 3 Incident"}},{"type":"Feature","id":45504,"geometry":{"type":"Polygon","coordinates":[[[-113.16799,47.923229],[-113.168179,47.9232240000001],[-113.168108,47.9232900000001],[-113.167997,47.923344],[-113.167962,47.9232620000001],[-113.16799,47.923229]],[[-113.175056,47.9266850000001],[-113.175298,47.926615],[-113.1753,47.9267160000001],[-113.175111,47.9267390000001],[-113.175007,47.926726],[-113.175056,47.9266850000001]],[[-113.171212,47.9277480000001],[-113.171331,47.9277250000001],[-113.171296,47.9277670000001],[-113.171212,47.9277480000001]],[[-113.171502,47.9278180000001],[-113.171805,47.927755],[-113.172035,47.9279220000001],[-113.171789,47.928077],[-113.171627,47.927983],[-113.171502,47.9278180000001]],[[-113.154913,47.929991],[-113.155099,47.9299500000001],[-113.155069,47.930098],[-113.154931,47.9301960000001],[-113.154786,47.930164],[-113.154913,47.929991]],[[-113.152421,47.9361660000001],[-113.152688,47.93616],[-113.152825,47.936272],[-113.152491,47.9364330000001],[-113.152226,47.9362410000001],[-113.152421,47.9361660000001]],[[-113.145214,47.936766],[-113.145304,47.936716],[-113.14541,47.9367290000001],[-113.145365,47.9368040000001],[-113.145274,47.936831],[-113.145192,47.936831],[-113.145214,47.936766]],[[-113.166665,47.9370210000001],[-113.1667,47.936987],[-113.166747,47.9370270000001],[-113.166673,47.9370420000001],[-113.166665,47.9370210000001]],[[-113.160196,47.9374230000001],[-113.16031,47.937328],[-113.160462,47.937377],[-113.160511,47.9374800000001],[-113.160284,47.9375380000001],[-113.160196,47.9374230000001]],[[-113.144184,47.9381260000001],[-113.144273,47.938095],[-113.144353,47.938134],[-113.144332,47.9381960000001],[-113.14418,47.9382190000001],[-113.144184,47.9381260000001]],[[-113.142523,47.9388230000001],[-113.142597,47.938787],[-113.14265,47.938838],[-113.142585,47.938881],[-113.142523,47.9388230000001]],[[-113.138828,47.938902],[-113.138626,47.938632],[-113.138615,47.9383930000001],[-113.138418,47.9381730000001],[-113.138405,47.937692],[-113.138735,47.9375250000001],[-113.139375,47.9377930000001],[-113.139512,47.937931],[-113.13948,47.9381770000001],[-113.139452,47.9381920000001],[-113.139604,47.938252],[-113.139853,47.938292],[-113.140157,47.9383510000001],[-113.140532,47.938607],[-113.140945,47.9389210000001],[-113.140633,47.9388940000001],[-113.140251,47.9389640000001],[-113.14027,47.939267],[-113.140146,47.9396310000001],[-113.13944,47.939536],[-113.139097,47.9392920000001],[-113.139277,47.939058],[-113.139256,47.938995],[-113.138828,47.938902]],[[-113.144681,47.940101],[-113.144818,47.940098],[-113.14494,47.9401350000001],[-113.14487,47.940227],[-113.14473,47.9402240000001],[-113.144625,47.940184],[-113.144681,47.940101]],[[-113.146954,47.9405330000001],[-113.146688,47.9404920000001],[-113.146094,47.9404930000001],[-113.145844,47.9404500000001],[-113.145092,47.940052],[-113.144917,47.9399240000001],[-113.144711,47.9399050000001],[-113.144587,47.939719],[-113.14446,47.939446],[-113.144536,47.9393180000001],[-113.14458,47.939285],[-113.144463,47.9392310000001],[-113.14449,47.939102],[-113.144551,47.939016],[-113.144588,47.9389770000001],[-113.144504,47.9389400000001],[-113.144491,47.938859],[-113.144357,47.9388490000001],[-113.144175,47.938724],[-113.144112,47.938633],[-113.144115,47.938475],[-113.144203,47.9384250000001],[-113.144315,47.938456],[-113.144413,47.9385100000001],[-113.14449,47.938478],[-113.144507,47.9384210000001],[-113.144539,47.938404],[-113.144458,47.9383780000001],[-113.144329,47.938322],[-113.144403,47.938247],[-113.144585,47.938201],[-113.144708,47.9381750000001],[-113.144748,47.9380990000001],[-113.14481,47.937956],[-113.144972,47.9378600000001],[-113.145152,47.9378310000001],[-113.14524,47.937804],[-113.145235,47.937758],[-113.14521,47.9376960000001],[-113.145276,47.9375650000001],[-113.145288,47.9375680000001],[-113.145231,47.9374690000001],[-113.145169,47.937351],[-113.145098,47.9372000000001],[-113.145108,47.937078],[-113.145195,47.937016],[-113.145313,47.936944],[-113.145515,47.936881],[-113.145689,47.9368870000001],[-113.145725,47.936991],[-113.145824,47.937082],[-113.145906,47.937102],[-113.146056,47.937196],[-113.146089,47.937033],[-113.146084,47.936947],[-113.146165,47.936964],[-113.146218,47.936993],[-113.146289,47.937057],[-113.1463,47.937015],[-113.146389,47.936832],[-113.146306,47.936721],[-113.146271,47.9366460000001],[-113.146163,47.936671],[-113.146004,47.936585],[-113.145931,47.9364850000001],[-113.145866,47.9364350000001],[-113.145732,47.9363900000001],[-113.145609,47.9363430000001],[-113.145624,47.9362320000001],[-113.145612,47.9361050000001],[-113.1457,47.935975],[-113.14578,47.9359010000001],[-113.145947,47.935777],[-113.146094,47.9356530000001],[-113.14626,47.935548],[-113.146519,47.935479],[-113.146735,47.9354920000001],[-113.1468,47.9355190000001],[-113.146955,47.9354720000001],[-113.14721,47.935524],[-113.147465,47.9353540000001],[-113.147446,47.9352210000001],[-113.147498,47.9350890000001],[-113.147694,47.935077],[-113.147765,47.935055],[-113.147632,47.93499],[-113.147466,47.934923],[-113.14742,47.934848],[-113.14748,47.934759],[-113.147571,47.934695],[-113.147647,47.934626],[-113.147854,47.9345640000001],[-113.148034,47.9345210000001],[-113.148164,47.934555],[-113.14825,47.934602],[-113.148358,47.9346800000001],[-113.148384,47.9347220000001],[-113.148559,47.9347490000001],[-113.14877,47.934718],[-113.14884,47.9346390000001],[-113.149031,47.93458],[-113.149126,47.9345410000001],[-113.149246,47.9344300000001],[-113.149375,47.9343730000001],[-113.149458,47.9342950000001],[-113.149533,47.934177],[-113.149526,47.9341180000001],[-113.149608,47.934021],[-113.149731,47.933906],[-113.149812,47.9338960000001],[-113.149819,47.9338900000001],[-113.149842,47.9338930000001],[-113.150031,47.9338690000001],[-113.15005,47.9339140000001],[-113.15036,47.933946],[-113.150713,47.9341380000001],[-113.151037,47.934108],[-113.151327,47.9339440000001],[-113.151436,47.933771],[-113.151105,47.933631],[-113.150829,47.9335540000001],[-113.15069,47.9333030000001],[-113.150631,47.933098],[-113.150885,47.932712],[-113.151511,47.932349],[-113.151809,47.9323240000001],[-113.15209,47.9323150000001],[-113.152322,47.9322550000001],[-113.15247,47.9321440000001],[-113.152959,47.9318940000001],[-113.153383,47.9316920000001],[-113.153833,47.9318440000001],[-113.154169,47.931831],[-113.154131,47.9316400000001],[-113.153958,47.931492],[-113.153853,47.9315030000001],[-113.153664,47.9315100000001],[-113.153693,47.9314010000001],[-113.153785,47.9313300000001],[-113.153764,47.93129],[-113.153806,47.9312340000001],[-113.153886,47.931208],[-113.15394,47.931206],[-113.153951,47.9311500000001],[-113.154273,47.9310320000001],[-113.154528,47.931073],[-113.154732,47.931132],[-113.154578,47.9310150000001],[-113.15427,47.9308100000001],[-113.15445,47.930552],[-113.154669,47.9304940000001],[-113.155023,47.9305420000001],[-113.155306,47.9304920000001],[-113.155608,47.930103],[-113.155772,47.9299790000001],[-113.155728,47.929921],[-113.155675,47.9298830000001],[-113.155549,47.9298830000001],[-113.155468,47.9298370000001],[-113.155392,47.929719],[-113.155363,47.92963],[-113.155452,47.9295010000001],[-113.155629,47.929497],[-113.155675,47.9294420000001],[-113.155817,47.9294110000001],[-113.155906,47.9294370000001],[-113.155941,47.92945],[-113.156015,47.9293660000001],[-113.156247,47.928997],[-113.156486,47.9287120000001],[-113.15642,47.9287],[-113.156368,47.9286710000001],[-113.156456,47.928611],[-113.156519,47.928589],[-113.156575,47.9286040000001],[-113.156637,47.928498],[-113.156573,47.9284930000001],[-113.156547,47.9284290000001],[-113.156588,47.9284020000001],[-113.156633,47.928388],[-113.156678,47.928385],[-113.156691,47.928256],[-113.156536,47.928253],[-113.156381,47.928235],[-113.156288,47.92814],[-113.156318,47.9279980000001],[-113.156223,47.9279540000001],[-113.156183,47.927875],[-113.156236,47.9277900000001],[-113.156346,47.9277470000001],[-113.156409,47.927718],[-113.156295,47.9276780000001],[-113.156182,47.9275910000001],[-113.156284,47.927491],[-113.156382,47.9274720000001],[-113.156498,47.927421],[-113.156569,47.927327],[-113.156653,47.927241],[-113.156737,47.927192],[-113.156829,47.927173],[-113.156846,47.927177],[-113.156917,47.9270930000001],[-113.157283,47.926877],[-113.158136,47.9266390000001],[-113.158241,47.926792],[-113.158532,47.9268650000001],[-113.158777,47.926634],[-113.159321,47.9263910000001],[-113.15937,47.9262810000001],[-113.159396,47.9261980000001],[-113.159427,47.926068],[-113.159453,47.925981],[-113.15931,47.9259030000001],[-113.159342,47.9257830000001],[-113.159468,47.92569],[-113.159683,47.9256740000001],[-113.159878,47.9257880000001],[-113.160027,47.9256930000001],[-113.15993,47.925594],[-113.159787,47.9254450000001],[-113.159887,47.9253100000001],[-113.160175,47.9252000000001],[-113.160401,47.9251410000001],[-113.16066,47.925017],[-113.16089,47.9248900000001],[-113.161084,47.9247560000001],[-113.161357,47.9247530000001],[-113.161618,47.9246810000001],[-113.161811,47.924603],[-113.161796,47.9245240000001],[-113.161929,47.9243880000001],[-113.162029,47.9243910000001],[-113.161978,47.924287],[-113.161827,47.92427],[-113.161603,47.9241920000001],[-113.161575,47.9238130000001],[-113.161238,47.9238310000001],[-113.160935,47.923823],[-113.160829,47.9236890000001],[-113.161064,47.9235840000001],[-113.161348,47.9235580000001],[-113.161547,47.9235390000001],[-113.161628,47.9233980000001],[-113.161834,47.9232710000001],[-113.161945,47.923168],[-113.162042,47.923007],[-113.162252,47.9229290000001],[-113.162431,47.922759],[-113.162499,47.9226360000001],[-113.162289,47.9226620000001],[-113.161971,47.9227280000001],[-113.161798,47.922691],[-113.161597,47.9226090000001],[-113.16158,47.922425],[-113.161773,47.922247],[-113.162096,47.922288],[-113.162267,47.9222540000001],[-113.162389,47.922149],[-113.162333,47.9219790000001],[-113.162129,47.921838],[-113.162157,47.9215730000001],[-113.16249,47.9213740000001],[-113.162777,47.921276],[-113.162968,47.9213090000001],[-113.163257,47.921411],[-113.163285,47.9215120000001],[-113.163391,47.921636],[-113.163421,47.921792],[-113.163704,47.9219340000001],[-113.163976,47.9219560000001],[-113.164212,47.9220060000001],[-113.164394,47.9221650000001],[-113.164441,47.922314],[-113.164227,47.922488],[-113.164404,47.922647],[-113.164709,47.9227710000001],[-113.164785,47.9229290000001],[-113.165042,47.92308],[-113.1655,47.923119],[-113.165742,47.9231340000001],[-113.166061,47.9232180000001],[-113.166417,47.9233580000001],[-113.166808,47.923319],[-113.167064,47.923391],[-113.16759,47.9234940000001],[-113.167998,47.9236910000001],[-113.168108,47.9238720000001],[-113.168451,47.924001],[-113.168926,47.9241200000001],[-113.169152,47.924202],[-113.169373,47.9243230000001],[-113.169695,47.9243060000001],[-113.170014,47.9243040000001],[-113.170404,47.9244100000001],[-113.171086,47.9246600000001],[-113.171825,47.9247330000001],[-113.171987,47.9249160000001],[-113.172041,47.9252290000001],[-113.172086,47.9254290000001],[-113.172199,47.9256290000001],[-113.172495,47.925729],[-113.172914,47.9257830000001],[-113.173381,47.9258110000001],[-113.173606,47.925955],[-113.173522,47.926186],[-113.173597,47.9264830000001],[-113.173119,47.9265320000001],[-113.172751,47.926657],[-113.172425,47.9269790000001],[-113.17204,47.927152],[-113.171633,47.9272080000001],[-113.17114,47.9272720000001],[-113.170437,47.927374],[-113.16999,47.9274330000001],[-113.1699,47.9275500000001],[-113.169637,47.9279240000001],[-113.169568,47.9280690000001],[-113.169362,47.928391],[-113.168722,47.928341],[-113.168326,47.9283120000001],[-113.167865,47.9284030000001],[-113.16782,47.928728],[-113.16823,47.9289400000001],[-113.16884,47.9291230000001],[-113.169257,47.9291640000001],[-113.170065,47.9292350000001],[-113.170869,47.9295270000001],[-113.171347,47.92994],[-113.171628,47.9304080000001],[-113.171489,47.930668],[-113.171674,47.9307670000001],[-113.17183,47.930885],[-113.172159,47.9311460000001],[-113.172401,47.9312550000001],[-113.17278,47.931584],[-113.172754,47.9318700000001],[-113.171785,47.932107],[-113.171092,47.9320730000001],[-113.17073,47.932309],[-113.170797,47.932893],[-113.171158,47.933248],[-113.171711,47.9336220000001],[-113.172211,47.933797],[-113.172456,47.9340110000001],[-113.172465,47.934471],[-113.17232,47.934919],[-113.17243,47.93526],[-113.172722,47.936111],[-113.172727,47.9366350000001],[-113.172534,47.937015],[-113.172418,47.937238],[-113.172193,47.937713],[-113.171875,47.9377460000001],[-113.171228,47.9377620000001],[-113.170336,47.937715],[-113.169959,47.9375840000001],[-113.1697,47.9374970000001],[-113.169361,47.9372890000001],[-113.169005,47.9371560000001],[-113.168602,47.937036],[-113.168324,47.9369570000001],[-113.167698,47.9368390000001],[-113.167195,47.9366870000001],[-113.167061,47.936319],[-113.166618,47.935959],[-113.166516,47.9355840000001],[-113.166063,47.9352950000001],[-113.165936,47.934802],[-113.165758,47.934667],[-113.165137,47.934444],[-113.164542,47.9341680000001],[-113.164168,47.9339590000001],[-113.163791,47.933904],[-113.163686,47.9341620000001],[-113.163668,47.9344580000001],[-113.163655,47.934874],[-113.163324,47.934897],[-113.163052,47.9348220000001],[-113.162738,47.9350020000001],[-113.162783,47.9353630000001],[-113.16295,47.9357180000001],[-113.163346,47.9361690000001],[-113.163532,47.9364830000001],[-113.163318,47.936697],[-113.162881,47.9363200000001],[-113.162031,47.935846],[-113.161616,47.935821],[-113.161221,47.9357000000001],[-113.160852,47.9355840000001],[-113.16046,47.935433],[-113.160028,47.9352840000001],[-113.159871,47.935547],[-113.159779,47.9358730000001],[-113.15918,47.935773],[-113.158646,47.9354700000001],[-113.158322,47.9352730000001],[-113.157882,47.9352960000001],[-113.157434,47.93555],[-113.157226,47.935795],[-113.157151,47.9359820000001],[-113.157075,47.9363530000001],[-113.156715,47.936627],[-113.156204,47.9365340000001],[-113.155712,47.9362130000001],[-113.155348,47.936026],[-113.155119,47.935705],[-113.154642,47.9352940000001],[-113.154413,47.935033],[-113.154179,47.934734],[-113.153864,47.9345450000001],[-113.153812,47.9347060000001],[-113.153804,47.9350860000001],[-113.153624,47.935417],[-113.153318,47.935278],[-113.153093,47.9348850000001],[-113.152943,47.9346310000001],[-113.152717,47.9347240000001],[-113.152541,47.934983],[-113.152546,47.935303],[-113.152399,47.9354040000001],[-113.15206,47.9353550000001],[-113.15167,47.935162],[-113.151609,47.935117],[-113.151134,47.9350450000001],[-113.150949,47.935216],[-113.150722,47.9354700000001],[-113.150975,47.935662],[-113.151257,47.9358550000001],[-113.151545,47.9359630000001],[-113.151349,47.9364210000001],[-113.150937,47.9365090000001],[-113.150582,47.9362110000001],[-113.150408,47.9363970000001],[-113.150359,47.9365960000001],[-113.150068,47.936941],[-113.149991,47.937122],[-113.150175,47.93737],[-113.150216,47.9376800000001],[-113.149971,47.9379870000001],[-113.149709,47.938343],[-113.149653,47.938591],[-113.150212,47.9387990000001],[-113.150574,47.9386630000001],[-113.150608,47.9385120000001],[-113.150706,47.9382350000001],[-113.150802,47.938247],[-113.150993,47.93836],[-113.151257,47.9385530000001],[-113.151451,47.9387160000001],[-113.151532,47.939129],[-113.151463,47.939508],[-113.151287,47.9397260000001],[-113.151197,47.940007],[-113.150823,47.9402040000001],[-113.150553,47.9404240000001],[-113.149694,47.9406430000001],[-113.149342,47.9407650000001],[-113.149093,47.9409860000001],[-113.148616,47.94118],[-113.148214,47.9410260000001],[-113.148117,47.940844],[-113.147822,47.940732],[-113.147571,47.940636],[-113.146954,47.9405330000001]],[[-113.147409,47.9410740000001],[-113.147617,47.9409920000001],[-113.1477,47.941015],[-113.147921,47.941002],[-113.14804,47.941069],[-113.148088,47.9412320000001],[-113.147979,47.94136],[-113.147839,47.941359],[-113.147499,47.9412760000001],[-113.147329,47.9411500000001],[-113.147409,47.9410740000001]]]},"properties":{"OBJECTID":45504,"poly_SourceOID":37426,"poly_IncidentName":"Pot Mountain","poly_FeatureCategory":"Wildfire Daily Fire Perimeter","poly_MapMethod":"IR Image Interpretation","poly_GISAcres":487.85,"poly_DeleteThis":"No","poly_FeatureAccess":"Public","poly_FeatureStatus":"Approved","poly_IsVisible":"Yes","poly_CreateDate":1755564704000,"poly_DateCurrent":1757111239000,"poly_PolygonDateTime":1755978643000,"poly_IRWINID":"{D4963BDC-6F6D-406A-BFA9-732495BF19DF}","poly_FORID":null,"poly_Acres_AutoCalc":487.85094596310751,"poly_SourceGlobalID":"{C6E33C1D-5766-4DC6-8AB2-67E578A5EC26}","poly_Source":"2025 NIFS","attr_SourceOID":38452406,"attr_ABCDMisc":null,"attr_ADSPermissionState":"ICS209","attr_CalculatedAcres":487.846682,"attr_ContainmentDateTime":null,"attr_ControlDateTime":null,"attr_CreatedBySystem":"wildcade","attr_IncidentSize":594,"attr_DiscoveryAcres":25,"attr_DispatchCenterID":"MTKIC","attr_EstimatedCostToDate":60000,"attr_FinalAcres":null,"attr_FFReportApprovedByTitle":null,"attr_FFReportApprovedByUnit":null,"attr_FFReportApprovedDate":null,"attr_FireBehaviorGeneral":"Minimal","attr_FireBehaviorGeneral1":"Smoldering","attr_FireBehaviorGeneral2":"Backing","attr_FireBehaviorGeneral3":"Flanking","attr_FireCause":"Undetermined","attr_FireCauseGeneral":null,"attr_FireCauseSpecific":null,"attr_FireCode":"S8E5","attr_FireDepartmentID":null,"attr_FireDiscoveryDateTime":1755544649000,"attr_FireMgmtComplexity":null,"attr_FireOutDateTime":null,"attr_FireStrategyConfinePercent":0,"attr_FireStrategyFullSuppPrcnt":0,"attr_FireStrategyMonitorPercent":0,"attr_FireStrategyPointZonePrcnt":100,"attr_FSJobCode":"P1","attr_FSOverrideCode":"0110","attr_GACC":"NRCC","attr_ICS209ReportDateTime":1764690080000,"attr_ICS209RptForTimePeriodFrom":1762277400000,"attr_ICS209RptForTimePeriodTo":1762279200000,"attr_ICS209ReportStatus":"F","attr_IncidentManagementOrg":"Type 5 IC","attr_IncidentName":"Pot Mountain","attr_IncidentShortDescription":"44 Miles SE from Big Fork, MT","attr_IncidentTypeCategory":"WF","attr_IncidentTypeKind":"FI","attr_InitialLatitude":47.7725,"attr_InitialLongitude":-113.196,"attr_InitialResponseAcres":null,"attr_InitialResponseDateTime":null,"attr_IrwinID":"{D4963BDC-6F6D-406A-BFA9-732495BF19DF}","attr_IsFireCauseInvestigated":null,"attr_IsFireCodeRequested":0,"attr_IsFSAssisted":1,"attr_IsMultiJurisdictional":null,"attr_IsReimbursable":null,"attr_IsTrespass":null,"attr_IsUnifiedCommand":0,"attr_LocalIncidentIdentifier":"000357","attr_ModifiedBySystem":"ics209","attr_PercentContained":100,"attr_PercentPerimToBeContained":0,"attr_POOCity":"Big Fork","attr_POOCounty":"Flathead","attr_POODispatchCenterID":"MTKIC","attr_POOFips":"30029","attr_POOJurisdictionalAgency":"USFS","attr_POOJurisdictionalUnit":"MTFNF","attr_POOJurisdictUnitParentUnit":null,"attr_POOLandownerCategory":"USFS","attr_POOLandownerKind":"Federal","attr_POOLegalDescPrincipalMerid":null,"attr_POOLegalDescQtr":null,"attr_POOLegalDescQtrQtr":null,"attr_POOLegalDescRange":null,"attr_POOLegalDescSection":null,"attr_POOLegalDescTownship":null,"attr_POOPredictiveServiceAreaID":"NR07","attr_POOProtectingAgency":"USFS","attr_POOProtectingUnit":"MTFNF","attr_POOState":"US-MT","attr_PredominantFuelGroup":null,"attr_PredominantFuelModel":null,"attr_PrimaryFuelModel":"Timber (Litter and Understory)","attr_SecondaryFuelModel":"Brush (2 feet)","attr_TotalIncidentPersonnel":1,"attr_UniqueFireIdentifier":"2025-MTFNF-000357","attr_FORID":null,"attr_WFDSSDecisionStatus":"No Decision","attr_EstimatedFinalCost":null,"attr_OrganizationalAssessment":null,"attr_StratDecisionPublishDate":null,"attr_CreatedOnDateTime_dt":1755564667000,"attr_ModifiedOnDateTime_dt":1764690080000,"attr_Source":"IRWIN","attr_ActiveFireCandidate":1,"attr_IsCpxChild":0,"attr_CpxName":null,"attr_CpxID":null,"attr_SourceGlobalID":"{87181011-6815-412F-A2F5-9EED53FB24D6}","GlobalID":"335e4dc0-5d0f-4b1f-b73e-d1405810a355","Shape__Area":0.000237621065480198,"Shape__Length":0.14524165043710291,"attr_IncidentComplexityLevel":"Type 5 Incident"}},{"type":"Feature","id":48312,"geometry":{"type":"Polygon","coordinates":[[[-90.2302513066016,43.4044934664257],[-90.2301969917646,43.4045106146635],[-90.2299916099412,43.4044813461594],[-90.229901300509,43.4045206249246],[-90.2297576239625,43.4045074715273],[-90.229670966182,43.4044097144284],[-90.2297942096491,43.4043439394612],[-90.2298546033856,43.4042433163236],[-90.2298953042545,43.4041749775738],[-90.2300848847121,43.4042252157974],[-90.2302911118502,43.4042773127181],[-90.2303713610494,43.4043748141935],[-90.2303690541758,43.4044499219541],[-90.2302513066016,43.4044934664257]]]},"properties":{"OBJECTID":48312,"poly_SourceOID":51836,"poly_IncidentName":"Lost","poly_FeatureCategory":"Wildfire Daily Fire Perimeter","poly_MapMethod":"Phone/Tablet","poly_GISAcres":0.35,"poly_DeleteThis":"No","poly_FeatureAccess":"Public","poly_FeatureStatus":"Approved","poly_IsVisible":"Yes","poly_CreateDate":1762443474000,"poly_DateCurrent":1762523612000,"poly_PolygonDateTime":1762443474000,"poly_IRWINID":"{372F6B44-E893-434F-A1CA-265DC8D04963}","poly_FORID":null,"poly_Acres_AutoCalc":0.34661140885780389,"poly_SourceGlobalID":"{24DD1BEA-1068-46C6-B267-3F88A32CF49D}","poly_Source":"2025 NIFS","attr_SourceOID":38476610,"attr_ABCDMisc":null,"attr_ADSPermissionState":"DEFAULT","attr_CalculatedAcres":null,"attr_ContainmentDateTime":null,"attr_ControlDateTime":null,"attr_CreatedBySystem":"iffrs","attr_IncidentSize":0.35,"attr_DiscoveryAcres":0.25,"attr_DispatchCenterID":"WIWISC","attr_EstimatedCostToDate":null,"attr_FinalAcres":0.35,"attr_FFReportApprovedByTitle":null,"attr_FFReportApprovedByUnit":null,"attr_FFReportApprovedDate":null,"attr_FireBehaviorGeneral":null,"attr_FireBehaviorGeneral1":null,"attr_FireBehaviorGeneral2":null,"attr_FireBehaviorGeneral3":null,"attr_FireCause":"Human","attr_FireCauseGeneral":null,"attr_FireCauseSpecific":null,"attr_FireCode":"SDFF","attr_FireDepartmentID":null,"attr_FireDiscoveryDateTime":1762388400000,"attr_FireMgmtComplexity":null,"attr_FireOutDateTime":null,"attr_FireStrategyConfinePercent":null,"attr_FireStrategyFullSuppPrcnt":null,"attr_FireStrategyMonitorPercent":null,"attr_FireStrategyPointZonePrcnt":null,"attr_FSJobCode":null,"attr_FSOverrideCode":null,"attr_GACC":"EACC","attr_ICS209ReportDateTime":null,"attr_ICS209RptForTimePeriodFrom":null,"attr_ICS209RptForTimePeriodTo":null,"attr_ICS209ReportStatus":null,"attr_IncidentManagementOrg":null,"attr_IncidentName":"Lost","attr_IncidentShortDescription":null,"attr_IncidentTypeCategory":"WF","attr_IncidentTypeKind":"FI","attr_InitialLatitude":43.40455,"attr_InitialLongitude":-90.23034,"attr_InitialResponseAcres":null,"attr_InitialResponseDateTime":null,"attr_IrwinID":"{372F6B44-E893-434F-A1CA-265DC8D04963}","attr_IsFireCauseInvestigated":null,"attr_IsFireCodeRequested":0,"attr_IsFSAssisted":null,"attr_IsMultiJurisdictional":null,"attr_IsReimbursable":null,"attr_IsTrespass":null,"attr_IsUnifiedCommand":null,"attr_LocalIncidentIdentifier":"FIRE124308","attr_ModifiedBySystem":"iffrs","attr_PercentContained":null,"attr_PercentPerimToBeContained":null,"attr_POOCity":null,"attr_POOCounty":"Richland","attr_POODispatchCenterID":"WIWIC","attr_POOFips":"55103","attr_POOJurisdictionalAgency":null,"attr_POOJurisdictionalUnit":null,"attr_POOJurisdictUnitParentUnit":null,"attr_POOLandownerCategory":"Private","attr_POOLandownerKind":"Private","attr_POOLegalDescPrincipalMerid":null,"attr_POOLegalDescQtr":null,"attr_POOLegalDescQtrQtr":null,"attr_POOLegalDescRange":null,"attr_POOLegalDescSection":null,"attr_POOLegalDescTownship":null,"attr_POOPredictiveServiceAreaID":"EA05","attr_POOProtectingAgency":"DNR","attr_POOProtectingUnit":"WIWIS","attr_POOState":"US-WI","attr_PredominantFuelGroup":null,"attr_PredominantFuelModel":null,"attr_PrimaryFuelModel":null,"attr_SecondaryFuelModel":null,"attr_TotalIncidentPersonnel":null,"attr_UniqueFireIdentifier":"2025-WIWIS-FIRE124308","attr_FORID":null,"attr_WFDSSDecisionStatus":"No Decision","attr_EstimatedFinalCost":null,"attr_OrganizationalAssessment":null,"attr_StratDecisionPublishDate":null,"attr_CreatedOnDateTime_dt":1762443429000,"attr_ModifiedOnDateTime_dt":1764681550000,"attr_Source":"IRWIN","attr_ActiveFireCandidate":1,"attr_IsCpxChild":0,"attr_CpxName":null,"attr_CpxID":null,"attr_SourceGlobalID":"{6F3466E1-A70F-44ED-9611-EFBA9E2D7606}","GlobalID":"f09cc4d9-57bd-427f-9194-4716f070810d","Shape__Area":1.5586147128487937E-07,"Shape__Length":0.0017101977884935776,"attr_IncidentComplexityLevel":null}},{"type":"Feature","id":48552,"geometry":{"type":"Polygon","coordinates":[[[-90.4131457247751,43.3194720475244],[-90.4131133548821,43.3195362296946],[-90.413057185024,43.3195535764627],[-90.4130386150505,43.3195247773741],[-90.4130066296365,43.3195050862794],[-90.4130144234199,43.3194721618974],[-90.4130277355541,43.3194450548378],[-90.4130663020259,43.319445708398],[-90.4131302656673,43.3194608768763],[-90.4131457247751,43.3194720475244]]]},"properties":{"OBJECTID":48552,"poly_SourceOID":52752,"poly_IncidentName":"Switch","poly_FeatureCategory":"Wildfire Daily Fire Perimeter","poly_MapMethod":"Phone/Tablet","poly_GISAcres":0.1,"poly_DeleteThis":"No","poly_FeatureAccess":"Public","poly_FeatureStatus":"Approved","poly_IsVisible":"Yes","poly_CreateDate":1763393902000,"poly_DateCurrent":1763559108000,"poly_PolygonDateTime":1763393903000,"poly_IRWINID":"{297121A6-4549-4B45-9022-AB7BB294DAB5}","poly_FORID":null,"poly_Acres_AutoCalc":0.022521740571128997,"poly_SourceGlobalID":"{A59751C4-4601-4A21-B2B0-6961851FD335}","poly_Source":"2025 NIFS","attr_SourceOID":38479774,"attr_ABCDMisc":null,"attr_ADSPermissionState":"DEFAULT","attr_CalculatedAcres":null,"attr_ContainmentDateTime":null,"attr_ControlDateTime":null,"attr_CreatedBySystem":"iffrs","attr_IncidentSize":0.1,"attr_DiscoveryAcres":0.01,"attr_DispatchCenterID":"WIWISC","attr_EstimatedCostToDate":null,"attr_FinalAcres":0.1,"attr_FFReportApprovedByTitle":null,"attr_FFReportApprovedByUnit":null,"attr_FFReportApprovedDate":null,"attr_FireBehaviorGeneral":null,"attr_FireBehaviorGeneral1":null,"attr_FireBehaviorGeneral2":null,"attr_FireBehaviorGeneral3":null,"attr_FireCause":"Human","attr_FireCauseGeneral":null,"attr_FireCauseSpecific":null,"attr_FireCode":"SDWD","attr_FireDepartmentID":null,"attr_FireDiscoveryDateTime":1763329500000,"attr_FireMgmtComplexity":null,"attr_FireOutDateTime":null,"attr_FireStrategyConfinePercent":null,"attr_FireStrategyFullSuppPrcnt":null,"attr_FireStrategyMonitorPercent":null,"attr_FireStrategyPointZonePrcnt":null,"attr_FSJobCode":null,"attr_FSOverrideCode":null,"attr_GACC":"EACC","attr_ICS209ReportDateTime":null,"attr_ICS209RptForTimePeriodFrom":null,"attr_ICS209RptForTimePeriodTo":null,"attr_ICS209ReportStatus":null,"attr_IncidentManagementOrg":null,"attr_IncidentName":"Switch","attr_IncidentShortDescription":null,"attr_IncidentTypeCategory":"WF","attr_IncidentTypeKind":"FI","attr_InitialLatitude":43.3192,"attr_InitialLongitude":-90.41314,"attr_InitialResponseAcres":null,"attr_InitialResponseDateTime":null,"attr_IrwinID":"{297121A6-4549-4B45-9022-AB7BB294DAB5}","attr_IsFireCauseInvestigated":null,"attr_IsFireCodeRequested":0,"attr_IsFSAssisted":null,"attr_IsMultiJurisdictional":null,"attr_IsReimbursable":null,"attr_IsTrespass":null,"attr_IsUnifiedCommand":null,"attr_LocalIncidentIdentifier":"FIRE124359","attr_ModifiedBySystem":"iffrs","attr_PercentContained":null,"attr_PercentPerimToBeContained":null,"attr_POOCity":null,"attr_POOCounty":"Richland","attr_POODispatchCenterID":"WIWIC","attr_POOFips":"55103","attr_POOJurisdictionalAgency":null,"attr_POOJurisdictionalUnit":null,"attr_POOJurisdictUnitParentUnit":null,"attr_POOLandownerCategory":"Private","attr_POOLandownerKind":"Private","attr_POOLegalDescPrincipalMerid":null,"attr_POOLegalDescQtr":null,"attr_POOLegalDescQtrQtr":null,"attr_POOLegalDescRange":null,"attr_POOLegalDescSection":null,"attr_POOLegalDescTownship":null,"attr_POOPredictiveServiceAreaID":"EA05","attr_POOProtectingAgency":"DNR","attr_POOProtectingUnit":"WIWIS","attr_POOState":"US-WI","attr_PredominantFuelGroup":null,"attr_PredominantFuelModel":null,"attr_PrimaryFuelModel":null,"attr_SecondaryFuelModel":null,"attr_TotalIncidentPersonnel":null,"attr_UniqueFireIdentifier":"2025-WIWIS-FIRE124359","attr_FORID":null,"attr_WFDSSDecisionStatus":"No Decision","attr_EstimatedFinalCost":null,"attr_OrganizationalAssessment":null,"attr_StratDecisionPublishDate":null,"attr_CreatedOnDateTime_dt":1763332446000,"attr_ModifiedOnDateTime_dt":1764702143000,"attr_Source":"IRWIN","attr_ActiveFireCandidate":1,"attr_IsCpxChild":0,"attr_CpxName":null,"attr_CpxID":null,"attr_SourceGlobalID":"{223A6A8C-2835-414A-871D-C9CDC18F54C7}","GlobalID":"990f9078-f2a5-413d-bdf3-fdd2d9ff3c55","Shape__Area":1.0113581083714962E-08,"Shape__Length":0.00038991415023610139,"attr_IncidentComplexityLevel":null}},{"type":"Feature","id":48680,"geometry":{"type":"Polygon","coordinates":[[[-90.419481471507,43.9572347434132],[-90.4194811561984,43.9572355562643],[-90.4194301651279,43.9573670013052],[-90.4191693608447,43.9574207851271],[-90.418966519457,43.9575460509592],[-90.4187552051594,43.9575807860833],[-90.4186007398463,43.9575285246353],[-90.4185495125189,43.9574862623961],[-90.4185187029996,43.9573760034317],[-90.418509743203,43.9572156663076],[-90.4185975346574,43.9570719557084],[-90.418680354835,43.9569641099663],[-90.4187478560421,43.95690631836],[-90.4189934320846,43.9569157945603],[-90.4190601310961,43.9569264315189],[-90.4192383837979,43.9569548575189],[-90.4192941260579,43.956963746542],[-90.4196000715825,43.9570154510642],[-90.4195119890739,43.9571176558912],[-90.4195080095372,43.9571329254907],[-90.419481471507,43.9572347434132]]]},"properties":{"OBJECTID":48680,"poly_SourceOID":52762,"poly_IncidentName":"Salmon","poly_FeatureCategory":"Wildfire Daily Fire Perimeter","poly_MapMethod":"Mixed Methods","poly_GISAcres":1.12,"poly_DeleteThis":"No","poly_FeatureAccess":"Public","poly_FeatureStatus":"Approved","poly_IsVisible":"Yes","poly_CreateDate":1763396100000,"poly_DateCurrent":1763645072000,"poly_PolygonDateTime":1763396100000,"poly_IRWINID":"{B9B4E336-087F-4753-8ED5-ED1190C422AD}","poly_FORID":null,"poly_Acres_AutoCalc":1.1184187454891206,"poly_SourceGlobalID":"{10E4DCB0-AAA5-45FC-A72A-18671BE0D897}","poly_Source":"2025 NIFS","attr_SourceOID":38479904,"attr_ABCDMisc":null,"attr_ADSPermissionState":"DEFAULT","attr_CalculatedAcres":null,"attr_ContainmentDateTime":null,"attr_ControlDateTime":null,"attr_CreatedBySystem":"iffrs","attr_IncidentSize":1.12,"attr_DiscoveryAcres":0.01,"attr_DispatchCenterID":"WIWISC","attr_EstimatedCostToDate":null,"attr_FinalAcres":1.12,"attr_FFReportApprovedByTitle":null,"attr_FFReportApprovedByUnit":null,"attr_FFReportApprovedDate":null,"attr_FireBehaviorGeneral":null,"attr_FireBehaviorGeneral1":null,"attr_FireBehaviorGeneral2":null,"attr_FireBehaviorGeneral3":null,"attr_FireCause":"Human","attr_FireCauseGeneral":null,"attr_FireCauseSpecific":null,"attr_FireCode":"SDXB","attr_FireDepartmentID":null,"attr_FireDiscoveryDateTime":1763388000000,"attr_FireMgmtComplexity":null,"attr_FireOutDateTime":null,"attr_FireStrategyConfinePercent":null,"attr_FireStrategyFullSuppPrcnt":null,"attr_FireStrategyMonitorPercent":null,"attr_FireStrategyPointZonePrcnt":null,"attr_FSJobCode":null,"attr_FSOverrideCode":null,"attr_GACC":"EACC","attr_ICS209ReportDateTime":null,"attr_ICS209RptForTimePeriodFrom":null,"attr_ICS209RptForTimePeriodTo":null,"attr_ICS209ReportStatus":null,"attr_IncidentManagementOrg":null,"attr_IncidentName":"Salmon","attr_IncidentShortDescription":null,"attr_IncidentTypeCategory":"WF","attr_IncidentTypeKind":"FI","attr_InitialLatitude":43.95481,"attr_InitialLongitude":-90.42479,"attr_InitialResponseAcres":null,"attr_InitialResponseDateTime":null,"attr_IrwinID":"{B9B4E336-087F-4753-8ED5-ED1190C422AD}","attr_IsFireCauseInvestigated":null,"attr_IsFireCodeRequested":0,"attr_IsFSAssisted":null,"attr_IsMultiJurisdictional":null,"attr_IsReimbursable":null,"attr_IsTrespass":null,"attr_IsUnifiedCommand":null,"attr_LocalIncidentIdentifier":"FIRE124361","attr_ModifiedBySystem":"iffrs","attr_PercentContained":null,"attr_PercentPerimToBeContained":null,"attr_POOCity":null,"attr_POOCounty":"Monroe","attr_POODispatchCenterID":"WIWIC","attr_POOFips":"55081","attr_POOJurisdictionalAgency":null,"attr_POOJurisdictionalUnit":null,"attr_POOJurisdictUnitParentUnit":null,"attr_POOLandownerCategory":"Private","attr_POOLandownerKind":"Private","attr_POOLegalDescPrincipalMerid":null,"attr_POOLegalDescQtr":null,"attr_POOLegalDescQtrQtr":null,"attr_POOLegalDescRange":null,"attr_POOLegalDescSection":null,"attr_POOLegalDescTownship":null,"attr_POOPredictiveServiceAreaID":"EA05","attr_POOProtectingAgency":"DNR","attr_POOProtectingUnit":"WIWIS","attr_POOState":"US-WI","attr_PredominantFuelGroup":null,"attr_PredominantFuelModel":null,"attr_PrimaryFuelModel":null,"attr_SecondaryFuelModel":null,"attr_TotalIncidentPersonnel":null,"attr_UniqueFireIdentifier":"2025-WIWIS-FIRE124361","attr_FORID":null,"attr_WFDSSDecisionStatus":"No Decision","attr_EstimatedFinalCost":null,"attr_OrganizationalAssessment":null,"attr_StratDecisionPublishDate":null,"attr_CreatedOnDateTime_dt":1763396065000,"attr_ModifiedOnDateTime_dt":1764698202000,"attr_Source":"IRWIN","attr_ActiveFireCandidate":1,"attr_IsCpxChild":0,"attr_CpxName":null,"attr_CpxID":null,"attr_SourceGlobalID":"{437BBFB6-49FB-46E0-A03C-FBC524530ED6}","GlobalID":"15664c05-7447-4d3c-84d9-5b062b004dca","Shape__Area":5.0751077651511878E-07,"Shape__Length":0.0028749554097102187,"attr_IncidentComplexityLevel":null}},{"type":"Feature","id":48493,"geometry":{"type":"Polygon","coordinates":[[[-108.62554402,33.359306406],[-108.625203623,33.3594976300001],[-108.625200598,33.359608974],[-108.625036385,33.359789645],[-108.624510777,33.3597127430001],[-108.62389832,33.359656457],[-108.623349318,33.3598297570001],[-108.623189931,33.359954816],[-108.622992631,33.360009523],[-108.622773638,33.3598855710001],[-108.622556752,33.359806219],[-108.622394515,33.359791971],[-108.622300789,33.3599433530001],[-108.622215636,33.3602675710001],[-108.621946843,33.3605102890001],[-108.621691952,33.360485909],[-108.621489925,33.3603483550001],[-108.621382353,33.3602766670001],[-108.62109255,33.3603156730001],[-108.620931888,33.360365508],[-108.620599887,33.360247741],[-108.620491921,33.3603125120001],[-108.620059142,33.360604997],[-108.619981256,33.36066199],[-108.620038901,33.360860833],[-108.62000141,33.361018861],[-108.61991869,33.3611314610001],[-108.619444108,33.3611307130001],[-108.619090498,33.361318881],[-108.618827512,33.361469797],[-108.618639855,33.3615358220001],[-108.618077279,33.361597436],[-108.617707631,33.3616432560001],[-108.61707638,33.3616673410001],[-108.616884872,33.3617527850001],[-108.616710004,33.361958305],[-108.61672454,33.36203378],[-108.616948971,33.362079865],[-108.616943333,33.362408391],[-108.616905001,33.362597038],[-108.616896219,33.3627973920001],[-108.616853301,33.362910755],[-108.616380865,33.3630743530001],[-108.61630009,33.3632371190001],[-108.615358529,33.363606143],[-108.615096112,33.3634924830001],[-108.614864563,33.363585508],[-108.614745142,33.363583213],[-108.614297973,33.3633072530001],[-108.614399061,33.3630084130001],[-108.614611743,33.3626337370001],[-108.614644839,33.3622723190001],[-108.614792593,33.3619660200001],[-108.614951816,33.3616042410001],[-108.614877773,33.361276969],[-108.614881545,33.360895491],[-108.61499972,33.360700025],[-108.614970951,33.3601731],[-108.614789319,33.3598966750001],[-108.614665168,33.359824663],[-108.614793445,33.3596238210001],[-108.614881841,33.3594249970001],[-108.61472143,33.359343933],[-108.614597229,33.359152163],[-108.614538052,33.35876669],[-108.614659567,33.3584487470001],[-108.614874438,33.357993346],[-108.61511197,33.3576804170001],[-108.616092498,33.3572637030001],[-108.616384344,33.3573452410001],[-108.616847345,33.3571643040001],[-108.61716542,33.3571134630001],[-108.617397749,33.3566813160001],[-108.617672355,33.356150321],[-108.617643612,33.35595994],[-108.617904419,33.3557276600001],[-108.617870283,33.355527683],[-108.617619944,33.3553757600001],[-108.617485234,33.355131142],[-108.61778289,33.3549992290001],[-108.617984623,33.3546519170001],[-108.618080746,33.3543728950001],[-108.617580979,33.353876971],[-108.617205865,33.352452461],[-108.616003602,33.3511693730001],[-108.61536912,33.351065163],[-108.615090551,33.351479654],[-108.614739037,33.3515534170001],[-108.614193858,33.351692471],[-108.614094098,33.3523346970001],[-108.613827858,33.352548127],[-108.613346043,33.3526251320001],[-108.613055384,33.3527288170001],[-108.612945165,33.352749702],[-108.612620516,33.353094286],[-108.612610628,33.353456427],[-108.612535383,33.353702285],[-108.611942299,33.353587351],[-108.611958255,33.3532540840001],[-108.6117008,33.3531456070001],[-108.611084188,33.35313949],[-108.610943769,33.3525098980001],[-108.610710287,33.3517749910001],[-108.610860939,33.3512775310001],[-108.611608204,33.3510158520001],[-108.612043323,33.350891945],[-108.612157835,33.350462801],[-108.612377954,33.350432528],[-108.612689569,33.350565051],[-108.613054779,33.350491557],[-108.613277721,33.3503578150001],[-108.613582384,33.3502428960001],[-108.613602514,33.350007481],[-108.61392009,33.349921566],[-108.614160128,33.3499146770001],[-108.614482827,33.3498921240001],[-108.614733477,33.349747408],[-108.614988996,33.3501779130001],[-108.615105337,33.3506862620001],[-108.615423963,33.3508131610001],[-108.616575704,33.351048082],[-108.617952026,33.3525985970001],[-108.619034639,33.3531082310001],[-108.619328736,33.35287807],[-108.619721421,33.352298971],[-108.619862983,33.3518818420001],[-108.620376255,33.3516558800001],[-108.620169766,33.3521925420001],[-108.620587583,33.3522005530001],[-108.620725948,33.352404501],[-108.620890335,33.3524076520001],[-108.620915323,33.353000514],[-108.621227555,33.3533630800001],[-108.621498254,33.3534890450001],[-108.621614167,33.3540146340001],[-108.621533349,33.3542143810001],[-108.621367019,33.354786323],[-108.621426445,33.355121036],[-108.621582363,33.3556876510001],[-108.622057536,33.3566112120001],[-108.622567493,33.357012071],[-108.622563244,33.3574203310001],[-108.622887506,33.357593331],[-108.623347387,33.357567631],[-108.623497747,33.3578350700001],[-108.62358802,33.3580438460001],[-108.624110419,33.358744003],[-108.624530589,33.3589188350001],[-108.624822641,33.359016446],[-108.625219026,33.358805483],[-108.625455049,33.3586949740001],[-108.625648391,33.3588942170001],[-108.625903227,33.3591003880001],[-108.625628914,33.3591066430001],[-108.62554402,33.359306406]]]},"properties":{"OBJECTID":48493,"poly_SourceOID":51106,"poly_IncidentName":"Blue","poly_FeatureCategory":"Wildfire Daily Fire Perimeter","poly_MapMethod":"GPS-Flight","poly_GISAcres":2,"poly_DeleteThis":"No","poly_FeatureAccess":"Public","poly_FeatureStatus":"Approved","poly_IsVisible":"Yes","poly_CreateDate":1761597269000,"poly_DateCurrent":1763155137000,"poly_PolygonDateTime":1763409840000,"poly_IRWINID":"{E69FBE8C-D65A-4D0C-8205-8721961D0D9D}","poly_FORID":null,"poly_Acres_AutoCalc":100.15416022479464,"poly_SourceGlobalID":"{3AB7E130-830F-4BD5-BD5B-398AD40B8261}","poly_Source":"2025 NIFS","attr_SourceOID":38474326,"attr_ABCDMisc":"EKV5","attr_ADSPermissionState":"ICS209","attr_CalculatedAcres":null,"attr_ContainmentDateTime":null,"attr_ControlDateTime":null,"attr_CreatedBySystem":"wildcade","attr_IncidentSize":172,"attr_DiscoveryAcres":2,"attr_DispatchCenterID":"NMSDC","attr_EstimatedCostToDate":20000,"attr_FinalAcres":null,"attr_FFReportApprovedByTitle":null,"attr_FFReportApprovedByUnit":null,"attr_FFReportApprovedDate":null,"attr_FireBehaviorGeneral":"Minimal","attr_FireBehaviorGeneral1":"Smoldering","attr_FireBehaviorGeneral2":"Creeping","attr_FireBehaviorGeneral3":"Backing","attr_FireCause":"Natural","attr_FireCauseGeneral":null,"attr_FireCauseSpecific":null,"attr_FireCode":"SDVQ","attr_FireDepartmentID":null,"attr_FireDiscoveryDateTime":1761571680000,"attr_FireMgmtComplexity":null,"attr_FireOutDateTime":null,"attr_FireStrategyConfinePercent":0,"attr_FireStrategyFullSuppPrcnt":100,"attr_FireStrategyMonitorPercent":0,"attr_FireStrategyPointZonePrcnt":0,"attr_FSJobCode":"P3","attr_FSOverrideCode":"0306","attr_GACC":"SWCC","attr_ICS209ReportDateTime":1764769893000,"attr_ICS209RptForTimePeriodFrom":1764104400000,"attr_ICS209RptForTimePeriodTo":1764766800000,"attr_ICS209ReportStatus":"U","attr_IncidentManagementOrg":"Type 4 IC","attr_IncidentName":"Blue","attr_IncidentShortDescription":"16 Miles E from Glenwood, NM","attr_IncidentTypeCategory":"WF","attr_IncidentTypeKind":"FI","attr_InitialLatitude":33.325897,"attr_InitialLongitude":-108.617708,"attr_InitialResponseAcres":null,"attr_InitialResponseDateTime":null,"attr_IrwinID":"{E69FBE8C-D65A-4D0C-8205-8721961D0D9D}","attr_IsFireCauseInvestigated":null,"attr_IsFireCodeRequested":0,"attr_IsFSAssisted":1,"attr_IsMultiJurisdictional":null,"attr_IsReimbursable":null,"attr_IsTrespass":null,"attr_IsUnifiedCommand":0,"attr_LocalIncidentIdentifier":"000825","attr_ModifiedBySystem":"ics209","attr_PercentContained":90,"attr_PercentPerimToBeContained":100,"attr_POOCity":null,"attr_POOCounty":"Catron","attr_POODispatchCenterID":"NMSDC","attr_POOFips":"35003","attr_POOJurisdictionalAgency":"USFS","attr_POOJurisdictionalUnit":"NMGNF","attr_POOJurisdictUnitParentUnit":null,"attr_POOLandownerCategory":"USFS","attr_POOLandownerKind":"Federal","attr_POOLegalDescPrincipalMerid":null,"attr_POOLegalDescQtr":null,"attr_POOLegalDescQtrQtr":null,"attr_POOLegalDescRange":null,"attr_POOLegalDescSection":null,"attr_POOLegalDescTownship":null,"attr_POOPredictiveServiceAreaID":"SW08","attr_POOProtectingAgency":"USFS","attr_POOProtectingUnit":"NMGNF","attr_POOState":"US-NM","attr_PredominantFuelGroup":null,"attr_PredominantFuelModel":null,"attr_PrimaryFuelModel":"Timber (Grass and Understory)","attr_SecondaryFuelModel":"Short Grass (1 foot)","attr_TotalIncidentPersonnel":4,"attr_UniqueFireIdentifier":"2025-NMGNF-000825","attr_FORID":null,"attr_WFDSSDecisionStatus":"No Decision","attr_EstimatedFinalCost":null,"attr_OrganizationalAssessment":null,"attr_StratDecisionPublishDate":null,"attr_CreatedOnDateTime_dt":1761597171000,"attr_ModifiedOnDateTime_dt":1764769893000,"attr_Source":"IRWIN","attr_ActiveFireCandidate":1,"attr_IsCpxChild":0,"attr_CpxName":null,"attr_CpxID":null,"attr_SourceGlobalID":"{73BB6642-C25F-4F34-A2FB-2399D13D97DA}","GlobalID":"549a36ff-0c8d-4e9a-a8c9-5ae2c3ff71ca","Shape__Area":6.7509181462810375E-05,"Shape__Length":0.06366459106617213,"attr_IncidentComplexityLevel":"Type 4 Incident"}},{"type":"Feature","id":48560,"geometry":{"type":"Polygon","coordinates":[[[-89.1768231120928,44.2575782656905],[-89.1768063378515,44.2576026479358],[-89.1768134228641,44.2576260014038],[-89.1768390976133,44.2576564076079],[-89.176802296331,44.257674785146],[-89.1767625836089,44.2576880780396],[-89.1767631809886,44.25771646464],[-89.1767270642226,44.2577259146129],[-89.1766826506167,44.2577353452828],[-89.1766508430691,44.2577562403427],[-89.176604277998,44.2577645798353],[-89.1765766278536,44.2577450596819],[-89.1765285859522,44.2577449934138],[-89.1764870757012,44.2577498020375],[-89.1764336250435,44.2577365155917],[-89.1764137381397,44.2577107128176],[-89.1764060853918,44.2576731277965],[-89.1763695976216,44.2576523729641],[-89.176322877142,44.2576617283703],[-89.1762702735956,44.2576699179684],[-89.1762192654571,44.2576654368191],[-89.1761728953205,44.2576508282057],[-89.1761281295749,44.2576288181282],[-89.1760954156272,44.2576063808369],[-89.1760459732523,44.2576072796412],[-89.1759991665344,44.2576091107056],[-89.1759450906493,44.2576086165885],[-89.175900228784,44.2576019376423],[-89.1759266428466,44.2575758034673],[-89.1759646245151,44.2575608692802],[-89.1760120546638,44.2575646285626],[-89.1760511565315,44.2575614502544],[-89.1760830601988,44.25754585724],[-89.1761348516682,44.2575462226812],[-89.1761895491875,44.2575389595367],[-89.1762375255119,44.2575349699217],[-89.1762862079121,44.2575360501609],[-89.1763252756438,44.2575366414295],[-89.1763755121294,44.2575450517252],[-89.1764262687396,44.2575414918901],[-89.1764748990375,44.2575312267219],[-89.1765224118312,44.2575288069599],[-89.1765724030768,44.2575312177146],[-89.1766216307544,44.2575293461146],[-89.1766787752845,44.2575345452892],[-89.1767263276041,44.2575360308594],[-89.1767704806986,44.2575379603636],[-89.1768121625278,44.2575601821479],[-89.1767849193202,44.2575858788301],[-89.1768231120928,44.2575782656905]]]},"properties":{"OBJECTID":48560,"poly_SourceOID":52626,"poly_IncidentName":"Boombox","poly_FeatureCategory":"Wildfire Daily Fire Perimeter","poly_MapMethod":"Phone/Tablet","poly_GISAcres":0.27,"poly_DeleteThis":"No","poly_FeatureAccess":"Public","poly_FeatureStatus":"Approved","poly_IsVisible":"Yes","poly_CreateDate":1763294747000,"poly_DateCurrent":1763494990000,"poly_PolygonDateTime":1763294747000,"poly_IRWINID":"{D2401EB1-8D43-4FDF-8E5D-AADDCB9D8DE1}","poly_FORID":null,"poly_Acres_AutoCalc":0.27384703919433834,"poly_SourceGlobalID":"{A5F60192-F516-4BBC-AC1B-2BED22840277}","poly_Source":"2025 NIFS","attr_SourceOID":38479686,"attr_ABCDMisc":null,"attr_ADSPermissionState":"DEFAULT","attr_CalculatedAcres":null,"attr_ContainmentDateTime":null,"attr_ControlDateTime":null,"attr_CreatedBySystem":"iffrs","attr_IncidentSize":0.28,"attr_DiscoveryAcres":0.27,"attr_DispatchCenterID":"WIWISC","attr_EstimatedCostToDate":null,"attr_FinalAcres":0.28,"attr_FFReportApprovedByTitle":null,"attr_FFReportApprovedByUnit":null,"attr_FFReportApprovedDate":null,"attr_FireBehaviorGeneral":null,"attr_FireBehaviorGeneral1":null,"attr_FireBehaviorGeneral2":null,"attr_FireBehaviorGeneral3":null,"attr_FireCause":"Human","attr_FireCauseGeneral":null,"attr_FireCauseSpecific":null,"attr_FireCode":"SDVF","attr_FireDepartmentID":null,"attr_FireDiscoveryDateTime":1763291400000,"attr_FireMgmtComplexity":null,"attr_FireOutDateTime":null,"attr_FireStrategyConfinePercent":null,"attr_FireStrategyFullSuppPrcnt":null,"attr_FireStrategyMonitorPercent":null,"attr_FireStrategyPointZonePrcnt":null,"attr_FSJobCode":null,"attr_FSOverrideCode":null,"attr_GACC":"EACC","attr_ICS209ReportDateTime":null,"attr_ICS209RptForTimePeriodFrom":null,"attr_ICS209RptForTimePeriodTo":null,"attr_ICS209ReportStatus":null,"attr_IncidentManagementOrg":null,"attr_IncidentName":"Boombox","attr_IncidentShortDescription":null,"attr_IncidentTypeCategory":"WF","attr_IncidentTypeKind":"FI","attr_InitialLatitude":44.25828,"attr_InitialLongitude":-89.17679,"attr_InitialResponseAcres":null,"attr_InitialResponseDateTime":null,"attr_IrwinID":"{D2401EB1-8D43-4FDF-8E5D-AADDCB9D8DE1}","attr_IsFireCauseInvestigated":null,"attr_IsFireCodeRequested":0,"attr_IsFSAssisted":null,"attr_IsMultiJurisdictional":null,"attr_IsReimbursable":null,"attr_IsTrespass":null,"attr_IsUnifiedCommand":null,"attr_LocalIncidentIdentifier":"FIRE124350","attr_ModifiedBySystem":"iffrs","attr_PercentContained":null,"attr_PercentPerimToBeContained":null,"attr_POOCity":null,"attr_POOCounty":"Waupaca","attr_POODispatchCenterID":"WIWIC","attr_POOFips":"55135","attr_POOJurisdictionalAgency":null,"attr_POOJurisdictionalUnit":null,"attr_POOJurisdictUnitParentUnit":null,"attr_POOLandownerCategory":"Private","attr_POOLandownerKind":"Private","attr_POOLegalDescPrincipalMerid":null,"attr_POOLegalDescQtr":null,"attr_POOLegalDescQtrQtr":null,"attr_POOLegalDescRange":null,"attr_POOLegalDescSection":null,"attr_POOLegalDescTownship":null,"attr_POOPredictiveServiceAreaID":"EA05","attr_POOProtectingAgency":"DNR","attr_POOProtectingUnit":"WIWIS","attr_POOState":"US-WI","attr_PredominantFuelGroup":null,"attr_PredominantFuelModel":null,"attr_PrimaryFuelModel":null,"attr_SecondaryFuelModel":null,"attr_TotalIncidentPersonnel":null,"attr_UniqueFireIdentifier":"2025-WIWIS-FIRE124350","attr_FORID":null,"attr_WFDSSDecisionStatus":"No Decision","attr_EstimatedFinalCost":null,"attr_OrganizationalAssessment":null,"attr_StratDecisionPublishDate":null,"attr_CreatedOnDateTime_dt":1763312209000,"attr_ModifiedOnDateTime_dt":1764697401000,"attr_Source":"IRWIN","attr_ActiveFireCandidate":1,"attr_IsCpxChild":0,"attr_CpxName":null,"attr_CpxID":null,"attr_SourceGlobalID":"{EE09F4E6-004A-4CE7-B85B-5684D4461E16}","GlobalID":"6b5b5e3b-d7e8-4fd5-a4b9-e16e89564f74","Shape__Area":1.2488885658967774E-07,"Shape__Length":0.0021653082285245729,"attr_IncidentComplexityLevel":null}},{"type":"Feature","id":48772,"geometry":{"type":"Polygon","coordinates":[[[-89.9662127344653,43.2231797032799],[-89.9664218407039,43.2232125357837],[-89.9667314414733,43.2232739530791],[-89.9671506474871,43.2234344638529],[-89.9672666640078,43.2236137576718],[-89.9674471669894,43.2238355252156],[-89.9674664196825,43.2240195079624],[-89.9674598817439,43.2241846132626],[-89.967550079785,43.2243969213333],[-89.9673371808593,43.2244393159605],[-89.9670339221958,43.2245713160642],[-89.9666919039227,43.2248023672696],[-89.9663692973446,43.2249202074524],[-89.9661354164688,43.225015575848],[-89.9659229307681,43.2251022199303],[-89.9658143981121,43.2251464756746],[-89.9655112149071,43.2251322328037],[-89.9653114089267,43.22483026077],[-89.964743861415,43.2246130893743],[-89.9643052607741,43.2245186053418],[-89.9640987093442,43.2247308232267],[-89.9639694902839,43.2250751493544],[-89.9639112147748,43.2254430852096],[-89.9638982305256,43.2255846025376],[-89.9636142712677,43.2257826420675],[-89.9632917392498,43.2257589519786],[-89.9631175613061,43.2257636131509],[-89.9630530434041,43.225777744598],[-89.962982108836,43.2257352658078],[-89.96291123176,43.2255984388156],[-89.9629499940646,43.2255041042432],[-89.962982288499,43.2254380718538],[-89.962963030416,43.2252823925167],[-89.9626535661905,43.224989815039],[-89.9624471953219,43.2248977581051],[-89.9620859818479,43.2248433896215],[-89.9619989018592,43.2248339264017],[-89.9619634687111,43.2247584366006],[-89.9618798490329,43.224371584432],[-89.9618608442747,43.2238149292621],[-89.9618417218373,43.2234469691789],[-89.9623321157442,43.2232159809143],[-89.9631578516449,43.2231313359037],[-89.9641770316572,43.2231741169674],[-89.9649704839033,43.2231366237247],[-89.9658800317217,43.2231274639721],[-89.9659448730172,43.2231376448933],[-89.9662127344653,43.2231797032799]]]},"properties":{"OBJECTID":48772,"poly_SourceOID":52555,"poly_IncidentName":"Schweppe","poly_FeatureCategory":"Wildfire Daily Fire Perimeter","poly_MapMethod":"Mixed Methods","poly_GISAcres":22,"poly_DeleteThis":"No","poly_FeatureAccess":"Public","poly_FeatureStatus":"Approved","poly_IsVisible":"Yes","poly_CreateDate":1763232652000,"poly_DateCurrent":1764008967000,"poly_PolygonDateTime":1763995961000,"poly_IRWINID":"{66B5F033-9EDC-4C35-8B80-C7F50BF6EBE2}","poly_FORID":null,"poly_Acres_AutoCalc":22.015345292809847,"poly_SourceGlobalID":"{7B4AA0F2-7D21-4A8B-8A45-42B544D4694A}","poly_Source":"2025 NIFS","attr_SourceOID":38479530,"attr_ABCDMisc":null,"attr_ADSPermissionState":"DEFAULT","attr_CalculatedAcres":null,"attr_ContainmentDateTime":null,"attr_ControlDateTime":null,"attr_CreatedBySystem":"iffrs","attr_IncidentSize":22,"attr_DiscoveryAcres":50,"attr_DispatchCenterID":"WIWISC","attr_EstimatedCostToDate":null,"attr_FinalAcres":22,"attr_FFReportApprovedByTitle":null,"attr_FFReportApprovedByUnit":null,"attr_FFReportApprovedDate":null,"attr_FireBehaviorGeneral":null,"attr_FireBehaviorGeneral1":null,"attr_FireBehaviorGeneral2":null,"attr_FireBehaviorGeneral3":null,"attr_FireCause":"Human","attr_FireCauseGeneral":null,"attr_FireCauseSpecific":null,"attr_FireCode":"SDTY","attr_FireDepartmentID":null,"attr_FireDiscoveryDateTime":1763227800000,"attr_FireMgmtComplexity":null,"attr_FireOutDateTime":null,"attr_FireStrategyConfinePercent":null,"attr_FireStrategyFullSuppPrcnt":null,"attr_FireStrategyMonitorPercent":null,"attr_FireStrategyPointZonePrcnt":null,"attr_FSJobCode":null,"attr_FSOverrideCode":null,"attr_GACC":"EACC","attr_ICS209ReportDateTime":null,"attr_ICS209RptForTimePeriodFrom":null,"attr_ICS209RptForTimePeriodTo":null,"attr_ICS209ReportStatus":null,"attr_IncidentManagementOrg":null,"attr_IncidentName":"Schweppe","attr_IncidentShortDescription":null,"attr_IncidentTypeCategory":"WF","attr_IncidentTypeKind":"FI","attr_InitialLatitude":43.22375,"attr_InitialLongitude":-89.96822,"attr_InitialResponseAcres":null,"attr_InitialResponseDateTime":null,"attr_IrwinID":"{66B5F033-9EDC-4C35-8B80-C7F50BF6EBE2}","attr_IsFireCauseInvestigated":null,"attr_IsFireCodeRequested":0,"attr_IsFSAssisted":null,"attr_IsMultiJurisdictional":null,"attr_IsReimbursable":null,"attr_IsTrespass":null,"attr_IsUnifiedCommand":null,"attr_LocalIncidentIdentifier":"FIRE124340","attr_ModifiedBySystem":"iffrs","attr_PercentContained":null,"attr_PercentPerimToBeContained":null,"attr_POOCity":null,"attr_POOCounty":"Sauk","attr_POODispatchCenterID":"WIWIC","attr_POOFips":"55111","attr_POOJurisdictionalAgency":null,"attr_POOJurisdictionalUnit":null,"attr_POOJurisdictUnitParentUnit":null,"attr_POOLandownerCategory":"Private","attr_POOLandownerKind":"Private","attr_POOLegalDescPrincipalMerid":null,"attr_POOLegalDescQtr":null,"attr_POOLegalDescQtrQtr":null,"attr_POOLegalDescRange":null,"attr_POOLegalDescSection":null,"attr_POOLegalDescTownship":null,"attr_POOPredictiveServiceAreaID":"EA05","attr_POOProtectingAgency":"DNR","attr_POOProtectingUnit":"WIWIS","attr_POOState":"US-WI","attr_PredominantFuelGroup":null,"attr_PredominantFuelModel":null,"attr_PrimaryFuelModel":null,"attr_SecondaryFuelModel":null,"attr_TotalIncidentPersonnel":null,"attr_UniqueFireIdentifier":"2025-WIWIS-FIRE124340","attr_FORID":null,"attr_WFDSSDecisionStatus":"No Decision","attr_EstimatedFinalCost":null,"attr_OrganizationalAssessment":null,"attr_StratDecisionPublishDate":null,"attr_CreatedOnDateTime_dt":1763232626000,"attr_ModifiedOnDateTime_dt":1764701997000,"attr_Source":"IRWIN","attr_ActiveFireCandidate":1,"attr_IsCpxChild":0,"attr_CpxName":null,"attr_CpxID":null,"attr_SourceGlobalID":"{ABC3127D-B99C-4B78-B822-20B85D8FABB0}","GlobalID":"342e7b08-7354-4ba3-be95-8cde687e678c","Shape__Area":9.8707778306561522E-06,"Shape__Length":0.015281641566570114,"attr_IncidentComplexityLevel":null}},{"type":"Feature","id":48561,"geometry":{"type":"Polygon","coordinates":[[[-89.2458631305589,43.5669824509679],[-89.2458991512051,43.5670008015502],[-89.2459424769513,43.5670150410983],[-89.2459794623881,43.5670079665617],[-89.246017262597,43.5670390335936],[-89.2460466258287,43.5670580077119],[-89.246016815236,43.5670770820615],[-89.245979222538,43.5670804556269],[-89.2459352032924,43.5670568549845],[-89.2459061374031,43.5670360739925],[-89.2458704015228,43.5670168362562],[-89.2458330109457,43.5670006687684],[-89.2457908781622,43.5669966501651],[-89.2457987411159,43.566969359585],[-89.2458472276834,43.5669774013512],[-89.2458976474253,43.5669900299485],[-89.2458631305589,43.5669824509679]]]},"properties":{"OBJECTID":48561,"poly_SourceOID":52558,"poly_IncidentName":"Tarp","poly_FeatureCategory":"Wildfire Daily Fire Perimeter","poly_MapMethod":"Phone/Tablet","poly_GISAcres":0.02,"poly_DeleteThis":"No","poly_FeatureAccess":"Public","poly_FeatureStatus":"Approved","poly_IsVisible":"Yes","poly_CreateDate":1763231365000,"poly_DateCurrent":1763408459000,"poly_PolygonDateTime":1763231365000,"poly_IRWINID":"{14A6A5F0-BBC9-4EB9-8CAA-E3F7D5B0B049}","poly_FORID":null,"poly_Acres_AutoCalc":0.021190100261732649,"poly_SourceGlobalID":"{9240CB47-7646-47C7-82EF-36BD11BB1243}","poly_Source":"2025 NIFS","attr_SourceOID":38479536,"attr_ABCDMisc":null,"attr_ADSPermissionState":"DEFAULT","attr_CalculatedAcres":null,"attr_ContainmentDateTime":null,"attr_ControlDateTime":null,"attr_CreatedBySystem":"iffrs","attr_IncidentSize":0.02,"attr_DiscoveryAcres":0.02,"attr_DispatchCenterID":"WIWISC","attr_EstimatedCostToDate":null,"attr_FinalAcres":0.02,"attr_FFReportApprovedByTitle":null,"attr_FFReportApprovedByUnit":null,"attr_FFReportApprovedDate":null,"attr_FireBehaviorGeneral":null,"attr_FireBehaviorGeneral1":null,"attr_FireBehaviorGeneral2":null,"attr_FireBehaviorGeneral3":null,"attr_FireCause":"Human","attr_FireCauseGeneral":null,"attr_FireCauseSpecific":null,"attr_FireCode":"SDUA","attr_FireDepartmentID":null,"attr_FireDiscoveryDateTime":1763227500000,"attr_FireMgmtComplexity":null,"attr_FireOutDateTime":null,"attr_FireStrategyConfinePercent":null,"attr_FireStrategyFullSuppPrcnt":null,"attr_FireStrategyMonitorPercent":null,"attr_FireStrategyPointZonePrcnt":null,"attr_FSJobCode":null,"attr_FSOverrideCode":null,"attr_GACC":"EACC","attr_ICS209ReportDateTime":null,"attr_ICS209RptForTimePeriodFrom":null,"attr_ICS209RptForTimePeriodTo":null,"attr_ICS209ReportStatus":null,"attr_IncidentManagementOrg":null,"attr_IncidentName":"Tarp","attr_IncidentShortDescription":null,"attr_IncidentTypeCategory":"WF","attr_IncidentTypeKind":"FI","attr_InitialLatitude":43.56704,"attr_InitialLongitude":-89.246,"attr_InitialResponseAcres":null,"attr_InitialResponseDateTime":null,"attr_IrwinID":"{14A6A5F0-BBC9-4EB9-8CAA-E3F7D5B0B049}","attr_IsFireCauseInvestigated":null,"attr_IsFireCodeRequested":0,"attr_IsFSAssisted":null,"attr_IsMultiJurisdictional":null,"attr_IsReimbursable":null,"attr_IsTrespass":null,"attr_IsUnifiedCommand":null,"attr_LocalIncidentIdentifier":"FIRE124341","attr_ModifiedBySystem":"iffrs","attr_PercentContained":null,"attr_PercentPerimToBeContained":null,"attr_POOCity":null,"attr_POOCounty":"Columbia","attr_POODispatchCenterID":"WIWIC","attr_POOFips":"55021","attr_POOJurisdictionalAgency":null,"attr_POOJurisdictionalUnit":null,"attr_POOJurisdictUnitParentUnit":null,"attr_POOLandownerCategory":"Private","attr_POOLandownerKind":"Private","attr_POOLegalDescPrincipalMerid":null,"attr_POOLegalDescQtr":null,"attr_POOLegalDescQtrQtr":null,"attr_POOLegalDescRange":null,"attr_POOLegalDescSection":null,"attr_POOLegalDescTownship":null,"attr_POOPredictiveServiceAreaID":"EA05","attr_POOProtectingAgency":"DNR","attr_POOProtectingUnit":"WIWIS","attr_POOState":"US-WI","attr_PredominantFuelGroup":null,"attr_PredominantFuelModel":null,"attr_PrimaryFuelModel":null,"attr_SecondaryFuelModel":null,"attr_TotalIncidentPersonnel":null,"attr_UniqueFireIdentifier":"2025-WIWIS-FIRE124341","attr_FORID":null,"attr_WFDSSDecisionStatus":"No Decision","attr_EstimatedFinalCost":null,"attr_OrganizationalAssessment":null,"attr_StratDecisionPublishDate":null,"attr_CreatedOnDateTime_dt":1763234802000,"attr_ModifiedOnDateTime_dt":1764785064000,"attr_Source":"IRWIN","attr_ActiveFireCandidate":1,"attr_IsCpxChild":0,"attr_CpxName":null,"attr_CpxID":null,"attr_SourceGlobalID":"{B9FDA9C7-A58B-4990-9E46-CAF83CEE642F}","GlobalID":"d728b913-6174-463b-aa94-4db42d5d1753","Shape__Area":9.5533323474228382E-09,"Shape__Length":0.00065489943221533819,"attr_IncidentComplexityLevel":null}},{"type":"Feature","id":48935,"geometry":{"type":"Polygon","coordinates":[[[-99.8645257485505,48.890600796845],[-99.8647551620587,48.8909230294478],[-99.8647347313744,48.8909868336873],[-99.8646391988376,48.8908742841849],[-99.8643623030756,48.890543371449],[-99.8642605484081,48.8904021771299],[-99.8642432833246,48.8903209434619],[-99.8642313826591,48.8902820351343],[-99.8641971910421,48.8901696088718],[-99.8641529476891,48.8900532151794],[-99.8641288209038,48.8899579840851],[-99.8641529738808,48.8898865610714],[-99.8641624139957,48.8897781079376],[-99.8641652769386,48.8896834274384],[-99.8641804095477,48.8896273514458],[-99.8642102943063,48.8895448215981],[-99.8642193919453,48.8894733140475],[-99.8642553116744,48.8893982792111],[-99.8643165126632,48.8893282883184],[-99.8643495504576,48.8892194981848],[-99.8644023695432,48.8891852199401],[-99.8644556011763,48.8891416268036],[-99.8645412255911,48.8891445206373],[-99.8648011935918,48.8890609979656],[-99.8647968611938,48.8891079573007],[-99.8644335371031,48.8893199197595],[-99.86437598484,48.8894560470185],[-99.8643163633048,48.8895210242311],[-99.8643160568364,48.889595838859],[-99.864326479204,48.8896353817191],[-99.8643211724014,48.889692422583],[-99.8643212300167,48.8897732716979],[-99.8642757476943,48.8898511997551],[-99.864244959906,48.8899139719872],[-99.864251723044,48.8899837984255],[-99.8642846953351,48.8900559945571],[-99.8642703360771,48.8901009104195],[-99.8642988921632,48.8901458262416],[-99.8643334780356,48.8902584670547],[-99.8643908626847,48.8903393635696],[-99.8644080141986,48.8904087968401],[-99.8644367065231,48.8904593854309],[-99.8644825686413,48.8905168645473],[-99.8645257485505,48.890600796845]]]},"properties":{"OBJECTID":48935,"poly_SourceOID":52386,"poly_IncidentName":"Big Slough","poly_FeatureCategory":"Wildfire Daily Fire Perimeter","poly_MapMethod":"Auto-generated for InFORM","poly_GISAcres":0.4,"poly_DeleteThis":"No","poly_FeatureAccess":"Public","poly_FeatureStatus":"Approved","poly_IsVisible":"Yes","poly_CreateDate":1763073081000,"poly_DateCurrent":1764696934000,"poly_PolygonDateTime":1763073081000,"poly_IRWINID":"{58BF13FE-F251-47B0-BFCD-F67AAB9F16CD}","poly_FORID":null,"poly_Acres_AutoCalc":0.5107220773701513,"poly_SourceGlobalID":"{B6DDEEC4-2E90-4156-8FCA-E4B3ACFB6DAD}","poly_Source":"2025 NIFS","attr_SourceOID":38479191,"attr_ABCDMisc":null,"attr_ADSPermissionState":"DEFAULT","attr_CalculatedAcres":null,"attr_ContainmentDateTime":null,"attr_ControlDateTime":null,"attr_CreatedBySystem":"wildcade","attr_IncidentSize":0.4,"attr_DiscoveryAcres":0.4,"attr_DispatchCenterID":"MTMCC","attr_EstimatedCostToDate":null,"attr_FinalAcres":null,"attr_FFReportApprovedByTitle":null,"attr_FFReportApprovedByUnit":null,"attr_FFReportApprovedDate":null,"attr_FireBehaviorGeneral":null,"attr_FireBehaviorGeneral1":null,"attr_FireBehaviorGeneral2":null,"attr_FireBehaviorGeneral3":null,"attr_FireCause":"Human","attr_FireCauseGeneral":null,"attr_FireCauseSpecific":null,"attr_FireCode":"SDRB","attr_FireDepartmentID":null,"attr_FireDiscoveryDateTime":1763068380000,"attr_FireMgmtComplexity":null,"attr_FireOutDateTime":null,"attr_FireStrategyConfinePercent":null,"attr_FireStrategyFullSuppPrcnt":null,"attr_FireStrategyMonitorPercent":null,"attr_FireStrategyPointZonePrcnt":null,"attr_FSJobCode":null,"attr_FSOverrideCode":null,"attr_GACC":"NRCC","attr_ICS209ReportDateTime":null,"attr_ICS209RptForTimePeriodFrom":null,"attr_ICS209RptForTimePeriodTo":null,"attr_ICS209ReportStatus":null,"attr_IncidentManagementOrg":null,"attr_IncidentName":"Big Slough","attr_IncidentShortDescription":null,"attr_IncidentTypeCategory":"WF","attr_IncidentTypeKind":"FI","attr_InitialLatitude":48.890278,"attr_InitialLongitude":-99.863889,"attr_InitialResponseAcres":null,"attr_InitialResponseDateTime":null,"attr_IrwinID":"{58BF13FE-F251-47B0-BFCD-F67AAB9F16CD}","attr_IsFireCauseInvestigated":null,"attr_IsFireCodeRequested":0,"attr_IsFSAssisted":1,"attr_IsMultiJurisdictional":null,"attr_IsReimbursable":null,"attr_IsTrespass":null,"attr_IsUnifiedCommand":null,"attr_LocalIncidentIdentifier":"000949","attr_ModifiedBySystem":"INFORM_Inspector","attr_PercentContained":null,"attr_PercentPerimToBeContained":null,"attr_POOCity":null,"attr_POOCounty":"Rolette","attr_POODispatchCenterID":"MTMCC","attr_POOFips":"38079","attr_POOJurisdictionalAgency":"BIA","attr_POOJurisdictionalUnit":"NDTMA","attr_POOJurisdictUnitParentUnit":null,"attr_POOLandownerCategory":"BIA","attr_POOLandownerKind":"Federal","attr_POOLegalDescPrincipalMerid":null,"attr_POOLegalDescQtr":null,"attr_POOLegalDescQtrQtr":null,"attr_POOLegalDescRange":null,"attr_POOLegalDescSection":null,"attr_POOLegalDescTownship":null,"attr_POOPredictiveServiceAreaID":"NR17","attr_POOProtectingAgency":"BIA","attr_POOProtectingUnit":"NDTMA","attr_POOState":"US-ND","attr_PredominantFuelGroup":null,"attr_PredominantFuelModel":null,"attr_PrimaryFuelModel":null,"attr_SecondaryFuelModel":null,"attr_TotalIncidentPersonnel":null,"attr_UniqueFireIdentifier":"2025-NDTMA-000949","attr_FORID":null,"attr_WFDSSDecisionStatus":"No Decision","attr_EstimatedFinalCost":null,"attr_OrganizationalAssessment":null,"attr_StratDecisionPublishDate":null,"attr_CreatedOnDateTime_dt":1763073027000,"attr_ModifiedOnDateTime_dt":1764697303000,"attr_Source":"IRWIN","attr_ActiveFireCandidate":1,"attr_IsCpxChild":0,"attr_CpxName":null,"attr_CpxID":null,"attr_SourceGlobalID":"{F0E56195-5D12-401F-BC28-EBE6C7A25928}","GlobalID":"b8138e5f-daa2-42bd-a75f-2525fa255b78","Shape__Area":2.4583368940511718E-07,"Shape__Length":0.0048392656159068487,"attr_IncidentComplexityLevel":null}},{"type":"Feature","id":48583,"geometry":{"type":"Polygon","coordinates":[[[-89.0650161094619,44.3266783981504],[-89.0650042678698,44.3266667904045],[-89.064939571203,44.3266033754288],[-89.064925720978,44.3265560973898],[-89.0648903066945,44.326487680724],[-89.0648695744761,44.3264141454432],[-89.0648737669135,44.3264054500375],[-89.064878882819,44.3263948376694],[-89.0648846733594,44.3263828262965],[-89.0650015459745,44.3263785418904],[-89.0650591100179,44.3264314180072],[-89.0651241390613,44.3264738738682],[-89.0651524207214,44.3265317508236],[-89.0651624126823,44.3265920986207],[-89.0651797887948,44.3266472655062],[-89.065157018299,44.3266759111896],[-89.0651425410499,44.32669412448],[-89.0650988281298,44.326688527213],[-89.0650597603981,44.3267041307984],[-89.0650473986815,44.3267090680879],[-89.0650161094619,44.3266783981504]]]},"properties":{"OBJECTID":48583,"poly_SourceOID":52485,"poly_IncidentName":"Bunker","poly_FeatureCategory":"Wildfire Daily Fire Perimeter","poly_MapMethod":"Auto-generated for InFORM","poly_GISAcres":0.14,"poly_DeleteThis":"No","poly_FeatureAccess":"Public","poly_FeatureStatus":"Approved","poly_IsVisible":"Yes","poly_CreateDate":1763150863000,"poly_DateCurrent":1763477060000,"poly_PolygonDateTime":1763150863000,"poly_IRWINID":"{E74281AD-079D-47B6-A1D9-60E5BFFAC8C7}","poly_FORID":null,"poly_Acres_AutoCalc":0.13995471575001051,"poly_SourceGlobalID":"{E39C8795-FBE1-468D-814D-E3616D1823C9}","poly_Source":"2025 NIFS","attr_SourceOID":38479383,"attr_ABCDMisc":null,"attr_ADSPermissionState":"DEFAULT","attr_CalculatedAcres":null,"attr_ContainmentDateTime":null,"attr_ControlDateTime":null,"attr_CreatedBySystem":"iffrs","attr_IncidentSize":0.14,"attr_DiscoveryAcres":0.01,"attr_DispatchCenterID":"WIWISC","attr_EstimatedCostToDate":null,"attr_FinalAcres":0.14,"attr_FFReportApprovedByTitle":null,"attr_FFReportApprovedByUnit":null,"attr_FFReportApprovedDate":null,"attr_FireBehaviorGeneral":null,"attr_FireBehaviorGeneral1":null,"attr_FireBehaviorGeneral2":null,"attr_FireBehaviorGeneral3":null,"attr_FireCause":"Human","attr_FireCauseGeneral":null,"attr_FireCauseSpecific":null,"attr_FireCode":"SDST","attr_FireDepartmentID":null,"attr_FireDiscoveryDateTime":1763150100000,"attr_FireMgmtComplexity":null,"attr_FireOutDateTime":null,"attr_FireStrategyConfinePercent":null,"attr_FireStrategyFullSuppPrcnt":null,"attr_FireStrategyMonitorPercent":null,"attr_FireStrategyPointZonePrcnt":null,"attr_FSJobCode":null,"attr_FSOverrideCode":null,"attr_GACC":"EACC","attr_ICS209ReportDateTime":null,"attr_ICS209RptForTimePeriodFrom":null,"attr_ICS209RptForTimePeriodTo":null,"attr_ICS209ReportStatus":null,"attr_IncidentManagementOrg":null,"attr_IncidentName":"Bunker","attr_IncidentShortDescription":null,"attr_IncidentTypeCategory":"WF","attr_IncidentTypeKind":"FI","attr_InitialLatitude":44.32666,"attr_InitialLongitude":-89.06473,"attr_InitialResponseAcres":null,"attr_InitialResponseDateTime":null,"attr_IrwinID":"{E74281AD-079D-47B6-A1D9-60E5BFFAC8C7}","attr_IsFireCauseInvestigated":null,"attr_IsFireCodeRequested":0,"attr_IsFSAssisted":null,"attr_IsMultiJurisdictional":null,"attr_IsReimbursable":null,"attr_IsTrespass":null,"attr_IsUnifiedCommand":null,"attr_LocalIncidentIdentifier":"FIRE124331","attr_ModifiedBySystem":"iffrs","attr_PercentContained":null,"attr_PercentPerimToBeContained":null,"attr_POOCity":null,"attr_POOCounty":"Waupaca","attr_POODispatchCenterID":"WIWIC","attr_POOFips":"55135","attr_POOJurisdictionalAgency":null,"attr_POOJurisdictionalUnit":null,"attr_POOJurisdictUnitParentUnit":null,"attr_POOLandownerCategory":"Private","attr_POOLandownerKind":"Private","attr_POOLegalDescPrincipalMerid":null,"attr_POOLegalDescQtr":null,"attr_POOLegalDescQtrQtr":null,"attr_POOLegalDescRange":null,"attr_POOLegalDescSection":null,"attr_POOLegalDescTownship":null,"attr_POOPredictiveServiceAreaID":"EA05","attr_POOProtectingAgency":"DNR","attr_POOProtectingUnit":"WIWIS","attr_POOState":"US-WI","attr_PredominantFuelGroup":null,"attr_PredominantFuelModel":null,"attr_PrimaryFuelModel":null,"attr_SecondaryFuelModel":null,"attr_TotalIncidentPersonnel":null,"attr_UniqueFireIdentifier":"2025-WIWIS-FIRE124331","attr_FORID":null,"attr_WFDSSDecisionStatus":"No Decision","attr_EstimatedFinalCost":null,"attr_OrganizationalAssessment":null,"attr_StratDecisionPublishDate":null,"attr_CreatedOnDateTime_dt":1763150843000,"attr_ModifiedOnDateTime_dt":1764876200000,"attr_Source":"IRWIN","attr_ActiveFireCandidate":1,"attr_IsCpxChild":0,"attr_CpxName":null,"attr_CpxID":null,"attr_SourceGlobalID":"{FAF279BB-3C03-415E-B760-DABF143633CE}","GlobalID":"d54a570e-838c-41bb-a7f3-6bbecc98bb7f","Shape__Area":6.3901325120241381E-08,"Shape__Length":0.0010039740501868685,"attr_IncidentComplexityLevel":null}},{"type":"Feature","id":48937,"geometry":{"type":"Polygon","coordinates":[[[-99.6794635785998,48.8198438172945],[-99.6792355599292,48.8198138555643],[-99.6791939547851,48.8195384128414],[-99.6795034300756,48.8195412826697],[-99.6797968121119,48.8194505515326],[-99.6798484754864,48.8194880802221],[-99.679882064801,48.8196196512012],[-99.6800399644579,48.8197090269948],[-99.6800691180823,48.8198460858306],[-99.6794635785998,48.8198438172945]]]},"properties":{"OBJECTID":48937,"poly_SourceOID":52758,"poly_IncidentName":"Furniture","poly_FeatureCategory":"Wildfire Daily Fire Perimeter","poly_MapMethod":"Auto-generated for InFORM","poly_GISAcres":0.1,"poly_DeleteThis":"No","poly_FeatureAccess":"Public","poly_FeatureStatus":"Approved","poly_IsVisible":"Yes","poly_CreateDate":1763395651000,"poly_DateCurrent":1764698268000,"poly_PolygonDateTime":1763395651000,"poly_IRWINID":"{52F2A031-EC1E-4083-901B-4E6A2AD70217}","poly_FORID":null,"poly_Acres_AutoCalc":0.49600221048894438,"poly_SourceGlobalID":"{85F2856E-9FA9-4007-93A6-3FA3F50DC70D}","poly_Source":"2025 NIFS","attr_SourceOID":38479898,"attr_ABCDMisc":null,"attr_ADSPermissionState":"DEFAULT","attr_CalculatedAcres":null,"attr_ContainmentDateTime":null,"attr_ControlDateTime":null,"attr_CreatedBySystem":"wildcade","attr_IncidentSize":0.1,"attr_DiscoveryAcres":0.1,"attr_DispatchCenterID":"MTMCC","attr_EstimatedCostToDate":null,"attr_FinalAcres":null,"attr_FFReportApprovedByTitle":null,"attr_FFReportApprovedByUnit":null,"attr_FFReportApprovedDate":null,"attr_FireBehaviorGeneral":null,"attr_FireBehaviorGeneral1":null,"attr_FireBehaviorGeneral2":null,"attr_FireBehaviorGeneral3":null,"attr_FireCause":"Human","attr_FireCauseGeneral":null,"attr_FireCauseSpecific":null,"attr_FireCode":"SDWY","attr_FireDepartmentID":null,"attr_FireDiscoveryDateTime":1763160960000,"attr_FireMgmtComplexity":null,"attr_FireOutDateTime":null,"attr_FireStrategyConfinePercent":null,"attr_FireStrategyFullSuppPrcnt":null,"attr_FireStrategyMonitorPercent":null,"attr_FireStrategyPointZonePrcnt":null,"attr_FSJobCode":null,"attr_FSOverrideCode":null,"attr_GACC":"NRCC","attr_ICS209ReportDateTime":null,"attr_ICS209RptForTimePeriodFrom":null,"attr_ICS209RptForTimePeriodTo":null,"attr_ICS209ReportStatus":null,"attr_IncidentManagementOrg":null,"attr_IncidentName":"Furniture","attr_IncidentShortDescription":null,"attr_IncidentTypeCategory":"WF","attr_IncidentTypeKind":"FI","attr_InitialLatitude":48.819722,"attr_InitialLongitude":-99.679444,"attr_InitialResponseAcres":null,"attr_InitialResponseDateTime":null,"attr_IrwinID":"{52F2A031-EC1E-4083-901B-4E6A2AD70217}","attr_IsFireCauseInvestigated":null,"attr_IsFireCodeRequested":0,"attr_IsFSAssisted":1,"attr_IsMultiJurisdictional":null,"attr_IsReimbursable":null,"attr_IsTrespass":null,"attr_IsUnifiedCommand":null,"attr_LocalIncidentIdentifier":"000953","attr_ModifiedBySystem":"INFORM_Inspector","attr_PercentContained":null,"attr_PercentPerimToBeContained":null,"attr_POOCity":null,"attr_POOCounty":"Rolette","attr_POODispatchCenterID":"MTMCC","attr_POOFips":"38079","attr_POOJurisdictionalAgency":"USFWS","attr_POOJurisdictionalUnit":"NDJDR","attr_POOJurisdictUnitParentUnit":null,"attr_POOLandownerCategory":"USFWS","attr_POOLandownerKind":"Federal","attr_POOLegalDescPrincipalMerid":null,"attr_POOLegalDescQtr":null,"attr_POOLegalDescQtrQtr":null,"attr_POOLegalDescRange":null,"attr_POOLegalDescSection":null,"attr_POOLegalDescTownship":null,"attr_POOPredictiveServiceAreaID":"NR17","attr_POOProtectingAgency":"BIA","attr_POOProtectingUnit":"NDTMA","attr_POOState":"US-ND","attr_PredominantFuelGroup":null,"attr_PredominantFuelModel":null,"attr_PrimaryFuelModel":null,"attr_SecondaryFuelModel":null,"attr_TotalIncidentPersonnel":null,"attr_UniqueFireIdentifier":"2025-NDTMA-000953","attr_FORID":null,"attr_WFDSSDecisionStatus":"No Decision","attr_EstimatedFinalCost":null,"attr_OrganizationalAssessment":null,"attr_StratDecisionPublishDate":null,"attr_CreatedOnDateTime_dt":1763395620000,"attr_ModifiedOnDateTime_dt":1764697965000,"attr_Source":"IRWIN","attr_ActiveFireCandidate":1,"attr_IsCpxChild":0,"attr_CpxName":null,"attr_CpxID":null,"attr_SourceGlobalID":"{C7778D76-107D-4431-A1CA-FD9CCF7576C9}","GlobalID":"d891eef5-89e5-49f5-8ccd-97c870c55147","Shape__Area":2.4579139790148474E-07,"Shape__Length":0.0022518807207495364,"attr_IncidentComplexityLevel":null}},{"type":"Feature","id":48944,"geometry":{"type":"Polygon","coordinates":[[[-99.7439814109184,48.8377999340624],[-99.7438209747168,48.8377691700931],[-99.7437984241099,48.8376593384372],[-99.7438885262815,48.8375742224119],[-99.7440913814401,48.8375954074165],[-99.7441118463857,48.8377242827611],[-99.7439814109184,48.8377999340624]]]},"properties":{"OBJECTID":48944,"poly_SourceOID":53167,"poly_IncidentName":"Jason","poly_FeatureCategory":"Wildfire Daily Fire Perimeter","poly_MapMethod":"Auto-generated for InFORM","poly_GISAcres":0.1,"poly_DeleteThis":"No","poly_FeatureAccess":"Public","poly_FeatureStatus":"Approved","poly_IsVisible":"Yes","poly_CreateDate":1763998179000,"poly_DateCurrent":1764714250000,"poly_PolygonDateTime":1763998179000,"poly_IRWINID":"{878CE144-E0A6-4A49-B66E-46AD6913F8E8}","poly_FORID":null,"poly_Acres_AutoCalc":0.1082738481770658,"poly_SourceGlobalID":"{B124F629-6CC8-45E7-B64A-2ECF730D7DDB}","poly_Source":"2025 NIFS","attr_SourceOID":38481073,"attr_ABCDMisc":null,"attr_ADSPermissionState":"DEFAULT","attr_CalculatedAcres":null,"attr_ContainmentDateTime":null,"attr_ControlDateTime":null,"attr_CreatedBySystem":"wildcade","attr_IncidentSize":0.1,"attr_DiscoveryAcres":0.1,"attr_DispatchCenterID":"MTMCC","attr_EstimatedCostToDate":null,"attr_FinalAcres":null,"attr_FFReportApprovedByTitle":null,"attr_FFReportApprovedByUnit":null,"attr_FFReportApprovedDate":null,"attr_FireBehaviorGeneral":null,"attr_FireBehaviorGeneral1":null,"attr_FireBehaviorGeneral2":null,"attr_FireBehaviorGeneral3":null,"attr_FireCause":"Human","attr_FireCauseGeneral":null,"attr_FireCauseSpecific":null,"attr_FireCode":"SEEV","attr_FireDepartmentID":null,"attr_FireDiscoveryDateTime":1763764920000,"attr_FireMgmtComplexity":null,"attr_FireOutDateTime":null,"attr_FireStrategyConfinePercent":null,"attr_FireStrategyFullSuppPrcnt":null,"attr_FireStrategyMonitorPercent":null,"attr_FireStrategyPointZonePrcnt":null,"attr_FSJobCode":null,"attr_FSOverrideCode":null,"attr_GACC":"NRCC","attr_ICS209ReportDateTime":null,"attr_ICS209RptForTimePeriodFrom":null,"attr_ICS209RptForTimePeriodTo":null,"attr_ICS209ReportStatus":null,"attr_IncidentManagementOrg":null,"attr_IncidentName":"Jason","attr_IncidentShortDescription":null,"attr_IncidentTypeCategory":"WF","attr_IncidentTypeKind":"FI","attr_InitialLatitude":48.837778,"attr_InitialLongitude":-99.744167,"attr_InitialResponseAcres":null,"attr_InitialResponseDateTime":null,"attr_IrwinID":"{878CE144-E0A6-4A49-B66E-46AD6913F8E8}","attr_IsFireCauseInvestigated":null,"attr_IsFireCodeRequested":0,"attr_IsFSAssisted":1,"attr_IsMultiJurisdictional":null,"attr_IsReimbursable":null,"attr_IsTrespass":null,"attr_IsUnifiedCommand":null,"attr_LocalIncidentIdentifier":"000968","attr_ModifiedBySystem":"INFORM_Inspector","attr_PercentContained":null,"attr_PercentPerimToBeContained":null,"attr_POOCity":null,"attr_POOCounty":"Rolette","attr_POODispatchCenterID":"MTMCC","attr_POOFips":"38079","attr_POOJurisdictionalAgency":"BIA","attr_POOJurisdictionalUnit":"NDTMA","attr_POOJurisdictUnitParentUnit":null,"attr_POOLandownerCategory":"BIA","attr_POOLandownerKind":"Federal","attr_POOLegalDescPrincipalMerid":null,"attr_POOLegalDescQtr":null,"attr_POOLegalDescQtrQtr":null,"attr_POOLegalDescRange":null,"attr_POOLegalDescSection":null,"attr_POOLegalDescTownship":null,"attr_POOPredictiveServiceAreaID":"NR17","attr_POOProtectingAgency":"BIA","attr_POOProtectingUnit":"NDTMA","attr_POOState":"US-ND","attr_PredominantFuelGroup":null,"attr_PredominantFuelModel":null,"attr_PrimaryFuelModel":null,"attr_SecondaryFuelModel":null,"attr_TotalIncidentPersonnel":null,"attr_UniqueFireIdentifier":"2025-NDTMA-000968","attr_FORID":null,"attr_WFDSSDecisionStatus":"No Decision","attr_EstimatedFinalCost":null,"attr_OrganizationalAssessment":null,"attr_StratDecisionPublishDate":null,"attr_CreatedOnDateTime_dt":1763998167000,"attr_ModifiedOnDateTime_dt":1764714174000,"attr_Source":"IRWIN","attr_ActiveFireCandidate":1,"attr_IsCpxChild":0,"attr_CpxName":null,"attr_CpxID":null,"attr_SourceGlobalID":"{B784014A-5C55-4726-BD41-E7C788AE39E0}","GlobalID":"1657e449-44fb-4c20-ae81-eb72d8e23df7","Shape__Area":5.367382982512936E-08,"Shape__Length":0.000884664894834977,"attr_IncidentComplexityLevel":null}},{"type":"Feature","id":48945,"geometry":{"type":"Polygon","coordinates":[[[-99.7857369400267,48.8328418482041],[-99.7857288114732,48.8327701924942],[-99.7857029132851,48.8327148683938],[-99.7857178368579,48.8326600568922],[-99.7857724830574,48.8325359135324],[-99.7858190826298,48.8325300649844],[-99.7858395325689,48.8325333754736],[-99.7858432187017,48.8325706736833],[-99.7858396963977,48.8326129375979],[-99.7858358388177,48.8327097141097],[-99.7858541971022,48.8327703349899],[-99.7858484155056,48.8328353697619],[-99.78585034526,48.8329855937887],[-99.7858492984805,48.8330474637963],[-99.7858175944108,48.8330196932889],[-99.7857369400267,48.8328418482041]]]},"properties":{"OBJECTID":48945,"poly_SourceOID":53168,"poly_IncidentName":"Snake","poly_FeatureCategory":"Wildfire Daily Fire Perimeter","poly_MapMethod":"Auto-generated for InFORM","poly_GISAcres":0.1,"poly_DeleteThis":"No","poly_FeatureAccess":"Public","poly_FeatureStatus":"Approved","poly_IsVisible":"Yes","poly_CreateDate":1763998337000,"poly_DateCurrent":1764715089000,"poly_PolygonDateTime":1763998337000,"poly_IRWINID":"{344CFB01-18DE-4C28-9691-D4B5DDB0E834}","poly_FORID":null,"poly_Acres_AutoCalc":0.096712196116751456,"poly_SourceGlobalID":"{BB2622EA-529A-40C8-97F7-FBB0D2070B95}","poly_Source":"2025 NIFS","attr_SourceOID":38481074,"attr_ABCDMisc":null,"attr_ADSPermissionState":"DEFAULT","attr_CalculatedAcres":null,"attr_ContainmentDateTime":null,"attr_ControlDateTime":null,"attr_CreatedBySystem":"wildcade","attr_IncidentSize":0.1,"attr_DiscoveryAcres":0.1,"attr_DispatchCenterID":"MTMCC","attr_EstimatedCostToDate":null,"attr_FinalAcres":null,"attr_FFReportApprovedByTitle":null,"attr_FFReportApprovedByUnit":null,"attr_FFReportApprovedDate":null,"attr_FireBehaviorGeneral":null,"attr_FireBehaviorGeneral1":null,"attr_FireBehaviorGeneral2":null,"attr_FireBehaviorGeneral3":null,"attr_FireCause":"Human","attr_FireCauseGeneral":null,"attr_FireCauseSpecific":null,"attr_FireCode":"SEEW","attr_FireDepartmentID":null,"attr_FireDiscoveryDateTime":1763852820000,"attr_FireMgmtComplexity":null,"attr_FireOutDateTime":null,"attr_FireStrategyConfinePercent":null,"attr_FireStrategyFullSuppPrcnt":null,"attr_FireStrategyMonitorPercent":null,"attr_FireStrategyPointZonePrcnt":null,"attr_FSJobCode":null,"attr_FSOverrideCode":null,"attr_GACC":"NRCC","attr_ICS209ReportDateTime":null,"attr_ICS209RptForTimePeriodFrom":null,"attr_ICS209RptForTimePeriodTo":null,"attr_ICS209ReportStatus":null,"attr_IncidentManagementOrg":null,"attr_IncidentName":"Snake","attr_IncidentShortDescription":null,"attr_IncidentTypeCategory":"WF","attr_IncidentTypeKind":"FI","attr_InitialLatitude":48.832778,"attr_InitialLongitude":-99.785833,"attr_InitialResponseAcres":null,"attr_InitialResponseDateTime":null,"attr_IrwinID":"{344CFB01-18DE-4C28-9691-D4B5DDB0E834}","attr_IsFireCauseInvestigated":null,"attr_IsFireCodeRequested":0,"attr_IsFSAssisted":1,"attr_IsMultiJurisdictional":null,"attr_IsReimbursable":null,"attr_IsTrespass":null,"attr_IsUnifiedCommand":null,"attr_LocalIncidentIdentifier":"000969","attr_ModifiedBySystem":"INFORM_Inspector","attr_PercentContained":null,"attr_PercentPerimToBeContained":null,"attr_POOCity":null,"attr_POOCounty":"Rolette","attr_POODispatchCenterID":"MTMCC","attr_POOFips":"38079","attr_POOJurisdictionalAgency":"BIA","attr_POOJurisdictionalUnit":"NDTMA","attr_POOJurisdictUnitParentUnit":null,"attr_POOLandownerCategory":"BIA","attr_POOLandownerKind":"Federal","attr_POOLegalDescPrincipalMerid":null,"attr_POOLegalDescQtr":null,"attr_POOLegalDescQtrQtr":null,"attr_POOLegalDescRange":null,"attr_POOLegalDescSection":null,"attr_POOLegalDescTownship":null,"attr_POOPredictiveServiceAreaID":"NR17","attr_POOProtectingAgency":"BIA","attr_POOProtectingUnit":"NDTMA","attr_POOState":"US-ND","attr_PredominantFuelGroup":null,"attr_PredominantFuelModel":null,"attr_PrimaryFuelModel":null,"attr_SecondaryFuelModel":null,"attr_TotalIncidentPersonnel":null,"attr_UniqueFireIdentifier":"2025-NDTMA-000969","attr_FORID":null,"attr_WFDSSDecisionStatus":"No Decision","attr_EstimatedFinalCost":null,"attr_OrganizationalAssessment":null,"attr_StratDecisionPublishDate":null,"attr_CreatedOnDateTime_dt":1763998329000,"attr_ModifiedOnDateTime_dt":1764714831000,"attr_Source":"IRWIN","attr_ActiveFireCandidate":1,"attr_IsCpxChild":0,"attr_CpxName":null,"attr_CpxID":null,"attr_SourceGlobalID":"{41A3E663-3C8B-4D6A-8F85-0FD6937ACC85}","GlobalID":"44a29c87-e4df-4b5b-9ac3-5b845938fa47","Shape__Area":4.7938101488398388E-08,"Shape__Length":0.0011482436188414756,"attr_IncidentComplexityLevel":null}},{"type":"Feature","id":48952,"geometry":{"type":"Polygon","coordinates":[[[-117.401326604317,34.7334808766214],[-117.401316091923,34.7334825369424],[-117.401307591185,34.7334756557188],[-117.40129310428,34.7334573469629],[-117.401356919218,34.7334556937541],[-117.401346874728,34.7334749668815],[-117.401326604317,34.7334808766214]]]},"properties":{"OBJECTID":48952,"poly_SourceOID":53437,"poly_IncidentName":"BDC/ASSIST/ZEPHYR","poly_FeatureCategory":"Wildfire Daily Fire Perimeter","poly_MapMethod":"Auto-generated for InFORM","poly_GISAcres":0.1,"poly_DeleteThis":"No","poly_FeatureAccess":"Public","poly_FeatureStatus":"Approved","poly_IsVisible":"Yes","poly_CreateDate":1764725535000,"poly_DateCurrent":1764781843000,"poly_PolygonDateTime":1764725535000,"poly_IRWINID":"{CDFAA7F3-342A-45F5-883D-8A651772E0EF}","poly_FORID":null,"poly_Acres_AutoCalc":0.0028208004559914773,"poly_SourceGlobalID":"{49B6A240-C742-43DC-ABAE-DABA76073F21}","poly_Source":"2025 NIFS","attr_SourceOID":38482828,"attr_ABCDMisc":null,"attr_ADSPermissionState":"DEFAULT","attr_CalculatedAcres":null,"attr_ContainmentDateTime":null,"attr_ControlDateTime":null,"attr_CreatedBySystem":"wildcade","attr_IncidentSize":0.1,"attr_DiscoveryAcres":0.1,"attr_DispatchCenterID":"CASBCC","attr_EstimatedCostToDate":null,"attr_FinalAcres":null,"attr_FFReportApprovedByTitle":null,"attr_FFReportApprovedByUnit":null,"attr_FFReportApprovedDate":null,"attr_FireBehaviorGeneral":null,"attr_FireBehaviorGeneral1":null,"attr_FireBehaviorGeneral2":null,"attr_FireBehaviorGeneral3":null,"attr_FireCause":"Undetermined","attr_FireCauseGeneral":null,"attr_FireCauseSpecific":null,"attr_FireCode":"SEJU","attr_FireDepartmentID":null,"attr_FireDiscoveryDateTime":1764716386000,"attr_FireMgmtComplexity":null,"attr_FireOutDateTime":null,"attr_FireStrategyConfinePercent":null,"attr_FireStrategyFullSuppPrcnt":null,"attr_FireStrategyMonitorPercent":null,"attr_FireStrategyPointZonePrcnt":null,"attr_FSJobCode":null,"attr_FSOverrideCode":null,"attr_GACC":"OSCC","attr_ICS209ReportDateTime":null,"attr_ICS209RptForTimePeriodFrom":null,"attr_ICS209RptForTimePeriodTo":null,"attr_ICS209ReportStatus":null,"attr_IncidentManagementOrg":null,"attr_IncidentName":"BDC/ASSIST/ZEPHYR","attr_IncidentShortDescription":null,"attr_IncidentTypeCategory":"WF","attr_IncidentTypeKind":"FI","attr_InitialLatitude":34.726776,"attr_InitialLongitude":-117.462334,"attr_InitialResponseAcres":null,"attr_InitialResponseDateTime":null,"attr_IrwinID":"{CDFAA7F3-342A-45F5-883D-8A651772E0EF}","attr_IsFireCauseInvestigated":null,"attr_IsFireCodeRequested":0,"attr_IsFSAssisted":1,"attr_IsMultiJurisdictional":null,"attr_IsReimbursable":null,"attr_IsTrespass":null,"attr_IsUnifiedCommand":null,"attr_LocalIncidentIdentifier":"017671","attr_ModifiedBySystem":"INFORM_Inspector","attr_PercentContained":null,"attr_PercentPerimToBeContained":null,"attr_POOCity":null,"attr_POOCounty":"San Bernardino","attr_POODispatchCenterID":"CASBCC","attr_POOFips":"06071","attr_POOJurisdictionalAgency":null,"attr_POOJurisdictionalUnit":null,"attr_POOJurisdictUnitParentUnit":null,"attr_POOLandownerCategory":"Private","attr_POOLandownerKind":"Private","attr_POOLegalDescPrincipalMerid":null,"attr_POOLegalDescQtr":null,"attr_POOLegalDescQtrQtr":null,"attr_POOLegalDescRange":null,"attr_POOLegalDescSection":null,"attr_POOLegalDescTownship":null,"attr_POOPredictiveServiceAreaID":"SC15","attr_POOProtectingAgency":"BLM","attr_POOProtectingUnit":"CACDD","attr_POOState":"US-CA","attr_PredominantFuelGroup":null,"attr_PredominantFuelModel":null,"attr_PrimaryFuelModel":null,"attr_SecondaryFuelModel":null,"attr_TotalIncidentPersonnel":null,"attr_UniqueFireIdentifier":"2025-CACDD-017671","attr_FORID":null,"attr_WFDSSDecisionStatus":"No Decision","attr_EstimatedFinalCost":null,"attr_OrganizationalAssessment":null,"attr_StratDecisionPublishDate":null,"attr_CreatedOnDateTime_dt":1764725512000,"attr_ModifiedOnDateTime_dt":1764781598000,"attr_Source":"IRWIN","attr_ActiveFireCandidate":1,"attr_IsCpxChild":0,"attr_CpxName":null,"attr_CpxID":null,"attr_SourceGlobalID":"{828B428B-8183-497E-A11F-8EAD0F991E96}","GlobalID":"95b5af16-41ac-4e4f-95ae-faabd4a51975","Shape__Area":1.1236807040404528E-09,"Shape__Length":0.00015161065414102471,"attr_IncidentComplexityLevel":null}},{"type":"Feature","id":48612,"geometry":{"type":"Polygon","coordinates":[[[-91.3880854736601,45.9899275077014],[-91.3880335249855,45.989931973393],[-91.3880885288303,45.9899154637511],[-91.3881307999544,45.9899185463585],[-91.3881859196819,45.9899221376365],[-91.3882356216699,45.9899270408478],[-91.3882746687404,45.9899187198683],[-91.3883300211316,45.9899195980276],[-91.3883685417892,45.9899316095218],[-91.3884268523326,45.9899334875464],[-91.3884667213616,45.9899297271283],[-91.3885237032967,45.9899294375293],[-91.3885809942523,45.9899306882974],[-91.3886350216284,45.9899193876937],[-91.3886878201092,45.9899041943511],[-91.3887279972603,45.9899048590561],[-91.3887878780588,45.9899001749146],[-91.3888353360553,45.9898965436905],[-91.3888771041227,45.9898950270396],[-91.3889247274092,45.9899004482862],[-91.3889519131246,45.9899226338246],[-91.3889996199544,45.9899195287485],[-91.3890562003426,45.9899168742984],[-91.3891096923228,45.9899163475276],[-91.3891498110834,45.9899247140694],[-91.3891864874998,45.9899565643369],[-91.3892013725841,45.9899866201976],[-91.3891718647236,45.9900206218221],[-91.3891162661941,45.9900288710108],[-91.3890712695815,45.9900226920771],[-91.3890426052391,45.990046606419],[-91.3890046882493,45.9900583538769],[-91.3889660256578,45.9900662554171],[-91.3889215123388,45.9900690559075],[-91.3888805213141,45.9900707298354],[-91.3888400647869,45.9900688867671],[-91.388804757403,45.9900558342465],[-91.388763067489,45.9900560389625],[-91.3887168680322,45.9900713221388],[-91.3886630526585,45.9900582396603],[-91.388640696286,45.990034360275],[-91.3886105119942,45.9900047457037],[-91.3885723839003,45.9899895030778],[-91.3885333314399,45.9900153878277],[-91.3884822729958,45.990022760732],[-91.3884450135728,45.990010446552],[-91.3883936128705,45.9900109308807],[-91.3883549457874,45.9900295232315],[-91.3883175623969,45.9900192000431],[-91.3882714644498,45.9900192268809],[-91.3882231000532,45.9900150264536],[-91.3881786226668,45.990008595992],[-91.3881367342251,45.9899878191612],[-91.3881041568213,45.9899683792205],[-91.3880854736601,45.9899275077014]]]},"properties":{"OBJECTID":48612,"poly_SourceOID":52918,"poly_IncidentName":"Golf","poly_FeatureCategory":"Wildfire Daily Fire Perimeter","poly_MapMethod":"Auto-generated for InFORM","poly_GISAcres":0.26455020800228873,"poly_DeleteThis":"No","poly_FeatureAccess":"Public","poly_FeatureStatus":"Approved","poly_IsVisible":"Yes","poly_CreateDate":1763500514000,"poly_DateCurrent":1763559028000,"poly_PolygonDateTime":1763500514000,"poly_IRWINID":"{68BAB1B0-2EC2-45FE-B485-CFCE44F8AC39}","poly_FORID":null,"poly_Acres_AutoCalc":0.26455021556963276,"poly_SourceGlobalID":"{2EC97AFB-1FAA-4131-9DF7-81A30BD6D71F}","poly_Source":"2025 NIFS","attr_SourceOID":38480235,"attr_ABCDMisc":null,"attr_ADSPermissionState":"DEFAULT","attr_CalculatedAcres":null,"attr_ContainmentDateTime":null,"attr_ControlDateTime":null,"attr_CreatedBySystem":"iffrs","attr_IncidentSize":0.26,"attr_DiscoveryAcres":0.01,"attr_DispatchCenterID":"WIWISC","attr_EstimatedCostToDate":null,"attr_FinalAcres":null,"attr_FFReportApprovedByTitle":null,"attr_FFReportApprovedByUnit":null,"attr_FFReportApprovedDate":null,"attr_FireBehaviorGeneral":null,"attr_FireBehaviorGeneral1":null,"attr_FireBehaviorGeneral2":null,"attr_FireBehaviorGeneral3":null,"attr_FireCause":"Human","attr_FireCauseGeneral":null,"attr_FireCauseSpecific":null,"attr_FireCode":"SEAN","attr_FireDepartmentID":null,"attr_FireDiscoveryDateTime":1763499600000,"attr_FireMgmtComplexity":null,"attr_FireOutDateTime":null,"attr_FireStrategyConfinePercent":null,"attr_FireStrategyFullSuppPrcnt":null,"attr_FireStrategyMonitorPercent":null,"attr_FireStrategyPointZonePrcnt":null,"attr_FSJobCode":null,"attr_FSOverrideCode":null,"attr_GACC":"EACC","attr_ICS209ReportDateTime":null,"attr_ICS209RptForTimePeriodFrom":null,"attr_ICS209RptForTimePeriodTo":null,"attr_ICS209ReportStatus":null,"attr_IncidentManagementOrg":null,"attr_IncidentName":"Golf","attr_IncidentShortDescription":null,"attr_IncidentTypeCategory":"WF","attr_IncidentTypeKind":"FI","attr_InitialLatitude":45.99048,"attr_InitialLongitude":-91.38607,"attr_InitialResponseAcres":null,"attr_InitialResponseDateTime":null,"attr_IrwinID":"{68BAB1B0-2EC2-45FE-B485-CFCE44F8AC39}","attr_IsFireCauseInvestigated":null,"attr_IsFireCodeRequested":0,"attr_IsFSAssisted":null,"attr_IsMultiJurisdictional":null,"attr_IsReimbursable":null,"attr_IsTrespass":null,"attr_IsUnifiedCommand":null,"attr_LocalIncidentIdentifier":"FIRE124373","attr_ModifiedBySystem":"iffrs","attr_PercentContained":null,"attr_PercentPerimToBeContained":null,"attr_POOCity":null,"attr_POOCounty":"Sawyer","attr_POODispatchCenterID":"WIWIC","attr_POOFips":"55113","attr_POOJurisdictionalAgency":null,"attr_POOJurisdictionalUnit":null,"attr_POOJurisdictUnitParentUnit":null,"attr_POOLandownerCategory":"Private","attr_POOLandownerKind":"Private","attr_POOLegalDescPrincipalMerid":null,"attr_POOLegalDescQtr":null,"attr_POOLegalDescQtrQtr":null,"attr_POOLegalDescRange":null,"attr_POOLegalDescSection":null,"attr_POOLegalDescTownship":null,"attr_POOPredictiveServiceAreaID":"EA04","attr_POOProtectingAgency":"DNR","attr_POOProtectingUnit":"WIWIS","attr_POOState":"US-WI","attr_PredominantFuelGroup":null,"attr_PredominantFuelModel":null,"attr_PrimaryFuelModel":null,"attr_SecondaryFuelModel":null,"attr_TotalIncidentPersonnel":null,"attr_UniqueFireIdentifier":"2025-WIWIS-FIRE124373","attr_FORID":null,"attr_WFDSSDecisionStatus":"No Decision","attr_EstimatedFinalCost":null,"attr_OrganizationalAssessment":null,"attr_StratDecisionPublishDate":null,"attr_CreatedOnDateTime_dt":1763500490000,"attr_ModifiedOnDateTime_dt":1764692612000,"attr_Source":"IRWIN","attr_ActiveFireCandidate":1,"attr_IsCpxChild":0,"attr_CpxName":null,"attr_CpxID":null,"attr_SourceGlobalID":"{920EA7F2-EC08-4CD0-8321-E1FA12DF9CC4}","GlobalID":"0505fb8e-f8aa-42b1-aa07-fa7fbe3ea9bb","Shape__Area":1.2432064977474511E-07,"Shape__Length":0.0024979634960885294,"attr_IncidentComplexityLevel":null}},{"type":"Feature","id":48825,"geometry":{"type":"Polygon","coordinates":[[[-84.3731198972348,30.3508077903797],[-84.3720257240659,30.3508112733497],[-84.3717950609555,30.3508120059129],[-84.3694622574352,30.3508193958864],[-84.369126333333,30.3506635892665],[-84.3681529700951,30.3500769771213],[-84.3677635558093,30.3498410959089],[-84.3667974051449,30.3492558571591],[-84.366293591306,30.3489852288978],[-84.3659243361135,30.3487868771059],[-84.3671004796537,30.3483970888139],[-84.367609351906,30.3481905502828],[-84.3687332332596,30.3477298770718],[-84.3697735434441,30.3474499837433],[-84.3714683284153,30.3469948398588],[-84.3717681564127,30.3468989183504],[-84.3720679844102,30.3468029951974],[-84.3726359694014,30.3466167837741],[-84.3732800704432,30.3464528289589],[-84.3733133278717,30.3464754967899],[-84.3733228598952,30.3465083790898],[-84.3733296870913,30.3465485012795],[-84.3733337941888,30.3465769918616],[-84.3733354192412,30.3466149658541],[-84.3733341463284,30.3466597448192],[-84.3733257659451,30.346711811717],[-84.3733132649896,30.3467436427237],[-84.3732845880708,30.3467594093788],[-84.3732577212573,30.3467751923112],[-84.3732250306658,30.3468026703757],[-84.3732167580803,30.3468262087099],[-84.3732434083999,30.3468440552954],[-84.3732478613487,30.3468467709282],[-84.3732654467687,30.3468422102465],[-84.3732723143891,30.3468616840379],[-84.3732873611701,30.3469043542642],[-84.3733168330979,30.346913204291],[-84.3733475150565,30.3469259700036],[-84.3733943568086,30.3469451143057],[-84.3734296147852,30.3469672037014],[-84.3734551808382,30.3469781297873],[-84.3734711421042,30.3469840478895],[-84.3734852007384,30.3469897628812],[-84.3735232884081,30.3470023223729],[-84.3735715486001,30.3470211573435],[-84.3735871433535,30.3470452127029],[-84.3735908030899,30.3470704479546],[-84.3735915720478,30.3470757466435],[-84.3736002776212,30.3471077023436],[-84.3736007393553,30.3471482041494],[-84.3736210861965,30.3471832909715],[-84.3736379781171,30.3472124426381],[-84.373657891072,30.3472450673148],[-84.3736610486502,30.3472805052801],[-84.3736319315569,30.347314427664],[-84.3736311176832,30.3473442351332],[-84.3736058453793,30.347374555018],[-84.3736123581651,30.3474239431296],[-84.3736017598414,30.3474511031694],[-84.3735928584353,30.3474932901733],[-84.373598630111,30.3475220936713],[-84.3735951024269,30.3475506723456],[-84.373584611901,30.3475896173169],[-84.373564733082,30.3476112840698],[-84.3735357767872,30.3476441186994],[-84.3735334465573,30.3476467606636],[-84.373510503585,30.3476742206533],[-84.3734948082203,30.3477048768829],[-84.3734730950416,30.3477293336401],[-84.3734431065825,30.3477677413105],[-84.373418778408,30.3478045992951],[-84.3733954186173,30.3478346818191],[-84.3733764408086,30.3478621541596],[-84.3733458073591,30.3478802850628],[-84.3733164710769,30.3479037347624],[-84.373294863001,30.3479290318105],[-84.3732757594282,30.3479660339256],[-84.3732736438957,30.3479939992701],[-84.3732797919655,30.3480300656686],[-84.3732824132495,30.3480349929745],[-84.373299575563,30.348067259225],[-84.3733204649866,30.3480905127491],[-84.373350291749,30.3481364042555],[-84.3733700268375,30.3481717597247],[-84.3733880973478,30.3482059887867],[-84.3734143928327,30.3482598316647],[-84.3734301304182,30.348289327983],[-84.3734563971571,30.3483279501693],[-84.3734920297312,30.3483456879504],[-84.3735248739346,30.3483569697077],[-84.3735559709148,30.3483707523187],[-84.3735815549341,30.34839244138],[-84.3736184828788,30.348420173262],[-84.373660791732,30.3484377792392],[-84.3737034895558,30.3484505687847],[-84.3737326650396,30.3484907242877],[-84.3737605765938,30.3485120753276],[-84.3737843828471,30.3485302851826],[-84.3738160251047,30.3485548991025],[-84.3738500478978,30.3485644466754],[-84.3738792629075,30.3485849728685],[-84.3739084931885,30.3485996872579],[-84.3739378258774,30.3486313781116],[-84.373964792404,30.3486512523337],[-84.3739891412397,30.3486785058341],[-84.3740176762247,30.3486990792914],[-84.3740475928186,30.3487220876971],[-84.3740820683626,30.3487368811378],[-84.3741145235955,30.3487536056381],[-84.3741484628453,30.3487518769076],[-84.3741840891311,30.3487647012967],[-84.3742203118983,30.3487843173452],[-84.3742570008911,30.3488038543178],[-84.3742743311896,30.3488330279827],[-84.3742982937498,30.3488625411831],[-84.3743331861121,30.3488866860147],[-84.3743311226819,30.3489191209811],[-84.3743599783654,30.3489378253468],[-84.3743623741723,30.3489712448178],[-84.374359316307,30.3490072891502],[-84.3743728054094,30.3490327161488],[-84.3743865927523,30.3490586400525],[-84.3744025135941,30.3490837833099],[-84.3744033840616,30.3491149918246],[-84.374400000108,30.3491365931219],[-84.3743854159593,30.3491643713057],[-84.3743804842084,30.3491993853103],[-84.3743976725731,30.3492371613815],[-84.3744016772626,30.3492726211065],[-84.3744204107295,30.3493041768556],[-84.3744312354287,30.3493416482284],[-84.3744437525539,30.3493689689798],[-84.3744535226309,30.3494016247212],[-84.3744557935719,30.3494335339245],[-84.374489468717,30.3494619686268],[-84.3745041274258,30.3494981096796],[-84.374508014436,30.3495285792877],[-84.3745280253073,30.3495619481683],[-84.3745354409,30.3495938332878],[-84.3745378663512,30.3496318983595],[-84.3745302369595,30.3496630671638],[-84.3745464192111,30.3496964220448],[-84.3745553224138,30.3497246620935],[-84.3745820338188,30.3497477911904],[-84.3746038655752,30.3497731133437],[-84.3746235305951,30.3498015146134],[-84.3746420664326,30.3498303716965],[-84.3746533465776,30.3498682126415],[-84.3746855960963,30.3498780973011],[-84.3747049035867,30.3499019457533],[-84.3747185112667,30.3499320470127],[-84.3747434592788,30.3499670088037],[-84.3747450079743,30.3500032078105],[-84.3747393944021,30.3500308353584],[-84.3747507733618,30.350044313078],[-84.3748476171393,30.3501914756082],[-84.3748653319167,30.3502654951679],[-84.3747990407403,30.3503593141274],[-84.3747283379376,30.350550404523],[-84.3746440310481,30.3506483844856],[-84.3745428627809,30.3506637474074],[-84.3745516536942,30.3508052748582],[-84.3743246188792,30.3508863629898],[-84.3743194562613,30.3508873862519],[-84.374307904825,30.3508896761885],[-84.3742335099465,30.3509053049655],[-84.3742154574025,30.3509131763301],[-84.3741902704386,30.3509340826529],[-84.3741590944067,30.3509459951231],[-84.374131469415,30.350961333967],[-84.3741324863079,30.3510048876815],[-84.3741157974066,30.3510480917625],[-84.3740962069469,30.3510891043427],[-84.3740650066604,30.3511056966575],[-84.3740063835033,30.3510934935079],[-84.373962484632,30.3510753352929],[-84.3739009751879,30.3510502336327],[-84.3738649446601,30.3510514646459],[-84.3738290363033,30.3510639081119],[-84.3737937522755,30.3510820539259],[-84.3737895122274,30.350802822903],[-84.3737121511118,30.3507904778542],[-84.373140064413,30.3508072012283],[-84.3731198972348,30.3508077903797]]]},"properties":{"OBJECTID":48825,"poly_SourceOID":53260,"poly_IncidentName":"Golden","poly_FeatureCategory":"Wildfire Daily Fire Perimeter","poly_MapMethod":"Auto-generated for InFORM","poly_GISAcres":62.401049951822863,"poly_DeleteThis":"No","poly_FeatureAccess":"Public","poly_FeatureStatus":"Approved","poly_IsVisible":"Yes","poly_CreateDate":1764277205000,"poly_DateCurrent":1764622644000,"poly_PolygonDateTime":1764277296000,"poly_IRWINID":"{1AB4F464-3A2A-4A58-AF94-EFE3753F89EF}","poly_FORID":null,"poly_Acres_AutoCalc":62.400830394179131,"poly_SourceGlobalID":"{8CB2AE1B-AE59-4B20-A9CE-6C29B3E76BA2}","poly_Source":"2025 NIFS","attr_SourceOID":38481571,"attr_ABCDMisc":null,"attr_ADSPermissionState":"DEFAULT","attr_CalculatedAcres":null,"attr_ContainmentDateTime":null,"attr_ControlDateTime":null,"attr_CreatedBySystem":"wildcade","attr_IncidentSize":62.3,"attr_DiscoveryAcres":2,"attr_DispatchCenterID":"FLFIC","attr_EstimatedCostToDate":null,"attr_FinalAcres":null,"attr_FFReportApprovedByTitle":null,"attr_FFReportApprovedByUnit":null,"attr_FFReportApprovedDate":null,"attr_FireBehaviorGeneral":null,"attr_FireBehaviorGeneral1":null,"attr_FireBehaviorGeneral2":null,"attr_FireBehaviorGeneral3":null,"attr_FireCause":"Human","attr_FireCauseGeneral":null,"attr_FireCauseSpecific":null,"attr_FireCode":"SEGG","attr_FireDepartmentID":null,"attr_FireDiscoveryDateTime":1764273250000,"attr_FireMgmtComplexity":null,"attr_FireOutDateTime":null,"attr_FireStrategyConfinePercent":null,"attr_FireStrategyFullSuppPrcnt":null,"attr_FireStrategyMonitorPercent":null,"attr_FireStrategyPointZonePrcnt":null,"attr_FSJobCode":"P8","attr_FSOverrideCode":"0805","attr_GACC":"SACC","attr_ICS209ReportDateTime":null,"attr_ICS209RptForTimePeriodFrom":null,"attr_ICS209RptForTimePeriodTo":null,"attr_ICS209ReportStatus":null,"attr_IncidentManagementOrg":null,"attr_IncidentName":"Golden","attr_IncidentShortDescription":null,"attr_IncidentTypeCategory":"WF","attr_IncidentTypeKind":"FI","attr_InitialLatitude":30.350739,"attr_InitialLongitude":-84.369498,"attr_InitialResponseAcres":null,"attr_InitialResponseDateTime":null,"attr_IrwinID":"{1AB4F464-3A2A-4A58-AF94-EFE3753F89EF}","attr_IsFireCauseInvestigated":null,"attr_IsFireCodeRequested":0,"attr_IsFSAssisted":1,"attr_IsMultiJurisdictional":null,"attr_IsReimbursable":null,"attr_IsTrespass":null,"attr_IsUnifiedCommand":null,"attr_LocalIncidentIdentifier":"003115","attr_ModifiedBySystem":"wildcade","attr_PercentContained":null,"attr_PercentPerimToBeContained":null,"attr_POOCity":null,"attr_POOCounty":"Leon","attr_POODispatchCenterID":"FLFIC","attr_POOFips":"12073","attr_POOJurisdictionalAgency":"USFS","attr_POOJurisdictionalUnit":"FLFNF","attr_POOJurisdictUnitParentUnit":null,"attr_POOLandownerCategory":"USFS","attr_POOLandownerKind":"Federal","attr_POOLegalDescPrincipalMerid":null,"attr_POOLegalDescQtr":null,"attr_POOLegalDescQtrQtr":null,"attr_POOLegalDescRange":null,"attr_POOLegalDescSection":null,"attr_POOLegalDescTownship":null,"attr_POOPredictiveServiceAreaID":"SA47","attr_POOProtectingAgency":"USFS","attr_POOProtectingUnit":"FLFNF","attr_POOState":"US-FL","attr_PredominantFuelGroup":null,"attr_PredominantFuelModel":null,"attr_PrimaryFuelModel":null,"attr_SecondaryFuelModel":null,"attr_TotalIncidentPersonnel":null,"attr_UniqueFireIdentifier":"2025-FLFNF-003115","attr_FORID":null,"attr_WFDSSDecisionStatus":"No Decision","attr_EstimatedFinalCost":null,"attr_OrganizationalAssessment":null,"attr_StratDecisionPublishDate":null,"attr_CreatedOnDateTime_dt":1764277179000,"attr_ModifiedOnDateTime_dt":1764855207000,"attr_Source":"IRWIN","attr_ActiveFireCandidate":1,"attr_IsCpxChild":0,"attr_CpxName":null,"attr_CpxID":null,"attr_SourceGlobalID":"{6A83B8DB-AD17-41A2-B776-0BB6F88E24F1}","GlobalID":"27fd7121-2645-4f85-acd6-db13835a3b22","Shape__Area":2.3692252625551191E-05,"Shape__Length":0.0230477183643862,"attr_IncidentComplexityLevel":null}},{"type":"Feature","id":48864,"geometry":{"type":"Polygon","coordinates":[[[-82.4334865009793,38.8028533625831],[-82.4333831487236,38.8028301281551],[-82.4332937040728,38.8028312255787],[-82.4331680608643,38.8028117648111],[-82.4330823873539,38.8027778121308],[-82.4329473091053,38.8027339642894],[-82.4328033566655,38.8026937254981],[-82.4327275391172,38.8027051564576],[-82.432660946356,38.8027304757124],[-82.4326071394494,38.8027241348246],[-82.4324950534361,38.8027115078129],[-82.4323916316051,38.8026847729881],[-82.4323193752695,38.8026506552325],[-82.432260255386,38.8026023749059],[-82.4322234266016,38.8025503208994],[-82.4320657079686,38.8024927481196],[-82.431877174465,38.8024600553976],[-82.4317112123053,38.8024375868582],[-82.4315993369855,38.8024354575054],[-82.4314472117665,38.8024338212372],[-82.4313855111527,38.8024800820344],[-82.4313287728457,38.8025507845805],[-82.4312899233217,38.8026212679317],[-82.4312957960018,38.8026912033507],[-82.4312882519987,38.802761303147],[-82.4312945448324,38.8028522356272],[-82.4313319333142,38.8029322860167],[-82.431351432891,38.8030125555744],[-82.4313889615824,38.8030996049613],[-82.4314306124727,38.8031691019841],[-82.4314946247539,38.8032383249865],[-82.4315182466963,38.8033010421566],[-82.4315377465947,38.8033813116723],[-82.4315434795282,38.8034442480449],[-82.43151748631,38.8034865709781],[-82.4314729736392,38.8034976175216],[-82.4313924726353,38.8034986039041],[-82.4313297206875,38.8034923720321],[-82.4312759833287,38.8034895300507],[-82.4312353827184,38.80347252563],[-82.4311673883238,38.8034278538486],[-82.4311299297317,38.8033443039039],[-82.4310917010719,38.8032222593285],[-82.4310623470437,38.8030966056565],[-82.4310201364694,38.8029991124076],[-82.4309730337261,38.8028806768548],[-82.4308951155379,38.8027871213028],[-82.4307943464223,38.8026693429846],[-82.4307119564813,38.8025758420717],[-82.4305977193553,38.8024664704547],[-82.4305113404671,38.8024097185379],[-82.4304163060672,38.8023464021904],[-82.4303207384601,38.8022564109075],[-82.4302455008535,38.8021884051377],[-82.4301414558506,38.8021007409381],[-82.4300537445882,38.8019773015195],[-82.4300182780028,38.8019088087489],[-82.4299737115781,38.8018115225164],[-82.4299286120602,38.8016875614018],[-82.4299124532573,38.8015899274281],[-82.4299062830133,38.8015655450115],[-82.4299163573594,38.8015009416809],[-82.4299694425481,38.8014558229317],[-82.4301253271644,38.8014361271568],[-82.4302411748315,38.8014035806455],[-82.4303540483214,38.8013644000874],[-82.4304155219532,38.8013125080847],[-82.4304499176921,38.8011853503389],[-82.4304389952471,38.8010654178271],[-82.4304091657497,38.8009946326932],[-82.430330288688,38.800886649432],[-82.4302719190033,38.8008095433363],[-82.4302335232381,38.8007366395787],[-82.4301637465508,38.800657449626],[-82.4300799887333,38.8005895480228],[-82.4300189121817,38.8005191452769],[-82.4299146477802,38.8004203662718],[-82.4297964023849,38.8003328755282],[-82.4296815754838,38.800274247671],[-82.4295580934623,38.8002090552607],[-82.429477443933,38.8001544558757],[-82.4294191646093,38.800081795128],[-82.4293540937024,38.7999536312013],[-82.4293035816646,38.7998430767133],[-82.429281209942,38.7997188372285],[-82.4292804532764,38.7995387470473],[-82.4292563513141,38.7994701149671],[-82.4292431678985,38.7993791148054],[-82.4292926119384,38.7992940188022],[-82.4293875061272,38.7992083666979],[-82.4295329118581,38.799233268948],[-82.4296611849812,38.7992539337777],[-82.4297950950344,38.7992723060278],[-82.4299261200769,38.7992884899858],[-82.4301112951647,38.799312904739],[-82.4302652677113,38.7993399246536],[-82.4304019742603,38.799356038519],[-82.4305238553389,38.7993412054653],[-82.4306112041054,38.7993045606626],[-82.4306665055469,38.7992282861592],[-82.4307270435917,38.7991297130018],[-82.4307251320078,38.7990341280729],[-82.4307029803935,38.7989210034129],[-82.430655485503,38.7988193063507],[-82.4306027095698,38.7987376849849],[-82.4304935214244,38.798676765399],[-82.4304500676613,38.7986350519138],[-82.4304397679776,38.7985462400251],[-82.4304726552831,38.7984858041954],[-82.4305457555477,38.7984471104564],[-82.4306248036562,38.7984216845368],[-82.4307003442966,38.7983629497675],[-82.4307617262489,38.7983066117995],[-82.4308255041346,38.7982280099551],[-82.4309228799913,38.7981245386159],[-82.4309474227622,38.7980730986578],[-82.4309316636834,38.7979954709272],[-82.4308729401507,38.7979005818174],[-82.4308541627819,38.7978140972399],[-82.430835923812,38.7977561149775],[-82.4309086077072,38.7977265539336],[-82.4310217988297,38.7976869397351],[-82.4311026222502,38.7976572788699],[-82.4312481806906,38.7976077110153],[-82.4313977450361,38.7975549082513],[-82.4315434305072,38.7975117097702],[-82.4316886696687,38.797446217042],[-82.4318697720578,38.797342056817],[-82.4320478240746,38.7972889040704],[-82.4321769105729,38.7972299800285],[-82.4323625278284,38.7971480632323],[-82.4324632527197,38.7970958578933],[-82.4325717982072,38.7970276283311],[-82.4327005649083,38.7969527793959],[-82.4328371520058,38.7968619061676],[-82.4329663646433,38.7968093510072],[-82.4330753557597,38.7967634150492],[-82.4331891182898,38.7967524625835],[-82.4332908628443,38.7967512143918],[-82.4333882823838,38.7967372765846],[-82.4334690399012,38.7967044292515],[-82.4335736416724,38.7966426184486],[-82.4336418705866,38.7965939964925],[-82.433701704588,38.7965327349267],[-82.433781568196,38.7964552992796],[-82.4338337092218,38.7964164315931],[-82.4339101410909,38.7963708944542],[-82.4339660325846,38.796316052438],[-82.4339686342163,38.7962427506048],[-82.4339674214221,38.7961822381809],[-82.4339782263719,38.7961120213054],[-82.4340011766916,38.7960384697045],[-82.4340001553752,38.7959875118728],[-82.4340388738988,38.7958882815341],[-82.4340664683316,38.7958433437462],[-82.4341062719096,38.7957982560822],[-82.4341586038028,38.7957689428521],[-82.4342269591774,38.7957266902994],[-82.4342874942531,38.7957004619553],[-82.4343726391413,38.79568348838],[-82.4344338764836,38.7956922934666],[-82.4344950499865,38.795697913657],[-82.434556415067,38.7957130884067],[-82.4346299254775,38.7957249283356],[-82.4347072501803,38.7957239787855],[-82.4347720463872,38.7957072548069],[-82.4348771565287,38.7956709217837],[-82.4348851113567,38.7957310562148],[-82.4350471214065,38.7957463562108],[-82.4352091514567,38.7957685562079],[-82.4353661315047,38.7957776762028],[-82.4355260815535,38.7957880061977],[-82.4356480315898,38.7957837961917],[-82.43575348772,38.7957270541573],[-82.4359308295931,38.7956388621264],[-82.4363564917797,38.7954608360978],[-82.4365142518271,38.7954578160903],[-82.4367056718813,38.7954108460728],[-82.4368679319239,38.7953241760488],[-82.4370818919849,38.7952774660302],[-82.4371894820122,38.7952078660122],[-82.437259602029,38.7951470159972],[-82.4374139320697,38.7950668359747],[-82.4375370221007,38.7949849459534],[-82.4377382821514,38.7948462059177],[-82.4378752777467,38.7947611935898],[-82.4382890522907,38.7944771158216],[-82.4383217598281,38.7944928501316],[-82.4383495743032,38.7945125348198],[-82.4383701076758,38.7945337396522],[-82.438392411028,38.794552061672],[-82.4384220242627,38.7945702936878],[-82.4384609186104,38.7945955639666],[-82.4384887044115,38.7946138184652],[-82.438531253745,38.7946390437175],[-82.4385681481763,38.7946557555332],[-82.4386050713791,38.7946738974913],[-82.4386621830443,38.7946960823617],[-82.438746793085,38.7947222200939],[-82.4388021636345,38.7947487178622],[-82.4388610453716,38.7947680198181],[-82.4389143871996,38.7947845289583],[-82.4389642466755,38.7948096640162],[-82.4390194447939,38.794827580753],[-82.439067361806,38.794847017658],[-82.4391078538861,38.7948608239696],[-82.4391945794157,38.7949012404001],[-82.4392610877288,38.7949361837951],[-82.4393202861971,38.7949712172075],[-82.4393592098451,38.7949979173293],[-82.4394109834135,38.7950273201367],[-82.4394833771989,38.7950822180074],[-82.4395206461259,38.7951175215122],[-82.4395854999621,38.7951610681544],[-82.4396357340133,38.7952047949133],[-82.4396895655407,38.7952456163015],[-82.4397452821703,38.79528927545],[-82.4397955451883,38.7953344322891],[-82.439853118219,38.7953794990146],[-82.4399070363456,38.7954246107572],[-82.439964667084,38.7954725377313],[-82.4400351766862,38.7955245974568],[-82.4400924621706,38.7955553625235],[-82.4401812468751,38.7956071968899],[-82.4402220850454,38.7956381646404],[-82.4402518143434,38.7956621167844],[-82.4402963075653,38.7956930394492],[-82.4403444270266,38.795722486882],[-82.4403779265567,38.7957521145437],[-82.4404260748829,38.7957829920943],[-82.4404871309084,38.7958194325073],[-82.4405168315764,38.795841954427],[-82.4405539574376,38.7958701068154],[-82.4406021347142,38.7959024144428],[-82.440657766021,38.795941782672],[-82.4407024035796,38.7959798559384],[-82.4407450984886,38.7960122311123],[-82.4407805122218,38.7960461265726],[-82.440827035016,38.7960870375563],[-82.4408606213199,38.7961209555288],[-82.4408924377528,38.7961577563355],[-82.4409278804309,38.7961930819004],[-82.4409727199142,38.7962411661247],[-82.4410228691607,38.7962806017906],[-82.4410636216639,38.7963072787711],[-82.4410988052479,38.7963297329075],[-82.4411544659673,38.7963705310381],[-82.4412136089252,38.7964027031373],[-82.4412708668039,38.796432037446],[-82.4413060793237,38.7964559216693],[-82.4413507175489,38.7964939946719],[-82.4413769366086,38.796525142367],[-82.4414202084005,38.7965861203246],[-82.4414583146604,38.7966628975842],[-82.4414906791145,38.7967268711059],[-82.4415267851167,38.7967950899743],[-82.4415628911897,38.7968633088296],[-82.4416002773438,38.7969043322314],[-82.441641260958,38.7969424502132],[-82.4416805323622,38.7969863113397],[-82.4417603264472,38.7970454079575],[-82.4418068792781,38.7970877486728],[-82.4418717362901,38.7971312939704],[-82.441951617166,38.7971946809053],[-82.442053659193,38.7972692383017],[-82.4421463043033,38.7973310370373],[-82.4422713379294,38.7974241298165],[-82.4423470123986,38.7974757600793],[-82.4423984350424,38.7975173066039],[-82.4424490156083,38.7975582145576],[-82.4424895690527,38.7975953526285],[-82.4425418078425,38.7976362400664],[-82.4425771384748,38.7976611126486],[-82.4426488643553,38.7977225256356],[-82.4427095247552,38.7977697984465],[-82.4427643948972,38.7978177916768],[-82.4428223327591,38.7978534170481],[-82.4428603601291,38.7978886393497],[-82.4429059537683,38.7979289597453],[-82.4429464029795,38.7979609073837],[-82.443011998895,38.7980061722402],[-82.4430431453015,38.7980291495264],[-82.4430950837322,38.7980551146967],[-82.4431412056711,38.7980805027493],[-82.4431889988568,38.7981065190824],[-82.4432300417763,38.7981267782857],[-82.4432593207667,38.7981393954709],[-82.4433077991233,38.7981582649013],[-82.443344552806,38.798171438665],[-82.4433746478094,38.7981833967951],[-82.443442391055,38.7982117623198],[-82.4434849744223,38.7982261618994],[-82.4435544282443,38.7982571020005],[-82.4436205789555,38.7982887318204],[-82.4436731897412,38.7983069010886],[-82.4437302470094,38.7983399411051],[-82.4437933303766,38.7983839386751],[-82.4438622958521,38.7984317571796],[-82.4439579618091,38.7984876819086],[-82.4439974910696,38.7985150979345],[-82.4440404544916,38.7985483119978],[-82.4440924984205,38.7985794669681],[-82.4441730712506,38.7986271418056],[-82.444242774601,38.7986704083484],[-82.4443066745448,38.7987137465954],[-82.444358731807,38.7987455502241],[-82.4444159862216,38.798788321626],[-82.4444614110162,38.79882020721],[-82.4445184690533,38.7988532468239],[-82.4445680130936,38.7988837835437],[-82.4446302028749,38.7989245469788],[-82.444677168084,38.7989505729302],[-82.444737647431,38.7989887616809],[-82.4447789140257,38.7990200496169],[-82.4448192729664,38.7990474550975],[-82.4448614211171,38.7990813278781],[-82.4449127939558,38.7991202781057],[-82.444970864971,38.7991623901846],[-82.4450198293288,38.7992052638187],[-82.4450781363687,38.7992590539195],[-82.4451254295985,38.7993012992345],[-82.4451712482148,38.7993526479901],[-82.4452170518436,38.7993950414823],[-82.4452433299455,38.7994232699454],[-82.4452707255004,38.7994657613504],[-82.4453131624753,38.7995139071613],[-82.4453566120969,38.7995711256463],[-82.445419429507,38.7996429004154],[-82.4454457995422,38.7996756703023],[-82.4454722089286,38.7997103865285],[-82.445503619049,38.7997463387616],[-82.4455367660226,38.7997861631599],[-82.4455463840917,38.7998107040278],[-82.4455142203029,38.7998195382779],[-82.4455002963216,38.7998281468363],[-82.4454690140374,38.7998395659436],[-82.4454374948243,38.799849216555],[-82.4453957048113,38.7998428165557],[-82.4453684848032,38.7998455265572],[-82.445337944795,38.799857786561],[-82.4453143447891,38.7998749965654],[-82.4452908547838,38.7999011065714],[-82.4452791347819,38.7999226665761],[-82.4452536747755,38.7999387465805],[-82.4452180947657,38.7999529265846],[-82.4451829647564,38.7999696365896],[-82.4451519647481,38.7999844565938],[-82.445126984741,38.7999891565959],[-82.4450967847326,38.7999999265991],[-82.4450689747251,38.8000115166027],[-82.4450469147192,38.8000217966056],[-82.4450270347139,38.8000316166085],[-82.4450185647128,38.8000506666125],[-82.4450016047089,38.8000688266169],[-82.4449878147059,38.8000840966203],[-82.4449690847015,38.8001012766245],[-82.4449474046958,38.8001147966281],[-82.4449200746882,38.8001211066306],[-82.4448947046808,38.8001244966324],[-82.4448607546713,38.8001341866357],[-82.4448331246634,38.800140046638],[-82.4448042446557,38.8001540766421],[-82.4447714446471,38.800172366647],[-82.44474454464,38.8001857966508],[-82.4447228046345,38.8002020466549],[-82.4447030846294,38.8002120566578],[-82.4446778146225,38.8002220166608],[-82.4446470646142,38.8002355266649],[-82.4446002046017,38.8002571266711],[-82.4445802245966,38.8002711566746],[-82.4445589445909,38.8002806566774],[-82.4445306945821,38.8002755166776],[-82.4445024845732,38.8002706266779],[-82.4444706445634,38.8002658466784],[-82.4444417545545,38.8002640866795],[-82.4444080045442,38.8002619166803],[-82.4443784545354,38.8002628266819],[-82.4443438545244,38.8002542366817],[-82.4443093145133,38.8002443066814],[-82.4442889845056,38.8002220966778],[-82.4442670544974,38.8001999366744],[-82.4442334544866,38.8001904866741],[-82.4442088044785,38.8001806966733],[-82.4441880644713,38.8001675266716],[-82.4441512344598,38.8001605466719],[-82.4441240344513,38.8001579666726],[-82.4440936144415,38.8001496966724],[-82.4440625344324,38.800151046674],[-82.4440348444238,38.8001463966742],[-82.4440083244152,38.8001380666737],[-82.4439818644067,38.8001298366733],[-82.4439519143968,38.8001173966722],[-82.4439265243891,38.8001189266736],[-82.4439029843824,38.8001238966757],[-82.4438689843723,38.8001245866773],[-82.4438382943637,38.8001341266804],[-82.443809054355,38.8001359066821],[-82.4437742943445,38.800133336683],[-82.4437478943355,38.8001189266815],[-82.4437311943291,38.8001006466787],[-82.4437151043226,38.8000766266746],[-82.4436681543065,38.8000490766714],[-82.4436410742974,38.8000354766698],[-82.4436221442908,38.8000225966682],[-82.4435986242834,38.8000185066685],[-82.4435675042739,38.8000166766695],[-82.443540454265,38.8000055066684],[-82.4435177842573,38.799992876667],[-82.4434298933975,38.799930636],[-82.4433980243136,38.7999030268246],[-82.4433476316941,38.7998441432005],[-82.4431937472565,38.7997550347817],[-82.4430620820961,38.7996586509672],[-82.4429314054693,38.7996112599196],[-82.4427918555698,38.7995674786753],[-82.4426342766672,38.7995169191642],[-82.4424320484978,38.7994704110922],[-82.442215628538,38.7993855738326],[-82.4419954424651,38.799335786321],[-82.4418514921823,38.7992955586246],[-82.4417118024778,38.7992447770702],[-82.4415587675166,38.7991976603866],[-82.4413878448047,38.7991507641992],[-82.4412528391847,38.7991104254001],[-82.4410548735048,38.7990533612386],[-82.4408976493175,38.7990202968249],[-82.4407628556349,38.7989904559431],[-82.4405386929966,38.7989652172796],[-82.4403106221636,38.798968029308],[-82.4401761105954,38.7989521857386],[-82.4400335004212,38.7989784462518],[-82.4399178628911,38.7990113748841],[-82.4397892318771,38.7990654657436],[-82.4396913411857,38.7990911747006],[-82.4395665480739,38.7991137147108],[-82.4394599244916,38.7991500321866],[-82.4393756607631,38.7991860740797],[-82.4392558321964,38.799233055167],[-82.4391225874715,38.7992802013999],[-82.4390342737704,38.7993372951443],[-82.4389553966665,38.7994187751657],[-82.4388672234309,38.7994828677899],[-82.4387923253233,38.7995397961206],[-82.438739646437,38.7995894500349],[-82.4386245702821,38.7996503734225],[-82.4384957260088,38.7996939643888],[-82.4383137097335,38.7997627124339],[-82.4381762024008,38.7998204111767],[-82.4380215804812,38.7999168244714],[-82.4378759725757,38.8000166269873],[-82.437788430633,38.8001122143423],[-82.4377053605184,38.8002077465996],[-82.4376622574655,38.8002887854952],[-82.4376237670411,38.8003767683481],[-82.4376218970569,38.8005063049623],[-82.4375790750393,38.8006013418372],[-82.4375364638808,38.8007068772035],[-82.4374896617875,38.8008264655915],[-82.4374153940422,38.8009148885943],[-82.4373280613527,38.8010209741296],[-82.4371868520636,38.8011172213052],[-82.4371173369867,38.8012195871204],[-82.4369825674895,38.8014137651162],[-82.4368699471395,38.8015971694338],[-82.4367740902466,38.8017243616001],[-82.4366608363411,38.8018762702014],[-82.4365911792373,38.8019716367133],[-82.4364856039711,38.8020604441112],[-82.4363842898157,38.8021386979212],[-82.4362465655558,38.8021858959768],[-82.436091795428,38.8022753078196],[-82.4359904102822,38.8023500617957],[-82.4358892356652,38.8024353141979],[-82.4357933056836,38.8025590060926],[-82.4356831861059,38.802644368253],[-82.4355688749716,38.8027437832859],[-82.4354852370703,38.8028113180052],[-82.4354238899432,38.8028750784096],[-82.4354113861713,38.8029207368157],[-82.4354129311205,38.8029977259057],[-82.4353474626403,38.8030790387435],[-82.4352510393554,38.8031782336849],[-82.4351234504294,38.8032848121433],[-82.4350174501715,38.8033526212401],[-82.4349164835931,38.8034483713481],[-82.4347974872558,38.8035373420761],[-82.4346822609927,38.8035912627154],[-82.4345630535687,38.8036697346977],[-82.4344796943647,38.8037512667454],[-82.4344100325636,38.8038466320171],[-82.434348683601,38.803910391881],[-82.4343276554233,38.8039771570326],[-82.4342750403741,38.8040303085232],[-82.4341857345931,38.8040384056686],[-82.4341352762493,38.8039760185162],[-82.4340890096428,38.8038995784163],[-82.4340247136458,38.8038163588796],[-82.4340128925593,38.8036729889401],[-82.4340155407257,38.8035819468904],[-82.4340760477864,38.8034761931279],[-82.4340923933159,38.8033989843976],[-82.4341039157416,38.8033043330365],[-82.4340976894442,38.8032169002893],[-82.4340686107991,38.8031052454974],[-82.4338867745327,38.8029604620704],[-82.4337744073806,38.8029338382722],[-82.4336753868794,38.8029035502055],[-82.4335898532996,38.8028765969184],[-82.4334865009793,38.8028533625831]]]},"properties":{"OBJECTID":48864,"poly_SourceOID":53381,"poly_IncidentName":"Sunny Oaks Unit 11 RX","poly_FeatureCategory":"Prescribed Fire","poly_MapMethod":"Hand Sketch","poly_GISAcres":162.5,"poly_DeleteThis":"No","poly_FeatureAccess":"Public","poly_FeatureStatus":"Approved","poly_IsVisible":"Yes","poly_CreateDate":1764605270000,"poly_DateCurrent":1764605270000,"poly_PolygonDateTime":1764605269000,"poly_IRWINID":"{7D516C8C-B8B2-4C4C-BCC1-C1C162865098}","poly_FORID":null,"poly_Acres_AutoCalc":162.50202956333015,"poly_SourceGlobalID":"{09D683AA-FCB9-4812-91D0-4617EC7B18BA}","poly_Source":"2025 NIFS","attr_SourceOID":38396112,"attr_ABCDMisc":null,"attr_ADSPermissionState":"DEFAULT","attr_CalculatedAcres":null,"attr_ContainmentDateTime":null,"attr_ControlDateTime":null,"attr_CreatedBySystem":"wildcade","attr_IncidentSize":162.4,"attr_DiscoveryAcres":1,"attr_DispatchCenterID":"PAMACC","attr_EstimatedCostToDate":null,"attr_FinalAcres":null,"attr_FFReportApprovedByTitle":null,"attr_FFReportApprovedByUnit":null,"attr_FFReportApprovedDate":null,"attr_FireBehaviorGeneral":null,"attr_FireBehaviorGeneral1":null,"attr_FireBehaviorGeneral2":null,"attr_FireBehaviorGeneral3":null,"attr_FireCause":"Human","attr_FireCauseGeneral":null,"attr_FireCauseSpecific":null,"attr_FireCode":null,"attr_FireDepartmentID":null,"attr_FireDiscoveryDateTime":1741621080000,"attr_FireMgmtComplexity":null,"attr_FireOutDateTime":null,"attr_FireStrategyConfinePercent":null,"attr_FireStrategyFullSuppPrcnt":null,"attr_FireStrategyMonitorPercent":null,"attr_FireStrategyPointZonePrcnt":null,"attr_FSJobCode":null,"attr_FSOverrideCode":null,"attr_GACC":"EACC","attr_ICS209ReportDateTime":null,"attr_ICS209RptForTimePeriodFrom":null,"attr_ICS209RptForTimePeriodTo":null,"attr_ICS209ReportStatus":null,"attr_IncidentManagementOrg":null,"attr_IncidentName":"Sunny Oaks Unit 11 RX","attr_IncidentShortDescription":null,"attr_IncidentTypeCategory":"RX","attr_IncidentTypeKind":"FI","attr_InitialLatitude":38.797778,"attr_InitialLongitude":-82.438889,"attr_InitialResponseAcres":null,"attr_InitialResponseDateTime":null,"attr_IrwinID":"{7D516C8C-B8B2-4C4C-BCC1-C1C162865098}","attr_IsFireCauseInvestigated":null,"attr_IsFireCodeRequested":0,"attr_IsFSAssisted":1,"attr_IsMultiJurisdictional":null,"attr_IsReimbursable":null,"attr_IsTrespass":null,"attr_IsUnifiedCommand":null,"attr_LocalIncidentIdentifier":"000123","attr_ModifiedBySystem":"INFORM_Inspector","attr_PercentContained":null,"attr_PercentPerimToBeContained":null,"attr_POOCity":null,"attr_POOCounty":"Gallia","attr_POODispatchCenterID":"PAMACC","attr_POOFips":"39053","attr_POOJurisdictionalAgency":"USFS","attr_POOJurisdictionalUnit":"OHWAF","attr_POOJurisdictUnitParentUnit":null,"attr_POOLandownerCategory":"USFS","attr_POOLandownerKind":"Federal","attr_POOLegalDescPrincipalMerid":null,"attr_POOLegalDescQtr":null,"attr_POOLegalDescQtrQtr":null,"attr_POOLegalDescRange":null,"attr_POOLegalDescSection":null,"attr_POOLegalDescTownship":null,"attr_POOPredictiveServiceAreaID":"EA16","attr_POOProtectingAgency":"USFS","attr_POOProtectingUnit":"OHWAF","attr_POOState":"US-OH","attr_PredominantFuelGroup":null,"attr_PredominantFuelModel":null,"attr_PrimaryFuelModel":null,"attr_SecondaryFuelModel":null,"attr_TotalIncidentPersonnel":null,"attr_UniqueFireIdentifier":"2025-OHWAF-000123","attr_FORID":null,"attr_WFDSSDecisionStatus":"No Decision","attr_EstimatedFinalCost":null,"attr_OrganizationalAssessment":null,"attr_StratDecisionPublishDate":null,"attr_CreatedOnDateTime_dt":1741694118000,"attr_ModifiedOnDateTime_dt":1764605271000,"attr_Source":"IRWIN","attr_ActiveFireCandidate":1,"attr_IsCpxChild":0,"attr_CpxName":null,"attr_CpxID":null,"attr_SourceGlobalID":"{00C81772-44B9-4E43-BF3B-5375BD9111CE}","GlobalID":"64e7c309-2c55-47e6-98c9-799a1d694716","Shape__Area":6.8192221533536213E-05,"Shape__Length":0.045974655059520045,"attr_IncidentComplexityLevel":null}}]}