{
  "type" : "FeatureCollection", 
  "features" : [
    {
      "type" : "Feature", 
      "id" : 1, 
      "geometry" : 
      {
        "type" : "Polygon", 
        "coordinates" : 
        [
          [
            [-126.394460535925, 55.3232895381817], 
            [-126.416970566738, 55.3232895381817], 
            [-126.416970566738, 55.345799568995], 
            [-126.394460535925, 55.345799568995], 
            [-126.394460535925, 55.3232895381817]
          ]
        ]
      }, 
      "properties" : {
        "OBJECTID" : 1, 
        "Id" : 1, 
        "gridcode" : 1, 
        "Unixtime" : 1791626400, 
        "Timestamp" : 1791626400000, 
        "Shape__Area" : 11039450.25, 
        "Shape__Length" : 13822.710557661951
      }
    }, 
    {
      "type" : "Feature", 
      "id" : 2, 
      "geometry" : 
      {
        "type" : "Polygon", 
        "coordinates" : 
        [
          [
            [-101.750302534434, 53.7928772394931], 
            [-102.095633206907, 53.8041007786281], 
            [-102.268995517729, 53.8444353723946], 
            [-102.536993487459, 53.9942174591685], 
            [-102.762363592206, 54.2479252015869], 
            [-102.861181098629, 54.504771577946], 
            [-102.881649668397, 54.8482406537833], 
            [-102.806790101282, 55.0906708977438], 
            [-102.705796235508, 55.2641501204318], 
            [-102.546463348605, 55.4424676957277], 
            [-102.349988461198, 55.5639301312706], 
            [-102.185034811507, 55.6231145151228], 
            [-101.931974580962, 55.6680896106471], 
            [-101.653616421261, 55.6161267828248], 
            [-101.423345011363, 55.5104474491905], 
            [-101.182380662338, 55.2951407581395], 
            [-101.051493331752, 55.0542753345392], 
            [-100.999629429355, 54.8606423047986], 
            [-100.986364429175, 54.6381140577177], 
            [-101.047985975772, 54.3732906948098], 
            [-101.19140086246, 54.1269483999488], 
            [-101.406437756897, 53.9393947872397], 
            [-101.515957195668, 53.8798776542304], 
            [-101.636511315944, 53.8366292570346], 
            [-101.73968154107, 53.8047662769422], 
            [-101.750302534434, 53.7928772394931]
          ]
        ]
      }, 
      "properties" : {
        "OBJECTID" : 2, 
        "Id" : 2, 
        "gridcode" : 1, 
        "Unixtime" : 1791626400, 
        "Timestamp" : 1791626400000, 
        "Shape__Area" : 59378704168.210938, 
        "Shape__Length" : 914602.17555570148
      }
    }, 
    {
      "type" : "Feature", 
      "id" : 3, 
      "geometry" : 
      {
        "type" : "Polygon", 
        "coordinates" : 
        [
          [
            [-127.204686746896, 53.6353340034616], 
            [-127.38862508498, 53.6510361663861], 
            [-127.427601702457, 53.7359681404174], 
            [-127.467666499609, 53.9930933066109], 
            [-127.462189628349, 54.0850669722631], 
            [-127.415739644669, 54.2145153875751], 
            [-127.192168184014, 54.3767710711281], 
            [-127.044589436253, 54.4911378557276], 
            [-126.867225142326, 54.7442880184773], 
            [-126.761923523951, 55.0324847613628], 
            [-126.706615218118, 55.4459660584869], 
            [-126.473870672593, 55.3564205623592], 
            [-126.416970566738, 55.345799568995], 
            [-126.416970566738, 55.3232895381817], 
            [-126.394460535925, 55.3232895381817], 
            [-126.382373647626, 55.3128753888882], 
            [-126.094140931858, 55.2053884179412], 
            [-126.079383057082, 55.1882563329635], 
            [-126.092818928451, 54.9502417602491], 
            [-126.270255168141, 54.0062593813655], 
            [-126.361131660897, 53.5344930224351], 
            [-126.371959498332, 53.4552897298373], 
            [-126.482818926952, 53.4794724996562], 
            [-126.859086277809, 53.5481087582127], 
            [-127.142426681646, 53.6124732370503], 
            [-127.204686746896, 53.6353340034616]
          ]
        ]
      }, 
      "properties" : {
        "OBJECTID" : 3, 
        "Id" : 3, 
        "gridcode" : 2, 
        "Unixtime" : 1791626400, 
        "Timestamp" : 1791626400000, 
        "Shape__Area" : 34703659314.039063, 
        "Shape__Length" : 906943.9696537914
      }
    }, 
    {
      "type" : "Feature", 
      "id" : 4, 
      "geometry" : 
      {
        "type" : "Polygon", 
        "coordinates" : 
        [
          [
            [-126.416970566738, 55.345799568995], 
            [-126.473870672593, 55.3564205623592], 
            [-126.706615218118, 55.4459660584869], 
            [-126.761923523951, 55.0324847613628], 
            [-126.867225142326, 54.7442880184773], 
            [-127.044589436253, 54.4911378557276], 
            [-127.192168184014, 54.3767710711281], 
            [-127.415739644669, 54.2145153875751], 
            [-127.462189628349, 54.0850669722631], 
            [-127.467666499609, 53.9930933066109], 
            [-127.427601702457, 53.7359681404174], 
            [-127.38862508498, 53.6510361663861], 
            [-127.204686746896, 53.6353340034616], 
            [-127.220613740332, 53.6175094405083], 
            [-127.419121095562, 53.5346908732853], 
            [-127.935502821198, 53.2858574563566], 
            [-128.148057586788, 53.1971843026136], 
            [-128.415048315827, 53.1350681288911], 
            [-128.744946621989, 53.1547273088183], 
            [-128.946934353538, 53.2272036725116], 
            [-129.05707432452, 53.2870535546779], 
            [-129.212297309673, 53.407346871561], 
            [-129.307418602486, 53.5138086153754], 
            [-129.429762373635, 53.706173601031], 
            [-129.529263364812, 53.9649984858915], 
            [-129.555937256699, 54.387562935681], 
            [-129.478388716666, 54.7248626622821], 
            [-129.330612118055, 54.9968086557949], 
            [-129.128129759381, 55.221603194432], 
            [-128.85543732857, 55.3950284577972], 
            [-128.535845253056, 55.4937200591335], 
            [-128.003014927197, 55.6039859352028], 
            [-127.610739643919, 55.6899701160281], 
            [-127.353542531962, 55.7300439064012], 
            [-127.074473907844, 55.7134154417693], 
            [-126.782562964909, 55.6352283830835], 
            [-126.543559137944, 55.4874787641338], 
            [-126.416970566738, 55.345799568995]
          ]
        ]
      }, 
      "properties" : {
        "OBJECTID" : 4, 
        "Id" : 4, 
        "gridcode" : 1, 
        "Unixtime" : 1791626400, 
        "Timestamp" : 1791626400000, 
        "Shape__Area" : 112457419336.82031, 
        "Shape__Length" : 1422309.6462415603
      }
    }, 
    {
      "type" : "Feature", 
      "id" : 5, 
      "geometry" : 
      {
        "type" : "Polygon", 
        "coordinates" : 
        [
          [
            [-77.6012752786311, 52.735094648899], 
            [-77.9262632864215, 52.7499514491002], 
            [-78.1594574929688, 52.848085470768], 
            [-78.3487917633291, 52.986958781123], 
            [-78.4684735412209, 53.1340249153177], 
            [-78.5534954474569, 53.294688798849], 
            [-78.6019868921813, 53.47974229627], 
            [-78.6115197058697, 53.7202839639339], 
            [-78.5610407594235, 53.9322002108711], 
            [-78.4103323709421, 54.1999283839878], 
            [-78.1995672562238, 54.3780301219926], 
            [-77.9782081278028, 54.474635296182], 
            [-77.7070805173519, 54.5150688153736], 
            [-77.4599648055313, 54.4678903808365], 
            [-77.3124040442112, 54.3982468815884], 
            [-77.1684045981936, 54.3052569820242], 
            [-76.9712282395915, 54.0779083687762], 
            [-76.8715024179022, 53.8351363824382], 
            [-76.8568074956693, 53.4644358350458], 
            [-76.931127469557, 53.2297037877997], 
            [-77.0184786198923, 53.0944277656289], 
            [-77.1772899000088, 52.9230349700879], 
            [-77.3408046344263, 52.8229134466983], 
            [-77.489255724572, 52.7708786731123], 
            [-77.5904564344169, 52.7467768422775], 
            [-77.6012752786311, 52.735094648899]
          ]
        ]
      }, 
      "properties" : {
        "OBJECTID" : 5, 
        "Id" : 5, 
        "gridcode" : 1, 
        "Unixtime" : 1791626400, 
        "Timestamp" : 1791626400000, 
        "Shape__Area" : 51041356337.644531, 
        "Shape__Length" : 846765.04774312372
      }
    }, 
    {
      "type" : "Feature", 
      "id" : 6, 
      "geometry" : 
      {
        "type" : "Polygon", 
        "coordinates" : 
        [
          [
            [-60.3391123601472, 52.4875292760553], 
            [-60.5607053123003, 52.5106148729781], 
            [-60.7222055653345, 52.5604912736534], 
            [-60.9253983884248, 52.689714858454], 
            [-61.0647213598028, 52.869498328685], 
            [-61.1562183847706, 53.089490487596], 
            [-61.170571564626, 53.3302479925509], 
            [-61.1212707300601, 53.5421372598267], 
            [-61.0600808580451, 53.6754617531575], 
            [-60.9298949986552, 53.834938531588], 
            [-60.7417208537344, 53.9807725945797], 
            [-60.5092640912647, 54.0496067039863], 
            [-60.3066108614021, 54.0616845990651], 
            [-60.0898562618569, 54.0112506187211], 
            [-59.9256310630231, 53.9156436920028], 
            [-59.7770270881296, 53.7828677851203], 
            [-59.9467921107673, 53.751184669437], 
            [-59.9432577751261, 53.6918384076165], 
            [-60.01340489472, 53.6472230409107], 
            [-60.0346468814483, 53.6234539592329], 
            [-60.0591264275425, 53.6015824470724], 
            [-60.0332978983793, 53.5785058433701], 
            [-60.035986871297, 53.533494774964], 
            [-60.0121368506351, 53.5121898356924], 
            [-59.9811552061478, 53.4446687364731], 
            [-59.9659296839077, 53.4921439472854], 
            [-59.9695629449739, 53.5531089887889], 
            [-59.8552321332563, 53.5599168566776], 
            [-59.7764605152405, 53.5552223955972], 
            [-59.6813662020885, 53.5608881244875], 
            [-59.6339359573785, 53.5185210628968], 
            [-59.6122892757294, 53.1552399223846], 
            [-59.713912666936, 52.8908752137202], 
            [-59.8524082620316, 52.7133130689431], 
            [-60.0744598684281, 52.5582159888769], 
            [-60.2146911550727, 52.5206513070123], 
            [-60.3284913667831, 52.499409320284], 
            [-60.3391123601472, 52.4875292760553]
          ]
        ]
      }, 
      "properties" : {
        "OBJECTID" : 6, 
        "Id" : 6, 
        "gridcode" : 1, 
        "Unixtime" : 1791626400, 
        "Timestamp" : 1791626400000, 
        "Shape__Area" : 38270787279.941406, 
        "Shape__Length" : 839189.95591875073
      }
    }, 
    {
      "type" : "Feature", 
      "id" : 7, 
      "geometry" : 
      {
        "type" : "Polygon", 
        "coordinates" : 
        [
          [
            [-90.1146580650176, 50.2369218964284], 
            [-90.3651102616292, 50.255025249216], 
            [-90.5308283350595, 50.3061966736377], 
            [-90.7052518458959, 50.3862453289589], 
            [-90.9032735672213, 50.5299659851422], 
            [-91.0800173289365, 50.7377273642266], 
            [-91.2238009376631, 51.0547563719091], 
            [-91.2482535040959, 51.4650450757697], 
            [-91.1509378654901, 51.7802034935964], 
            [-91.0172986094432, 51.990330089662], 
            [-90.764355290764, 52.215007716433], 
            [-90.5256032739719, 52.3143108567607], 
            [-90.29720245393, 52.3631080709808], 
            [-90.0022877753605, 52.3308943552903], 
            [-89.7653254094401, 52.2398020252434], 
            [-89.5229221451409, 52.0507285582764], 
            [-89.3989146282075, 51.8731933931606], 
            [-89.3464301935985, 51.7766151986326], 
            [-89.2739538299053, 51.5746184738636], 
            [-89.2511380295963, 51.1918760042743], 
            [-89.3410792274244, 50.9006035799913], 
            [-89.3930780281285, 50.7873159818471], 
            [-89.5271039926551, 50.5765778467902], 
            [-89.7800473113343, 50.3518912267988], 
            [-89.9659191918172, 50.2745855037181], 
            [-90.1040370716535, 50.2488019406571], 
            [-90.1146580650176, 50.2369218964284]
          ]
        ]
      }, 
      "properties" : {
        "OBJECTID" : 7, 
        "Id" : 7, 
        "gridcode" : 1, 
        "Unixtime" : 1791626400, 
        "Timestamp" : 1791626400000, 
        "Shape__Area" : 65183877902.964844, 
        "Shape__Length" : 956942.73689875018
      }
    }, 
    {
      "type" : "Feature", 
      "id" : 8, 
      "geometry" : 
      {
        "type" : "Polygon", 
        "coordinates" : 
        [
          [
            [-67.2484777350593, 49.4041946478648], 
            [-67.3010251222116, 49.4528839434393], 
            [-67.390075991214, 49.6696745158663], 
            [-67.4372094596488, 49.8495479183019], 
            [-67.4773102296833, 50.1571520309416], 
            [-67.4311030629559, 50.4952971202659], 
            [-67.3596249467338, 50.7210629267128], 
            [-67.2333061721421, 50.9887101608454], 
            [-67.0127924064444, 51.3688895626033], 
            [-67.0041409283611, 51.5871999892881], 
            [-67.1012137500145, 51.691971007656], 
            [-67.4289896561477, 51.9696187029409], 
            [-67.6466885438412, 52.220628479221], 
            [-67.7467111418057, 52.4096569800856], 
            [-67.8205095089066, 52.6201972642924], 
            [-67.8354022819897, 52.9960239473474], 
            [-67.764733555609, 53.2192356791833], 
            [-67.7165119074984, 53.3214166500584], 
            [-67.581766485335, 53.5051211644103], 
            [-67.3911821573307, 53.660227237697], 
            [-67.1174375197257, 53.7796841850771], 
            [-66.7905609356386, 53.7926434157611], 
            [-66.5690129495879, 53.7398711980974], 
            [-66.3017434307147, 53.589414619789], 
            [-66.1021658822496, 53.3593050878596], 
            [-65.9788238636303, 53.0766841416599], 
            [-65.9609453413544, 52.6254582982619], 
            [-66.0331519084338, 52.3664265693308], 
            [-66.1530765032779, 52.1123141319917], 
            [-66.3114740952532, 51.8129657957349], 
            [-66.3399016651297, 51.6770692413525], 
            [-66.3044773697347, 51.5651755923798], 
            [-66.1348562386244, 51.4180554988622], 
            [-65.7752263456193, 51.1260726101629], 
            [-65.5594340206634, 50.8513027454255], 
            [-65.4452920665756, 50.6355913594538], 
            [-65.3704235062398, 50.3798601424317], 
            [-65.3662956180483, 50.2756107308506], 
            [-65.6074488247035, 50.2336213845194], 
            [-65.8196618479159, 50.2252037301681], 
            [-65.9431297716216, 50.2575613373859], 
            [-66.0517588815671, 50.1742571362579], 
            [-66.2474603520135, 50.1820092922951], 
            [-66.2451580875756, 50.1239760406618], 
            [-66.3149095054692, 50.0910608537754], 
            [-66.3932494489029, 50.0496021074514], 
            [-66.5550374849919, 50.1352085730173], 
            [-66.6553478660111, 50.0897658300291], 
            [-66.7246766025431, 50.0149422357956], 
            [-66.8937941133076, 49.9746616013519], 
            [-66.972988412685, 49.8068481075542], 
            [-67.122284865554, 49.7712889138524], 
            [-67.1470791743644, 49.6156342541176], 
            [-67.1935381512646, 49.5725927009925], 
            [-67.1892573783253, 49.4645481503769], 
            [-67.2142945040881, 49.4375235228924], 
            [-67.2376588908451, 49.4158768412433], 
            [-67.2484777350593, 49.4041946478648]
          ]
        ]
      }, 
      "properties" : {
        "OBJECTID" : 8, 
        "Id" : 8, 
        "gridcode" : 1, 
        "Unixtime" : 1791626400, 
        "Timestamp" : 1791626400000, 
        "Shape__Area" : 114961868949.55078, 
        "Shape__Length" : 1915466.524642637
      }
    }, 
    {
      "type" : "Feature", 
      "id" : 9, 
      "geometry" : 
      {
        "type" : "Polygon", 
        "coordinates" : 
        [
          [
            [-99.8823027260899, 48.9765760081763], 
            [-100.316153667558, 48.9874128388315], 
            [-100.505667802327, 49.0444658294346], 
            [-100.660342201032, 49.177727370222], 
            [-100.759384537966, 49.3552445488969], 
            [-100.812219708173, 49.6466248918254], 
            [-100.761587876979, 49.9241916481262], 
            [-100.646384722877, 50.1823510346726], 
            [-100.480046117234, 50.3754264847445], 
            [-100.269955494051, 50.5065566322829], 
            [-100.072311487985, 50.5606508533543], 
            [-99.901862980592, 50.574347528116], 
            [-99.6880851370194, 50.5257751444075], 
            [-99.5564783487967, 50.4670494147987], 
            [-99.3829091939042, 50.3327806333197], 
            [-99.272589358512, 50.1771799329077], 
            [-99.1986560931041, 50.0016412627342], 
            [-99.1741945334509, 49.6971667908148], 
            [-99.2610420634404, 49.4432072382235], 
            [-99.4162740418135, 49.2270282047879], 
            [-99.637525251589, 49.0701504670705], 
            [-99.8026947385713, 49.0095001882831], 
            [-99.8718795835759, 48.988671889696], 
            [-99.8823027260899, 48.9765760081763]
          ]
        ]
      }, 
      "properties" : {
        "OBJECTID" : 9, 
        "Id" : 9, 
        "gridcode" : 1, 
        "Unixtime" : 1791626400, 
        "Timestamp" : 1791626400000, 
        "Shape__Area" : 39363108665.992188, 
        "Shape__Length" : 732627.34491352737
      }
    }, 
    {
      "type" : "Feature", 
      "id" : 10, 
      "geometry" : 
      {
        "type" : "Polygon", 
        "coordinates" : 
        [
          [
            [-117.414541048231, 48.9540749705835], 
            [-117.667511346571, 48.9649567673411], 
            [-117.865955749258, 49.0231878698244], 
            [-117.987355232258, 49.1687701226431], 
            [-118.051126158545, 49.3792834271885], 
            [-118.076900728386, 49.6320918475608], 
            [-118.019083314044, 49.8291063281946], 
            [-117.898268390374, 49.9991681271074], 
            [-117.696298645266, 50.0895859656199], 
            [-117.476558296528, 50.061365239814], 
            [-117.32123638595, 49.9655604622456], 
            [-117.210026221733, 49.7890775039237], 
            [-117.156759376944, 49.5498038803449], 
            [-117.188865173989, 49.2661936798945], 
            [-117.266809415722, 49.0864641689863], 
            [-117.312216185828, 49.0318033750259], 
            [-117.404324749787, 48.9663687029534], 
            [-117.414541048231, 48.9540749705835]
          ]
        ]
      }, 
      "properties" : {
        "OBJECTID" : 10, 
        "Id" : 10, 
        "gridcode" : 2, 
        "Unixtime" : 1791626400, 
        "Timestamp" : 1791626400000, 
        "Shape__Area" : 15857837773.859375, 
        "Shape__Length" : 486857.68874808919
      }
    }, 
    {
      "type" : "Feature", 
      "id" : 11, 
      "geometry" : 
      {
        "type" : "Polygon", 
        "coordinates" : 
        [
          [
            [-103.100670559499, 48.4814452624889], 
            [-103.381681719236, 48.4942965745274], 
            [-103.702496872732, 48.5958660064111], 
            [-103.936167719964, 48.7332374489492], 
            [-103.997987117411, 48.7905152700637], 
            [-104.050534504564, 49.1749664515406], 
            [-104.123937169964, 49.3305041994093], 
            [-104.223707957756, 49.4229455125255], 
            [-104.089915816961, 49.6301313255004], 
            [-103.841657966142, 49.9538782688671], 
            [-103.644058926178, 50.2232701877691], 
            [-103.545592155354, 50.1169973015843], 
            [-103.458906503332, 50.071122884014], 
            [-103.359918125721, 50.0451864362051], 
            [-102.859895068103, 49.9699491538304], 
            [-102.551472572401, 49.8563018268679], 
            [-102.22783354768, 49.6741171667739], 
            [-102.116641369903, 49.5925666436358], 
            [-102.372408559807, 49.2673268256726], 
            [-102.946994408265, 48.5885275385152], 
            [-103.021467266901, 48.5372841683298], 
            [-103.089842722064, 48.4931274558675], 
            [-103.100670559499, 48.4814452624889]
          ]
        ]
      }, 
      "properties" : {
        "OBJECTID" : 11, 
        "Id" : 11, 
        "gridcode" : 2, 
        "Unixtime" : 1791626400, 
        "Timestamp" : 1791626400000, 
        "Shape__Area" : 42418695805.289063, 
        "Shape__Length" : 810787.11399096611
      }
    }, 
    {
      "type" : "Feature", 
      "id" : 12, 
      "geometry" : 
      {
        "type" : "Polygon", 
        "coordinates" : 
        [
          [
            [-81.6748803914169, 48.0538266228005], 
            [-82.1310614992887, 48.0673704128144], 
            [-82.4591881410198, 48.159919644576], 
            [-82.6233324008696, 48.239554611756], 
            [-82.8080621423539, 48.3764853864915], 
            [-82.9582309376077, 48.5625191449427], 
            [-83.0533792100824, 48.7472129135452], 
            [-83.1206215194675, 48.9436878009514], 
            [-83.1619453674847, 49.2669670968541], 
            [-83.1108818617085, 49.5806596197457], 
            [-82.9803632531616, 49.8496828166088], 
            [-82.8370742715603, 50.0429741039718], 
            [-82.6298344992627, 50.1920277398884], 
            [-82.5265203826095, 50.2452496185751], 
            [-82.3240020510538, 50.3145603686661], 
            [-82.078523105357, 50.3424483453149], 
            [-81.7975389252811, 50.3032199176652], 
            [-81.4729915852934, 50.1457666138383], 
            [-81.2724697486799, 49.9531048519075], 
            [-81.1270763534908, 49.7386255371389], 
            [-81.0349677895318, 49.5115467205048], 
            [-80.9887876024658, 49.2860686971127], 
            [-80.9832747583234, 49.0157055104011], 
            [-81.0228539215711, 48.8129623483338], 
            [-81.1208800245934, 48.5644257076803], 
            [-81.3456206039077, 48.2476125372888], 
            [-81.5204937757671, 48.1218513423656], 
            [-81.663854703132, 48.0653109653289], 
            [-81.6748803914169, 48.0538266228005]
          ]
        ]
      }, 
      "properties" : {
        "OBJECTID" : 12, 
        "Id" : 12, 
        "gridcode" : 1, 
        "Unixtime" : 1791626400, 
        "Timestamp" : 1791626400000, 
        "Shape__Area" : 74342790958.3789, 
        "Shape__Length" : 1013054.5541450086
      }
    }, 
    {
      "type" : "Feature", 
      "id" : 13, 
      "geometry" : 
      {
        "type" : "Polygon", 
        "coordinates" : 
        [
          [
            [-101.57025826081, 47.896283386769], 
            [-101.624865095448, 47.9369147568107], 
            [-101.539735270566, 47.9722131471191], 
            [-101.57025826081, 47.896283386769]
          ]
        ]
      }, 
      "properties" : {
        "OBJECTID" : 13, 
        "Id" : 13, 
        "gridcode" : 2, 
        "Unixtime" : 1791626400, 
        "Timestamp" : 1791626400000, 
        "Shape__Area" : 49810311.74609375, 
        "Shape__Length" : 33294.144885794856
      }
    }, 
    {
      "type" : "Feature", 
      "id" : 14, 
      "geometry" : 
      {
        "type" : "Polygon", 
        "coordinates" : 
        [
          [
            [-100.737531012246, 46.0732946468306], 
            [-100.986301476632, 46.094968308141], 
            [-101.160428211193, 46.1627771904151], 
            [-101.318573992995, 46.2871354429464], 
            [-101.513564999025, 46.5350965174904], 
            [-101.639901760058, 46.690337489084], 
            [-101.69360927265, 46.8435729725148], 
            [-101.667223163818, 47.0436631345461], 
            [-101.491126913976, 47.5469147583095], 
            [-101.400565183936, 47.6703916752357], 
            [-101.296702480835, 47.7253492454714], 
            [-101.123016414076, 47.7616818561328], 
            [-100.389115665156, 47.7907749243234], 
            [-100.116953834352, 47.4055503258869], 
            [-99.9968763547599, 47.1786243940007], 
            [-99.9424224048701, 47.0232755037616], 
            [-99.8939849194684, 46.7917270565585], 
            [-99.9207847164415, 46.5565363550688], 
            [-100.173395285964, 46.2838978835806], 
            [-100.454532350787, 46.1351320307188], 
            [-100.59081561365, 46.1066235218581], 
            [-100.726703174812, 46.0849768402091], 
            [-100.737531012246, 46.0732946468306]
          ]
        ]
      }, 
      "properties" : {
        "OBJECTID" : 14, 
        "Id" : 14, 
        "gridcode" : 2, 
        "Unixtime" : 1791626400, 
        "Timestamp" : 1791626400000, 
        "Shape__Area" : 43283364037.894531, 
        "Shape__Length" : 771714.31693768059
      }
    }, 
    {
      "type" : "Feature", 
      "id" : 15, 
      "geometry" : 
      {
        "type" : "Polygon", 
        "coordinates" : 
        [
          [
            [-63.0398394170554, 46.0957956844234], 
            [-63.09653267884, 46.1291335526714], 
            [-63.1186110350711, 46.1529565936719], 
            [-63.1815995511783, 46.0849768402091], 
            [-63.3441070449041, 46.1291335526714], 
            [-63.5007869317714, 46.1749989770212], 
            [-63.6745449442937, 46.1987500722581], 
            [-63.7708623354284, 46.2650211138334], 
            [-63.8392377905915, 46.3091778262958], 
            [-63.8608844722405, 46.355052243866], 
            [-64.175179540903, 46.3801613153925], 
            [-64.1768612731292, 46.4225103905422], 
            [-64.1329923437216, 46.5054098967494], 
            [-64.1303213572448, 46.5728590502051], 
            [-64.4452999106623, 46.6063767828623], 
            [-64.4496436361449, 46.7159142080743], 
            [-64.3317964752271, 46.8251008976883], 
            [-64.2081486871122, 46.9585512961055], 
            [-64.1467609642471, 46.9875274524301], 
            [-63.9878237790441, 47.0968940064533], 
            [-63.9483255547805, 47.0496436261525], 
            [-63.9517879446578, 46.9622834825967], 
            [-63.9483885073237, 46.8765960780466], 
            [-63.9959176774588, 46.7867627988642], 
            [-63.8430689025078, 46.6721801769737], 
            [-63.68169455456, 46.6017542675455], 
            [-63.5102477996961, 46.5609160534332], 
            [-63.4341291817163, 46.5342421615466], 
            [-63.2982326273339, 46.5125954798976], 
            [-63.2078687481442, 46.4504163536319], 
            [-63.0082012674745, 46.442493326406], 
            [-62.7805918508332, 46.4667210623272], 
            [-62.5220907219092, 46.5117321307333], 
            [-61.9262179206205, 46.4873605032847], 
            [-61.9633779075643, 46.4133103260108], 
            [-62.1504189067071, 46.331687857109], 
            [-62.301801786723, 46.2956250430614], 
            [-62.3538365603089, 46.2200100454273], 
            [-62.3863380590541, 46.1511399631389], 
            [-62.4222839612357, 46.1525608919717], 
            [-62.4200356561206, 46.0957956844234], 
            [-62.4218163137718, 46.0507846160173], 
            [-62.4190553950904, 45.9811411167692], 
            [-62.5542234986155, 45.9337648313819], 
            [-62.7731724439531, 45.9250863736373], 
            [-62.8717651198643, 45.9562928486362], 
            [-62.960645117678, 46.0174557409898], 
            [-63.0949408788184, 46.0430954125234], 
            [-63.0506672544901, 46.0841134910448], 
            [-63.0398394170554, 46.0957956844234]
          ], 
          [
            [-62.9896212740025, 46.1066055354172], 
            [-63.0108003081876, 46.1487837393781], 
            [-63.0398394170554, 46.0957956844234], 
            [-62.9896212740025, 46.1066055354172]
          ]
        ]
      }, 
      "properties" : {
        "OBJECTID" : 15, 
        "Id" : 15, 
        "gridcode" : 1, 
        "Unixtime" : 1791626400, 
        "Timestamp" : 1791626400000, 
        "Shape__Area" : 17274665559.972656, 
        "Shape__Length" : 848714.19933822076
      }
    }, 
    {
      "type" : "Feature", 
      "id" : 16, 
      "geometry" : 
      {
        "type" : "Polygon", 
        "coordinates" : 
        [
          [
            [-62.6347308081802, 45.7807182055808], 
            [-62.6150446485916, 45.8574213828906], 
            [-62.4679965008378, 45.8364132198943], 
            [-62.5033128775872, 45.7903139718125], 
            [-62.6347308081802, 45.7807182055808]
          ]
        ]
      }, 
      "properties" : {
        "OBJECTID" : 16, 
        "Id" : 16, 
        "gridcode" : 1, 
        "Unixtime" : 1791626400, 
        "Timestamp" : 1791626400000, 
        "Shape__Area" : 154799387.72265625, 
        "Shape__Length" : 52212.124598305687
      }
    }, 
    {
      "type" : "Feature", 
      "id" : 17, 
      "geometry" : 
      {
        "type" : "Polygon", 
        "coordinates" : 
        [
          [
            [-109.604927325536, 45.7582081747676], 
            [-109.836466779518, 45.771275324097], 
            [-110.005953012322, 45.9045638445459], 
            [-110.278456585503, 46.2350646964786], 
            [-110.532497077078, 46.5663479585915], 
            [-110.648536600684, 46.8322595011751], 
            [-110.659418397441, 47.106705609976], 
            [-110.609389112018, 47.316742273837], 
            [-110.52158830066, 47.4527017807626], 
            [-110.37833529194, 47.5625449754703], 
            [-110.121192139306, 47.652675030928], 
            [-109.810665230016, 47.7176420555365], 
            [-109.335958087995, 47.7922857853608], 
            [-109.018893107431, 47.8048583075649], 
            [-108.856826281508, 47.7535429916159], 
            [-108.68002856047, 47.6238697457922], 
            [-108.411410058527, 47.2735658224049], 
            [-108.311684236838, 47.0851038944293], 
            [-108.303590338423, 46.8809667831906], 
            [-108.466763330463, 46.7048525469076], 
            [-108.895083441348, 46.3749272610843], 
            [-109.166489841633, 46.1299879086152], 
            [-109.469579357601, 45.8502987522857], 
            [-109.594099488101, 45.769890368146], 
            [-109.604927325536, 45.7582081747676]
          ]
        ]
      }, 
      "properties" : {
        "OBJECTID" : 17, 
        "Id" : 17, 
        "gridcode" : 2, 
        "Unixtime" : 1791626400, 
        "Timestamp" : 1791626400000, 
        "Shape__Area" : 60020167804.976563, 
        "Shape__Length" : 919727.8464671683
      }
    }, 
    {
      "type" : "Feature", 
      "id" : 18, 
      "geometry" : 
      {
        "type" : "Polygon", 
        "coordinates" : 
        [
          [
            [-66.7308369585587, 44.5428823481419], 
            [-66.7891669864672, 44.5520734194528], 
            [-66.8539991127688, 44.579304891008], 
            [-66.9384724325566, 44.5603651687176], 
            [-66.9526457480028, 44.6235785153363], 
            [-66.8582708924876, 44.7972376024335], 
            [-66.7576187690909, 44.8395147318195], 
            [-66.6792968120981, 44.7384669067225], 
            [-66.6317406623016, 44.6252332679011], 
            [-66.712454815937, 44.5695112739262], 
            [-66.7308369585587, 44.5428823481419]
          ]
        ]
      }, 
      "properties" : {
        "OBJECTID" : 18, 
        "Id" : 18, 
        "gridcode" : 1, 
        "Unixtime" : 1791626400, 
        "Timestamp" : 1791626400000, 
        "Shape__Area" : 1046768806.1679688, 
        "Shape__Length" : 130816.75088607866
      }
    }, 
    {
      "type" : "Feature", 
      "id" : 19, 
      "geometry" : 
      {
        "type" : "Polygon", 
        "coordinates" : 
        [
          [
            [-107.241787778283, 45.8932413799858], 
            [-107.120064539347, 45.8349203452978], 
            [-106.598304867875, 45.6589949666445], 
            [-106.365263546076, 45.5484233210795], 
            [-106.274027324501, 45.4881327711106], 
            [-106.105656251035, 45.3982365393849], 
            [-106.135046095501, 45.1378018680618], 
            [-106.187107848748, 44.919257617645], 
            [-106.310126111431, 44.5306785479767], 
            [-106.450312431973, 44.2336414693784], 
            [-106.606164942558, 44.0654322738804], 
            [-106.751720215715, 44.0144137342065], 
            [-106.933302330038, 44.0421668125484], 
            [-107.153096638099, 44.1840978178601], 
            [-107.433334380877, 44.4901191236987], 
            [-107.605176837441, 44.7398518626734], 
            [-107.725236330592, 45.0149814562293], 
            [-107.701053560773, 45.2297665404935], 
            [-107.626787546208, 45.3871389053363], 
            [-107.374392813977, 45.7779842665607], 
            [-107.278318239795, 45.8816760984732], 
            [-107.241787778283, 45.8932413799858]
          ]
        ]
      }, 
      "properties" : {
        "OBJECTID" : 19, 
        "Id" : 19, 
        "gridcode" : 2, 
        "Unixtime" : 1791626400, 
        "Timestamp" : 1791626400000, 
        "Shape__Area" : 36158511606.792969, 
        "Shape__Length" : 738520.01489704009
      }
    }, 
    {
      "type" : "Feature", 
      "id" : 20, 
      "geometry" : 
      {
        "type" : "Polygon", 
        "coordinates" : 
        [
          [
            [-68.8239011021541, 43.7551661679843], 
            [-68.8826358249833, 43.7639525443745], 
            [-68.9002085777636, 43.7913908600003], 
            [-68.9452196461697, 43.820214131577], 
            [-68.916261476286, 43.9210910854853], 
            [-68.8126505833577, 43.8919710376334], 
            [-68.7088148599178, 43.921145044808], 
            [-68.6937961817483, 43.8677073288303], 
            [-68.7451294841383, 43.8532822032112], 
            [-68.7812102846269, 43.8634175626705], 
            [-68.8151237189844, 43.8139008908135], 
            [-68.8239011021541, 43.7551661679843]
          ]
        ]
      }, 
      "properties" : {
        "OBJECTID" : 20, 
        "Id" : 20, 
        "gridcode" : 1, 
        "Unixtime" : 1791626400, 
        "Timestamp" : 1791626400000, 
        "Shape__Area" : 372669349.6171875, 
        "Shape__Length" : 95229.682972250972
      }
    }, 
    {
      "type" : "Feature", 
      "id" : 21, 
      "geometry" : 
      {
        "type" : "Polygon", 
        "coordinates" : 
        [
          [
            [-65.9881408400277, 43.5301018327335], 
            [-66.0157590200627, 43.5382227108095], 
            [-65.9958390367421, 43.5562900907152], 
            [-65.9881408400277, 43.5301018327335]
          ]
        ]
      }, 
      "properties" : {
        "OBJECTID" : 21, 
        "Id" : 21, 
        "gridcode" : 1, 
        "Unixtime" : 1791626400, 
        "Timestamp" : 1791626400000, 
        "Shape__Area" : 5648178.1328125, 
        "Shape__Length" : 10981.911489251712
      }
    }, 
    {
      "type" : "Feature", 
      "id" : 22, 
      "geometry" : 
      {
        "type" : "Polygon", 
        "coordinates" : 
        [
          [
            [-115.546532246666, 43.5076007951407], 
            [-115.732862781392, 43.5183297071504], 
            [-115.890981583533, 43.6068499761456], 
            [-116.004790788464, 43.7411277508451], 
            [-116.044594782223, 43.8423644335718], 
            [-115.918285000852, 43.9444464790218], 
            [-115.698499686012, 44.0125341511302], 
            [-115.515082954715, 43.9906986118515], 
            [-115.402883536246, 43.9040938988144], 
            [-115.364950132343, 43.7739889784087], 
            [-115.402802597262, 43.6380474579239], 
            [-115.456779906467, 43.5681161756211], 
            [-115.536729636364, 43.5202992224313], 
            [-115.546532246666, 43.5076007951407]
          ]
        ]
      }, 
      "properties" : {
        "OBJECTID" : 22, 
        "Id" : 22, 
        "gridcode" : 2, 
        "Unixtime" : 1791626400, 
        "Timestamp" : 1791626400000, 
        "Shape__Area" : 4275490849.5195313, 
        "Shape__Length" : 238252.07168537914
      }
    }, 
    {
      "type" : "Feature", 
      "id" : 23, 
      "geometry" : 
      {
        "type" : "Polygon", 
        "coordinates" : 
        [
          [
            [-95.5386222096472, 43.4850907643274], 
            [-95.6180323463157, 43.4957117576915], 
            [-95.6513522281228, 43.5330066429423], 
            [-95.9942457378505, 43.8285508469441], 
            [-96.1671853673108, 44.0318425954595], 
            [-96.26612877882, 44.2566371340965], 
            [-96.3086487251585, 44.6167256813452], 
            [-96.2532594803407, 44.8547942133823], 
            [-96.153389767124, 45.0723941756507], 
            [-96.0352458299311, 45.2046214960853], 
            [-95.9318507742937, 45.2286783608177], 
            [-95.8064043420866, 45.2736984224443], 
            [-95.6067458546374, 45.2483195543041], 
            [-95.4066197197242, 45.131812383235], 
            [-95.2040384356253, 44.8995354851746], 
            [-95.082180298382, 44.6226702000698], 
            [-95.0328704705957, 44.345220355635], 
            [-95.0593465116322, 44.0437676057904], 
            [-95.1216335565433, 43.9458314349728], 
            [-95.1911871235868, 43.8462584980313], 
            [-95.1876437947253, 43.7868492836676], 
            [-95.4154780418781, 43.5870019385887], 
            [-95.4367110353859, 43.5632328569109], 
            [-95.528001216283, 43.4969798017765], 
            [-95.5386222096472, 43.4850907643274]
          ]
        ]
      }, 
      "properties" : {
        "OBJECTID" : 23, 
        "Id" : 23, 
        "gridcode" : 2, 
        "Unixtime" : 1791626400, 
        "Timestamp" : 1791626400000, 
        "Shape__Area" : 28497596604.089844, 
        "Shape__Length" : 665523.60323014448
      }
    }, 
    {
      "type" : "Feature", 
      "id" : 24, 
      "geometry" : 
      {
        "type" : "Polygon", 
        "coordinates" : 
        [
          [
            [-89.4394740524855, 42.98996001864], 
            [-89.512346117879, 43.0086569239779], 
            [-89.5285878740311, 43.0810973147893], 
            [-89.4470643305543, 43.1341932883896], 
            [-89.4096435402171, 43.0609884738391], 
            [-89.4394740524855, 42.98996001864]
          ]
        ]
      }, 
      "properties" : {
        "OBJECTID" : 24, 
        "Id" : 24, 
        "gridcode" : 2, 
        "Unixtime" : 1791626400, 
        "Timestamp" : 1791626400000, 
        "Shape__Area" : 186378235.45703125, 
        "Shape__Length" : 55166.082848607635
      }
    }, 
    {
      "type" : "Feature", 
      "id" : 25, 
      "geometry" : 
      {
        "type" : "Polygon", 
        "coordinates" : 
        [
          [
            [-116.446780594449, 42.9449489502339], 
            [-116.61387463061, 42.9567750351398], 
            [-116.801617100948, 43.0133064189562], 
            [-116.990834459443, 43.1491670004568], 
            [-117.125930617204, 43.3656158305063], 
            [-117.16624722453, 43.6255199018221], 
            [-117.116649613689, 43.8438483149479], 
            [-117.013245564831, 44.0232001105967], 
            [-116.829630982684, 44.1669927125437], 
            [-116.591868220142, 44.2382100253724], 
            [-116.366030467932, 44.2120307606112], 
            [-116.206274899667, 44.1407415020188], 
            [-116.06034191125, 44.0150162799774], 
            [-116.286071744815, 43.9854825439843], 
            [-116.410942610913, 43.8260327452151], 
            [-116.424324522958, 43.6594423294001], 
            [-116.354330288112, 43.5025825781236], 
            [-116.18330621461, 43.4071555158145], 
            [-116.01408977842, 43.4340182653307], 
            [-115.906036234585, 43.4943178085201], 
            [-115.955346062371, 43.3305242842684], 
            [-116.084075020046, 43.1249932238583], 
            [-116.213928130279, 43.0329296260015], 
            [-116.344662576117, 42.9778731303407], 
            [-116.436357451935, 42.9570358385332], 
            [-116.446780594449, 42.9449489502339]
          ]
        ]
      }, 
      "properties" : {
        "OBJECTID" : 25, 
        "Id" : 25, 
        "gridcode" : 2, 
        "Unixtime" : 1791626400, 
        "Timestamp" : 1791626400000, 
        "Shape__Area" : 17387217286.253906, 
        "Shape__Length" : 615464.13192025176
      }
    }, 
    {
      "type" : "Feature", 
      "id" : 26, 
      "geometry" : 
      {
        "type" : "Polygon", 
        "coordinates" : 
        [
          [
            [-83.6554123673867, 42.7648956833892], 
            [-83.7987732947517, 42.7763710326971], 
            [-83.9249571710366, 42.8530112574637], 
            [-83.9728100971082, 43.0205999207498], 
            [-83.8823652789344, 43.169509665139], 
            [-83.7306136768796, 43.2803601005383], 
            [-83.5302986843367, 43.3375569826687], 
            [-83.3565586582554, 43.2988951279079], 
            [-83.2853053725448, 43.1776845025378], 
            [-83.313004491564, 43.0252134428462], 
            [-83.4251859235914, 42.8778055662739], 
            [-83.5492114269657, 42.8048975279986], 
            [-83.645402913014, 42.7773962598296], 
            [-83.6554123673867, 42.7648956833892]
          ]
        ]
      }, 
      "properties" : {
        "OBJECTID" : 26, 
        "Id" : 26, 
        "gridcode" : 2, 
        "Unixtime" : 1791626400, 
        "Timestamp" : 1791626400000, 
        "Shape__Area" : 4762962553.609375, 
        "Shape__Length" : 253903.34208761543
      }
    }, 
    {
      "type" : "Feature", 
      "id" : 27, 
      "geometry" : 
      {
        "type" : "Polygon", 
        "coordinates" : 
        [
          [
            [-86.1986051814839, 42.40479814292], 
            [-86.3638735938912, 42.4160126888346], 
            [-86.5228557451964, 42.5058909341194], 
            [-86.6130217735359, 42.6592882955185], 
            [-86.6320514280309, 42.812244989115], 
            [-86.5341332436542, 42.9734484658741], 
            [-86.3480365326598, 43.0449805414189], 
            [-86.1898008186528, 43.0009317476022], 
            [-86.0713061458619, 42.9060442785207], 
            [-85.9860414226735, 42.7085261775412], 
            [-86.0124275315053, 42.5586901314445], 
            [-86.0816303629508, 42.4722742760371], 
            [-86.1410935366374, 42.4373176281061], 
            [-86.1885957271111, 42.4172987193605], 
            [-86.1986051814839, 42.40479814292]
          ]
        ]
      }, 
      "properties" : {
        "OBJECTID" : 27, 
        "Id" : 27, 
        "gridcode" : 2, 
        "Unixtime" : 1791626400, 
        "Timestamp" : 1791626400000, 
        "Shape__Area" : 5185674107.625, 
        "Shape__Length" : 264131.49546964723
      }
    }, 
    {
      "type" : "Feature", 
      "id" : 28, 
      "geometry" : 
      {
        "type" : "Polygon", 
        "coordinates" : 
        [
          [
            [-93.5580902336773, 41.6395919935757], 
            [-93.6583286689329, 41.6574615226313], 
            [-93.6237497362613, 41.7623404596446], 
            [-93.5255617552708, 41.7261697269514], 
            [-93.5580902336773, 41.6395919935757]
          ]
        ]
      }, 
      "properties" : {
        "OBJECTID" : 28, 
        "Id" : 28, 
        "gridcode" : 2, 
        "Unixtime" : 1791626400, 
        "Timestamp" : 1791626400000, 
        "Shape__Area" : 172675912.0234375, 
        "Shape__Length" : 53170.758614511047
      }
    }, 
    {
      "type" : "Feature", 
      "id" : 29, 
      "geometry" : 
      {
        "type" : "Polygon", 
        "coordinates" : 
        [
          [
            [-69.9492047919675, 41.2119823471077], 
            [-70.1990004834855, 41.2260837167902], 
            [-70.3651412382775, 41.3333638436665], 
            [-70.2989781153477, 41.3713242272314], 
            [-70.190052229127, 41.3136866772984], 
            [-70.0725288241459, 41.3578523829812], 
            [-70.0752088038432, 41.4253554957596], 
            [-69.9856992805973, 41.3846971460565], 
            [-69.9273332798069, 41.2743952971053], 
            [-69.9492047919675, 41.2119823471077]
          ]
        ]
      }, 
      "properties" : {
        "OBJECTID" : 29, 
        "Id" : 29, 
        "gridcode" : 1, 
        "Unixtime" : 1791626400, 
        "Timestamp" : 1791626400000, 
        "Shape__Area" : 791929047.421875, 
        "Shape__Length" : 139824.503810915
      }
    }, 
    {
      "type" : "Feature", 
      "id" : 30, 
      "geometry" : 
      {
        "type" : "Polygon", 
        "coordinates" : 
        [
          [
            [-71.5246371522827, 41.1219512170751], 
            [-71.6461535471484, 41.1325002646756], 
            [-71.6121142077045, 41.2659776427541], 
            [-71.5318317286513, 41.2402030729136], 
            [-71.5104008842933, 41.1551272073548], 
            [-71.5246371522827, 41.1219512170751]
          ]
        ]
      }, 
      "properties" : {
        "OBJECTID" : 30, 
        "Id" : 30, 
        "gridcode" : 1, 
        "Unixtime" : 1791626400, 
        "Timestamp" : 1791626400000, 
        "Shape__Area" : 228968524.27734375, 
        "Shape__Length" : 61406.514683192785
      }
    }, 
    {
      "type" : "Feature", 
      "id" : 31, 
      "geometry" : 
      {
        "type" : "Polygon", 
        "coordinates" : 
        [
          [
            [-102.763074056622, 42.3372860369212], 
            [-102.774756250001, 42.2814471310803], 
            [-102.802545301225, 41.8182333248081], 
            [-102.900004831358, 41.5103953884365], 
            [-103.034507436569, 41.2815988666944], 
            [-103.175575092716, 41.1293436442938], 
            [-103.280714833123, 41.0319290802629], 
            [-103.392437610907, 41.0435753007596], 
            [-103.612816478298, 41.1025978066435], 
            [-103.867882197006, 41.2602849342024], 
            [-104.056865731768, 41.4717874929985], 
            [-104.230192069708, 41.7443180458412], 
            [-104.342292562752, 42.1073653626215], 
            [-104.325897921852, 42.3825219358387], 
            [-104.255660870053, 42.5117725003007], 
            [-104.09828850521, 42.6118670440289], 
            [-103.810658335214, 42.6455556478749], 
            [-103.449382682864, 42.6160758712046], 
            [-103.175862875771, 42.5576379246506], 
            [-102.938369909843, 42.4531097232352], 
            [-102.819974162478, 42.3704080678781], 
            [-102.763074056622, 42.3372860369212]
          ]
        ]
      }, 
      "properties" : {
        "OBJECTID" : 31, 
        "Id" : 31, 
        "gridcode" : 2, 
        "Unixtime" : 1791626400, 
        "Timestamp" : 1791626400000, 
        "Shape__Area" : 31915423623.6875, 
        "Shape__Length" : 669196.821272166
      }
    }, 
    {
      "type" : "Feature", 
      "id" : 32, 
      "geometry" : 
      {
        "type" : "Polygon", 
        "coordinates" : 
        [
          [
            [-96.6639258994607, 40.9419069434508], 
            [-96.7195579612309, 40.9916124729373], 
            [-96.6359389973867, 41.0199231309478], 
            [-96.6639258994607, 40.9419069434508]
          ]
        ]
      }, 
      "properties" : {
        "OBJECTID" : 32, 
        "Id" : 32, 
        "gridcode" : 2, 
        "Unixtime" : 1791626400, 
        "Timestamp" : 1791626400000, 
        "Shape__Area" : 47036807.94140625, 
        "Shape__Length" : 31715.020436072613
      }
    }, 
    {
      "type" : "Feature", 
      "id" : 33, 
      "geometry" : 
      {
        "type" : "Polygon", 
        "coordinates" : 
        [
          [
            [-74.9905703585351, 40.6718315397938], 
            [-75.0738206003404, 40.6820118653554], 
            [-75.1855433781244, 40.7682478563536], 
            [-75.2375871449307, 40.8545108270131], 
            [-75.1839965442051, 40.9854431237013], 
            [-75.0805295428041, 41.1194960678893], 
            [-74.9482572562673, 41.1992749265967], 
            [-74.8489091498373, 41.1757846347532], 
            [-74.8247353732388, 41.0121619816902], 
            [-74.9090558082789, 40.7810452090692], 
            [-74.9905703585351, 40.6718315397938]
          ]
        ]
      }, 
      "properties" : {
        "OBJECTID" : 33, 
        "Id" : 33, 
        "gridcode" : 2, 
        "Unixtime" : 1791626400, 
        "Timestamp" : 1791626400000, 
        "Shape__Area" : 2322106527.515625, 
        "Shape__Length" : 192689.15438369228
      }
    }, 
    {
      "type" : "Feature", 
      "id" : 34, 
      "geometry" : 
      {
        "type" : "Polygon", 
        "coordinates" : 
        [
          [
            [-73.8202556003156, 40.5592993721684], 
            [-73.9327877679411, 40.5142883037623], 
            [-73.9456660596409, 40.5900831658055], 
            [-73.9943013958926, 40.7138118929046], 
            [-73.9352159374655, 40.7491552493154], 
            [-73.9004751268256, 40.7041441809093], 
            [-73.8364703768064, 40.6547354276979], 
            [-73.8202556003156, 40.5592993721684]
          ]
        ]
      }, 
      "properties" : {
        "OBJECTID" : 34, 
        "Id" : 34, 
        "gridcode" : 2, 
        "Unixtime" : 1791626400, 
        "Timestamp" : 1791626400000, 
        "Shape__Area" : 368497407.32421875, 
        "Shape__Length" : 84613.335468872247
      }
    }, 
    {
      "type" : "Feature", 
      "id" : 35, 
      "geometry" : 
      {
        "type" : "Polygon", 
        "coordinates" : 
        [
          [
            [-74.0228099047532, 40.4917872661695], 
            [-73.9552888055339, 40.4917872661695], 
            [-73.9552888055339, 40.4242661669501], 
            [-73.9777988363472, 40.4242661669501], 
            [-73.9777988363472, 40.4692772353562], 
            [-74.0228099047532, 40.4692772353562], 
            [-74.0228099047532, 40.4917872661695]
          ]
        ]
      }, 
      "properties" : {
        "OBJECTID" : 35, 
        "Id" : 35, 
        "gridcode" : 1, 
        "Unixtime" : 1791626400, 
        "Timestamp" : 1791626400000, 
        "Shape__Area" : 41260683.0703125, 
        "Shape__Length" : 34789.953007442877
      }
    }, 
    {
      "type" : "Feature", 
      "id" : 36, 
      "geometry" : 
      {
        "type" : "Polygon", 
        "coordinates" : 
        [
          [
            [-83.9930088702631, 40.379255098544], 
            [-84.3123491356041, 40.3917646682049], 
            [-84.6564477368735, 40.5458005482568], 
            [-84.9321439033184, 40.5757569656115], 
            [-85.1623253810114, 40.6406790241177], 
            [-85.4687064156685, 40.7455489679106], 
            [-85.7489261720052, 40.7797861582047], 
            [-85.8668182990252, 40.8369830403351], 
            [-86.0511253591479, 40.9736080455749], 
            [-86.0534006439245, 41.0852678708156], 
            [-86.0097745314694, 41.1751820889823], 
            [-85.8672499736073, 41.3235252604825], 
            [-85.6609005301353, 41.4633968183086], 
            [-85.4068330588985, 41.5942841488944], 
            [-85.1593486250389, 41.6879395467727], 
            [-84.9537006527628, 41.7406488118932], 
            [-84.8215542713125, 41.7001253604971], 
            [-84.6872585101721, 41.6120817321862], 
            [-84.4094759165802, 41.2762928666226], 
            [-84.3195706916341, 41.2455180662059], 
            [-84.0252045995126, 41.1880513874616], 
            [-83.7428444567063, 41.0510576601829], 
            [-83.5770004781895, 40.8917157800593], 
            [-83.5733492306824, 40.7130654556064], 
            [-83.6191786821504, 40.6186006678866], 
            [-83.7482403889827, 40.4842779270847], 
            [-83.8689923601092, 40.435291855235], 
            [-83.9819741887578, 40.390730447852], 
            [-83.9930088702631, 40.379255098544]
          ]
        ]
      }, 
      "properties" : {
        "OBJECTID" : 36, 
        "Id" : 36, 
        "gridcode" : 2, 
        "Unixtime" : 1791626400, 
        "Timestamp" : 1791626400000, 
        "Shape__Area" : 32634301281.078125, 
        "Shape__Length" : 733296.02640283527
      }
    }, 
    {
      "type" : "Feature", 
      "id" : 37, 
      "geometry" : 
      {
        "type" : "Polygon", 
        "coordinates" : 
        [
          [
            [-80.1444680927282, 40.3117339993247], 
            [-80.2674144096472, 40.3826185629964], 
            [-80.2026542291093, 40.4796913846497], 
            [-80.0890338818081, 40.386026993551], 
            [-80.1098711736157, 40.3446581794315], 
            [-80.1340449502142, 40.3238298808444], 
            [-80.1444680927282, 40.3117339993247]
          ]
        ]
      }, 
      "properties" : {
        "OBJECTID" : 37, 
        "Id" : 37, 
        "gridcode" : 2, 
        "Unixtime" : 1791626400, 
        "Timestamp" : 1791626400000, 
        "Shape__Area" : 250811958.37109375, 
        "Shape__Length" : 64375.975572636315
      }
    }, 
    {
      "type" : "Feature", 
      "id" : 38, 
      "geometry" : 
      {
        "type" : "Polygon", 
        "coordinates" : 
        [
          [
            [-74.7204949548782, 40.2442218933258], 
            [-74.7972071254085, 40.2971829686192], 
            [-74.7207467650511, 40.3579321728316], 
            [-74.6833259747139, 40.3004654940873], 
            [-74.7204949548782, 40.2442218933258]
          ]
        ]
      }, 
      "properties" : {
        "OBJECTID" : 38, 
        "Id" : 38, 
        "gridcode" : 2, 
        "Unixtime" : 1791626400, 
        "Timestamp" : 1791626400000, 
        "Shape__Area" : 105211473.921875, 
        "Shape__Length" : 42368.784229832709
      }
    }, 
    {
      "type" : "Feature", 
      "id" : 39, 
      "geometry" : 
      {
        "type" : "Polygon", 
        "coordinates" : 
        [
          [
            [-74.0678209731593, 40.5592993721684], 
            [-74.0862031157811, 40.5326794396045], 
            [-74.1269513976888, 40.5045486460033], 
            [-74.1188035399513, 40.4682070421214], 
            [-74.0228099047532, 40.4917872661695], 
            [-74.0228099047532, 40.4692772353562], 
            [-73.9777988363472, 40.4692772353562], 
            [-73.9777988363472, 40.4242661669501], 
            [-73.9552888055339, 40.4242661669501], 
            [-73.9229941508593, 40.3954069224916], 
            [-73.9552888055339, 40.2442218933258], 
            [-73.9686077650363, 40.2534129646367], 
            [-73.990560216181, 40.2852039989655], 
            [-74.0444835660637, 40.2731171106662], 
            [-74.1258272451312, 40.3292797724436], 
            [-74.2062086496094, 40.4527207164879], 
            [-74.1631491100433, 40.555252422961], 
            [-74.1766659203959, 40.6155699525913], 
            [-74.1640484320894, 40.6718495262347], 
            [-74.3245774173139, 40.7216090150441], 
            [-74.3061952746921, 40.6810226111047], 
            [-74.2161731378799, 40.5730769859143], 
            [-74.24916027053, 40.4840980626755], 
            [-74.3622050517217, 40.5621502230545], 
            [-74.3825657028448, 40.6529817497081], 
            [-74.3407112548205, 40.8160648095434], 
            [-74.1220231128763, 40.7976736737012], 
            [-74.1036409702545, 40.7260426727312], 
            [-74.0770120444702, 40.6626404684829], 
            [-74.0678209731593, 40.5592993721684]
          ]
        ]
      }, 
      "properties" : {
        "OBJECTID" : 39, 
        "Id" : 39, 
        "gridcode" : 2, 
        "Unixtime" : 1791626400, 
        "Timestamp" : 1791626400000, 
        "Shape__Area" : 1761592233.4101563, 
        "Shape__Length" : 324389.85813837952
      }
    }, 
    {
      "type" : "Feature", 
      "id" : 40, 
      "geometry" : 
      {
        "type" : "Polygon", 
        "coordinates" : 
        [
          [
            [-115.636554383478, 40.2217118625125], 
            [-115.938654645196, 40.2330882863954], 
            [-116.138043336031, 40.3246032978041], 
            [-116.24147436455, 40.4170176312588], 
            [-116.340327843855, 40.5585259552087], 
            [-116.389197003839, 40.6947282790869], 
            [-116.404908159984, 40.9584364826576], 
            [-116.305173345074, 41.2178729065095], 
            [-116.063408599427, 41.4326220178919], 
            [-115.839207613341, 41.4926697509084], 
            [-115.598477088047, 41.4660498183445], 
            [-115.482239713592, 41.4127020345713], 
            [-115.295495490724, 41.2771652090073], 
            [-115.157530495636, 41.0232776021797], 
            [-115.142125108987, 40.764938351224], 
            [-115.211966459085, 40.5387768430769], 
            [-115.41155300077, 40.3153942400522], 
            [-115.55715324003, 40.2548338934695], 
            [-115.625933390114, 40.2336008999616], 
            [-115.636554383478, 40.2217118625125]
          ]
        ]
      }, 
      "properties" : {
        "OBJECTID" : 40, 
        "Id" : 40, 
        "gridcode" : 1, 
        "Unixtime" : 1791626400, 
        "Timestamp" : 1791626400000, 
        "Shape__Area" : 20609546589.015625, 
        "Shape__Length" : 520615.03434509283
      }
    }, 
    {
      "type" : "Feature", 
      "id" : 41, 
      "geometry" : 
      {
        "type" : "Polygon", 
        "coordinates" : 
        [
          [
            [-81.4273150185732, 40.1091796948871], 
            [-81.7300717853846, 40.1218241628549], 
            [-81.9446590187986, 40.2230968184635], 
            [-82.1866665813976, 40.4473247842115], 
            [-82.5245598605491, 40.829563633455], 
            [-82.6743329541025, 41.0472175550462], 
            [-82.6801155948588, 41.1932404756675], 
            [-82.5561710304686, 41.4040775361494], 
            [-82.3907857061953, 41.4915905644531], 
            [-82.2492144297021, 41.516240981736], 
            [-82.0801868511422, 41.5393445650997], 
            [-81.8987756080079, 41.6504198310105], 
            [-81.7181737547149, 41.6186467831226], 
            [-81.6424598316559, 41.5086057375648], 
            [-81.7923678235162, 41.2907539651235], 
            [-81.7114558190308, 41.1731766008195], 
            [-81.6652576455239, 40.9311600450002], 
            [-81.4563631206614, 40.9228862821763], 
            [-81.2700595655964, 41.0108129986211], 
            [-81.1686879845628, 41.1047381931132], 
            [-81.0940082818566, 41.3406033861374], 
            [-80.9239374897233, 41.5241640089619], 
            [-80.7703962367968, 41.6054087626044], 
            [-80.6749601812673, 41.5660184569863], 
            [-80.6504266758503, 41.4487198825166], 
            [-80.6272241670616, 41.2307511982093], 
            [-80.5164186977646, 41.0697275858595], 
            [-80.5101953892058, 40.9127329362761], 
            [-80.5971778175022, 40.8528830541097], 
            [-80.8909503570733, 40.7829068057046], 
            [-80.9438574730439, 40.7060237639856], 
            [-81.1145128245072, 40.4028623022535], 
            [-81.2894849217917, 40.2140136657981], 
            [-81.4164871811385, 40.1208618882656], 
            [-81.4273150185732, 40.1091796948871]
          ]
        ]
      }, 
      "properties" : {
        "OBJECTID" : 41, 
        "Id" : 41, 
        "gridcode" : 2, 
        "Unixtime" : 1791626400, 
        "Timestamp" : 1791626400000, 
        "Shape__Area" : 30802374522.863281, 
        "Shape__Length" : 910390.66779512865
      }
    }, 
    {
      "type" : "Feature", 
      "id" : 42, 
      "geometry" : 
      {
        "type" : "Polygon", 
        "coordinates" : 
        [
          [
            [-79.9194037574774, 39.9966475272616], 
            [-80.0856973970172, 40.010551046094], 
            [-80.096857983609, 40.1494423428899], 
            [-80.0218635181868, 40.2691780801044], 
            [-79.8425656818606, 40.2201110692705], 
            [-79.838141017394, 40.2752844767972], 
            [-79.8848068383649, 40.3013198500311], 
            [-79.9523279375842, 40.3314471385747], 
            [-79.8507315260391, 40.4040404141339], 
            [-79.8189674713716, 40.3671682102448], 
            [-79.7477231788815, 40.3057894806001], 
            [-79.6854361339704, 40.1361593562693], 
            [-79.7907017794635, 40.0615246196655], 
            [-79.9089896081838, 40.0087434087814], 
            [-79.9194037574774, 39.9966475272616]
          ]
        ]
      }, 
      "properties" : {
        "OBJECTID" : 42, 
        "Id" : 42, 
        "gridcode" : 2, 
        "Unixtime" : 1791626400, 
        "Timestamp" : 1791626400000, 
        "Shape__Area" : 1574756343.3007813, 
        "Shape__Length" : 195551.05625013562
      }
    }, 
    {
      "type" : "Feature", 
      "id" : 43, 
      "geometry" : 
      {
        "type" : "Polygon", 
        "coordinates" : 
        [
          [
            [-124.121352118705, 41.3245145147331], 
            [-123.884200895155, 41.3140913722191], 
            [-123.771380944475, 41.2832176463774], 
            [-123.647796108903, 41.1397667868079], 
            [-123.607596413444, 40.8760046239143], 
            [-123.631941061231, 40.5731039655756], 
            [-123.671879953297, 40.3528150303894], 
            [-123.76757681222, 40.1812963297619], 
            [-123.886512152814, 40.0788185826116], 
            [-124.005168703573, 40.0044986087239], 
            [-124.031329981893, 39.9741464896688], 
            [-124.105209287978, 40.016738381771], 
            [-124.131766267999, 40.0762555147803], 
            [-124.178450075411, 40.0970928065878], 
            [-124.244298435624, 40.1437766139996], 
            [-124.375815291642, 40.2261545134201], 
            [-124.401841671656, 40.3688409492505], 
            [-124.452176726575, 40.4398334315677], 
            [-124.388828481649, 40.5818094029817], 
            [-124.268481205443, 40.7739495581257], 
            [-124.182047363595, 40.8958436682508], 
            [-124.148916339417, 41.016901408873], 
            [-124.203010560489, 41.0635042773006], 
            [-124.199215421454, 41.1107006982787], 
            [-124.20107701809, 41.1338762274061], 
            [-124.154276298812, 41.199886465588], 
            [-124.121352118705, 41.3245145147331]
          ]
        ]
      }, 
      "properties" : {
        "OBJECTID" : 43, 
        "Id" : 43, 
        "gridcode" : 2, 
        "Unixtime" : 1791626400, 
        "Timestamp" : 1791626400000, 
        "Shape__Area" : 12451574920.464844, 
        "Shape__Length" : 479268.47402352368
      }
    }, 
    {
      "type" : "Feature", 
      "id" : 44, 
      "geometry" : 
      {
        "type" : "Polygon", 
        "coordinates" : 
        [
          [
            [-109.920013797599, 39.8166032536373], 
            [-110.104132000092, 39.8299132199192], 
            [-110.307046033348, 39.9771682117437], 
            [-110.446207126757, 40.1763860313903], 
            [-110.464148601577, 40.4774430795346], 
            [-110.365699817193, 40.6322343901051], 
            [-110.261585303919, 40.7049625639712], 
            [-110.058788182529, 40.6764180822288], 
            [-109.847798237299, 40.4345004518345], 
            [-109.774359599016, 40.1602881667655], 
            [-109.805808890967, 39.9336859908159], 
            [-109.861845647658, 39.8709672713226], 
            [-109.909392804234, 39.8284922910864], 
            [-109.920013797599, 39.8166032536373]
          ]
        ]
      }, 
      "properties" : {
        "OBJECTID" : 44, 
        "Id" : 44, 
        "gridcode" : 2, 
        "Unixtime" : 1791626400, 
        "Timestamp" : 1791626400000, 
        "Shape__Area" : 7338834875.5976563, 
        "Shape__Length" : 330205.71955800883
      }
    }, 
    {
      "type" : "Feature", 
      "id" : 45, 
      "geometry" : 
      {
        "type" : "Polygon", 
        "coordinates" : 
        [
          [
            [-91.8701346989571, 39.749082154418], 
            [-91.9036704180553, 39.7605664969463], 
            [-92.1672707029805, 39.8034731517646], 
            [-92.4339736489647, 39.8900239054789], 
            [-92.69250175755, 40.0365954125483], 
            [-92.9839630394627, 40.2621363884836], 
            [-92.9607875103353, 40.3026688331002], 
            [-92.902988082434, 40.3582019694454], 
            [-92.8079657150457, 40.6950970011258], 
            [-92.7593483652348, 40.8183490875404], 
            [-92.506081290619, 41.3486523184498], 
            [-92.5157310161734, 41.821605782481], 
            [-92.4690202291002, 41.9178872007338], 
            [-92.4442618931718, 41.9436527773539], 
            [-92.1372243534211, 42.1812446687066], 
            [-91.9813718428362, 42.3743201187785], 
            [-91.7817673147097, 42.7466574322947], 
            [-91.6812590828404, 42.7984314024873], 
            [-91.5068805381063, 42.7177352352929], 
            [-91.2339542835633, 42.3580603761855], 
            [-91.1390218483795, 42.1737802957242], 
            [-91.136278916139, 42.0391068193243], 
            [-91.2040248458699, 41.8994600920098], 
            [-91.336908671398, 41.8539813761397], 
            [-91.5335544299929, 41.8155893179927], 
            [-91.7223131342437, 41.6756638008438], 
            [-91.8360054273086, 41.4549611775164], 
            [-91.8392609731154, 41.2956013109518], 
            [-91.5522063692285, 40.981045438896], 
            [-91.4060395570799, 40.7400091441068], 
            [-91.3415401799353, 40.5515831890131], 
            [-91.3357485459586, 40.2674873546578], 
            [-91.403134746871, 40.1285870646414], 
            [-91.5938269935208, 39.930115682293], 
            [-91.7371609412244, 39.832952928435], 
            [-91.8591090106722, 39.7605664969463], 
            [-91.8701346989571, 39.749082154418]
          ]
        ]
      }, 
      "properties" : {
        "OBJECTID" : 45, 
        "Id" : 45, 
        "gridcode" : 2, 
        "Unixtime" : 1791626400, 
        "Timestamp" : 1791626400000, 
        "Shape__Area" : 49645544982.046875, 
        "Shape__Length" : 1113645.7628245042
      }
    }, 
    {
      "type" : "Feature", 
      "id" : 46, 
      "geometry" : 
      {
        "type" : "Polygon", 
        "coordinates" : 
        [
          [
            [-75.913319743911, 39.5015167815743], 
            [-76.0327407184093, 39.5144939986991], 
            [-76.1903019408818, 39.6340498715044], 
            [-76.420564357559, 39.6789979873673], 
            [-76.5317295556744, 39.7518790459812], 
            [-76.5545183763219, 40.00813186979], 
            [-76.5861835055643, 40.1316897257004], 
            [-76.5467842067257, 40.2854378226974], 
            [-76.6220394755413, 40.6528648378421], 
            [-76.5812102546495, 40.792556531259], 
            [-76.5099479757184, 40.8408591183537], 
            [-76.4872221076141, 40.8404004641102], 
            [-76.3320530817842, 40.8435660777124], 
            [-76.284442972665, 40.7733380191344], 
            [-76.2522652298564, 40.5427968126229], 
            [-76.196669140968, 40.3714849560659], 
            [-76.0888853937458, 40.259294530818], 
            [-76.0373272608443, 40.2327375507974], 
            [-75.8123978239004, 40.1491635530556], 
            [-75.8117593052477, 40.1176782882225], 
            [-75.9449039341692, 39.8592221254008], 
            [-75.7897618880007, 39.7442168221487], 
            [-75.8123078916958, 39.5994529523919], 
            [-75.9022940556261, 39.5129921308822], 
            [-75.913319743911, 39.5015167815743]
          ]
        ]
      }, 
      "properties" : {
        "OBJECTID" : 46, 
        "Id" : 46, 
        "gridcode" : 2, 
        "Unixtime" : 1791626400, 
        "Timestamp" : 1791626400000, 
        "Shape__Area" : 10464214936.453125, 
        "Shape__Length" : 499664.88956207834
      }
    }, 
    {
      "type" : "Feature", 
      "id" : 47, 
      "geometry" : 
      {
        "type" : "Polygon", 
        "coordinates" : 
        [
          [
            [-86.1310840822645, 39.4339956823549], 
            [-86.2888161759257, 39.4449314384352], 
            [-86.5409141318816, 39.5542620195766], 
            [-86.6812443439513, 39.6708321431889], 
            [-86.7489632940208, 39.8510382947816], 
            [-86.6541657571439, 40.0145800088604], 
            [-86.5015687923658, 40.1418340783801], 
            [-86.4023555842427, 40.1791109771899], 
            [-86.293447684463, 40.1318875765505], 
            [-86.2417276735932, 40.088917969189], 
            [-86.1869139948849, 39.9932211102661], 
            [-86.1658788522272, 39.7592984528614], 
            [-86.0864507291178, 39.5048262867039], 
            [-86.1310840822645, 39.4339956823549]
          ]
        ]
      }, 
      "properties" : {
        "OBJECTID" : 47, 
        "Id" : 47, 
        "gridcode" : 2, 
        "Unixtime" : 1791626400, 
        "Timestamp" : 1791626400000, 
        "Shape__Area" : 5215587112.2890625, 
        "Shape__Length" : 284205.82082340406
      }
    }, 
    {
      "type" : "Feature", 
      "id" : 48, 
      "geometry" : 
      {
        "type" : "Polygon", 
        "coordinates" : 
        [
          [
            [-119.980234899921, 39.3889846139489], 
            [-120.075005457136, 39.4404977807481], 
            [-120.146969207263, 39.5509974805494], 
            [-120.109215667769, 39.6615781193348], 
            [-120.031586188752, 39.6789800009264], 
            [-119.933416194202, 39.6111980983137], 
            [-119.903873464988, 39.4794024524613], 
            [-119.944414902825, 39.420685716073], 
            [-119.971034835389, 39.4023035734513], 
            [-119.980234899921, 39.3889846139489]
          ]
        ]
      }, 
      "properties" : {
        "OBJECTID" : 48, 
        "Id" : 48, 
        "gridcode" : 2, 
        "Unixtime" : 1791626400, 
        "Timestamp" : 1791626400000, 
        "Shape__Area" : 747859541.8359375, 
        "Shape__Length" : 105989.61867580656
      }
    }, 
    {
      "type" : "Feature", 
      "id" : 49, 
      "geometry" : 
      {
        "type" : "Polygon", 
        "coordinates" : 
        [
          [
            [-84.3531064107322, 39.366483576356], 
            [-84.5740428577916, 39.3789571731351], 
            [-84.6790117270095, 39.53149118537], 
            [-84.6405657095398, 39.6189052882485], 
            [-84.4683635241573, 39.7373999610394], 
            [-84.3216211458991, 39.6283661561732], 
            [-84.2756208232423, 39.5414286939791], 
            [-84.3864352857598, 39.5063461409617], 
            [-84.3647886041108, 39.467333550603], 
            [-84.2972675048914, 39.43546157729], 
            [-84.3189141865405, 39.3998124513836], 
            [-84.3422785732974, 39.3781657697346], 
            [-84.3531064107322, 39.366483576356]
          ]
        ]
      }, 
      "properties" : {
        "OBJECTID" : 49, 
        "Id" : 49, 
        "gridcode" : 2, 
        "Unixtime" : 1791626400, 
        "Timestamp" : 1791626400000, 
        "Shape__Area" : 1553444254.40625, 
        "Shape__Length" : 164944.41308621253
      }
    }, 
    {
      "type" : "Feature", 
      "id" : 50, 
      "geometry" : 
      {
        "type" : "Polygon", 
        "coordinates" : 
        [
          [
            [-94.2557752838022, 39.1864303095112], 
            [-94.4215922826577, 39.1971951944028], 
            [-94.4904353852847, 39.3084323382819], 
            [-94.465182422231, 39.4313696619804], 
            [-94.3363275594692, 39.5111215410264], 
            [-94.2239662630325, 39.4665871133047], 
            [-94.1561573807585, 39.3570137152109], 
            [-94.1868872150729, 39.2434473272324], 
            [-94.2461795175706, 39.1993355808725], 
            [-94.2557752838022, 39.1864303095112]
          ]
        ]
      }, 
      "properties" : {
        "OBJECTID" : 50, 
        "Id" : 50, 
        "gridcode" : 1, 
        "Unixtime" : 1791626400, 
        "Timestamp" : 1791626400000, 
        "Shape__Area" : 1273846050.9960938, 
        "Shape__Length" : 132107.985986042
      }
    }, 
    {
      "type" : "Feature", 
      "id" : 51, 
      "geometry" : 
      {
        "type" : "Polygon", 
        "coordinates" : 
        [
          [
            [-84.4881396159504, 39.0964081726991], 
            [-84.6104743938781, 39.1456820276036], 
            [-84.5754188205221, 39.24125298144], 
            [-84.4979422262527, 39.1541176683958], 
            [-84.4881396159504, 39.0964081726991]
          ]
        ]
      }, 
      "properties" : {
        "OBJECTID" : 51, 
        "Id" : 51, 
        "gridcode" : 2, 
        "Unixtime" : 1791626400, 
        "Timestamp" : 1791626400000, 
        "Shape__Area" : 136147909.0859375, 
        "Shape__Length" : 53168.268332120482
      }
    }, 
    {
      "type" : "Feature", 
      "id" : 52, 
      "geometry" : 
      {
        "type" : "Polygon", 
        "coordinates" : 
        [
          [
            [-121.600669335421, 38.9838760050737], 
            [-121.717401337002, 39.0037060561896], 
            [-121.737878899991, 39.142255610608], 
            [-121.611074491495, 39.2187429506267], 
            [-121.478334557494, 39.1616809668033], 
            [-121.516375880043, 39.0540770839903], 
            [-121.590866725119, 38.9965834255847], 
            [-121.600669335421, 38.9838760050737]
          ]
        ]
      }, 
      "properties" : {
        "OBJECTID" : 52, 
        "Id" : 52, 
        "gridcode" : 2, 
        "Unixtime" : 1791626400, 
        "Timestamp" : 1791626400000, 
        "Shape__Area" : 662240317.98828125, 
        "Shape__Length" : 97899.756490274289
      }
    }, 
    {
      "type" : "Feature", 
      "id" : 53, 
      "geometry" : 
      {
        "type" : "Polygon", 
        "coordinates" : 
        [
          [
            [-75.3281668614115, 39.2989624771367], 
            [-75.3175458680473, 39.3783636205847], 
            [-75.2848375252315, 39.5004825612213], 
            [-75.1069066584155, 39.6296162138173], 
            [-75.0675343392383, 39.673682994075], 
            [-75.0711945799658, 39.7351336694833], 
            [-75.1747784932328, 39.8687999051916], 
            [-75.1362245571175, 39.9397564146269], 
            [-75.1149915636097, 39.986035527118], 
            [-75.0765725258013, 40.0203536563962], 
            [-75.1426637029675, 40.0794031419415], 
            [-75.12983037737, 40.2946378872288], 
            [-75.0146991690314, 40.3448650235021], 
            [-74.9287959271902, 40.2097868521815], 
            [-74.7888973897027, 40.0176646834784], 
            [-74.608592312685, 39.9126958142605], 
            [-74.514298396154, 39.8071513789331], 
            [-74.6198518247019, 39.6709490550549], 
            [-74.7011145647853, 39.5313652802835], 
            [-74.7311159482423, 39.08451913525], 
            [-74.7430049856915, 39.0288870734797], 
            [-74.7596784164257, 38.9735158151029], 
            [-74.8792073095696, 38.9068220921659], 
            [-74.9709471514898, 38.8994476513881], 
            [-75.0159582198959, 38.9382354112353], 
            [-74.969742059948, 39.0418193245023], 
            [-74.9126351100222, 39.1441621733457], 
            [-75.0690991595985, 39.1779137297349], 
            [-75.1558567573834, 39.1709439838779], 
            [-75.2485588738929, 39.243537259437], 
            [-75.300305864424, 39.2666228563598], 
            [-75.3281668614115, 39.2989624771367]
          ]
        ]
      }, 
      "properties" : {
        "OBJECTID" : 53, 
        "Id" : 53, 
        "gridcode" : 2, 
        "Unixtime" : 1791626400, 
        "Timestamp" : 1791626400000, 
        "Shape__Area" : 9295113617.2265625, 
        "Shape__Length" : 522020.82015688269
      }
    }, 
    {
      "type" : "Feature", 
      "id" : 54, 
      "geometry" : 
      {
        "type" : "Polygon", 
        "coordinates" : 
        [
          [
            [-120.677919950046, 38.7813217006361], 
            [-120.800533517808, 38.7935614736831], 
            [-120.912723943055, 38.8422147963759], 
            [-121.048989219477, 39.0062601308005], 
            [-121.228179137157, 39.108567006762], 
            [-121.293577836348, 39.1994255130771], 
            [-121.300745433055, 39.2697974631824], 
            [-121.259106822322, 39.4116835023918], 
            [-121.195758577396, 39.487946011899], 
            [-120.962465445424, 39.5117330800177], 
            [-120.768310808897, 39.4564787335069], 
            [-120.632378281632, 39.2988005991684], 
            [-120.555180477197, 39.0226727581414], 
            [-120.580550352117, 38.8473769049203], 
            [-120.667703651602, 38.7936154330059], 
            [-120.677919950046, 38.7813217006361]
          ]
        ]
      }, 
      "properties" : {
        "OBJECTID" : 54, 
        "Id" : 54, 
        "gridcode" : 2, 
        "Unixtime" : 1791626400, 
        "Timestamp" : 1791626400000, 
        "Shape__Area" : 5934586402.671875, 
        "Shape__Length" : 296641.4536942924
      }
    }, 
    {
      "type" : "Feature", 
      "id" : 55, 
      "geometry" : 
      {
        "type" : "Polygon", 
        "coordinates" : 
        [
          [
            [-75.1031025261606, 38.8488427998554], 
            [-75.0580914577545, 38.8488427998554], 
            [-75.0580914577545, 38.7813217006361], 
            [-75.0730381901603, 38.7888849990435], 
            [-75.1031025261606, 38.8488427998554]
          ]
        ]
      }, 
      "properties" : {
        "OBJECTID" : 55, 
        "Id" : 55, 
        "gridcode" : 2, 
        "Unixtime" : 1791626400, 
        "Timestamp" : 1791626400000, 
        "Shape__Area" : 29487182.3359375, 
        "Shape__Length" : 25838.061566011951
      }
    }, 
    {
      "type" : "Feature", 
      "id" : 56, 
      "geometry" : 
      {
        "type" : "Polygon", 
        "coordinates" : 
        [
          [
            [-90.2046802018298, 38.6237784646045], 
            [-90.2339351479886, 38.6362970274859], 
            [-90.2137004019519, 38.6749229093648], 
            [-90.2046802018298, 38.6237784646045]
          ]
        ]
      }, 
      "properties" : {
        "OBJECTID" : 56, 
        "Id" : 56, 
        "gridcode" : 1, 
        "Unixtime" : 1791626400, 
        "Timestamp" : 1791626400000, 
        "Shape__Area" : 10974871.28515625, 
        "Shape__Length" : 17021.115695525143
      }
    }, 
    {
      "type" : "Feature", 
      "id" : 57, 
      "geometry" : 
      {
        "type" : "Polygon", 
        "coordinates" : 
        [
          [
            [-90.182179164237, 38.5112462969791], 
            [-90.2790001757175, 38.563865629895], 
            [-90.3123380439655, 38.6432577801226], 
            [-90.2728218332609, 38.7004906351348], 
            [-90.1545879638634, 38.6738077500277], 
            [-90.1280849431656, 38.5555648874097], 
            [-90.1729880929261, 38.5245652564815], 
            [-90.182179164237, 38.5112462969791]
          ], 
          [
            [-90.2046802018298, 38.6237784646045], 
            [-90.2137004019519, 38.6749229093648], 
            [-90.2339351479886, 38.6362970274859], 
            [-90.2046802018298, 38.6237784646045]
          ]
        ]
      }, 
      "properties" : {
        "OBJECTID" : 57, 
        "Id" : 57, 
        "gridcode" : 2, 
        "Unixtime" : 1791626400, 
        "Timestamp" : 1791626400000, 
        "Shape__Area" : 352293535.2421875, 
        "Shape__Length" : 90942.188781075354
      }
    }, 
    {
      "type" : "Feature", 
      "id" : 58, 
      "geometry" : 
      {
        "type" : "Polygon", 
        "coordinates" : 
        [
          [
            [-76.7685480300674, 38.4437341909802], 
            [-76.839018905598, 38.4649491980471], 
            [-76.8827529366986, 38.5433341075831], 
            [-76.9320537712645, 38.7603135376397], 
            [-76.9848259889282, 38.8856340647604], 
            [-76.9805542092093, 38.9388649366676], 
            [-76.9860310804699, 39.0070245545397], 
            [-76.6725903677512, 38.8880802207257], 
            [-76.5780896071496, 38.7547917002768], 
            [-76.642490058869, 38.5755927893758], 
            [-76.7097773343564, 38.4974866696742], 
            [-76.7581338807739, 38.4558210792795], 
            [-76.7685480300674, 38.4437341909802]
          ]
        ]
      }, 
      "properties" : {
        "OBJECTID" : 58, 
        "Id" : 58, 
        "gridcode" : 2, 
        "Unixtime" : 1791626400, 
        "Timestamp" : 1791626400000, 
        "Shape__Area" : 2174575602.3359375, 
        "Shape__Length" : 198834.76118490865
      }
    }, 
    {
      "type" : "Feature", 
      "id" : 59, 
      "geometry" : 
      {
        "type" : "Polygon", 
        "coordinates" : 
        [
          [
            [-75.4857011042225, 38.421224160167], 
            [-75.579887102108, 38.4327354823567], 
            [-75.7594187621661, 38.4706239201579], 
            [-75.8208334646926, 38.5534604738219], 
            [-75.8450072412911, 38.7170291675621], 
            [-75.7962549931734, 38.8361353793443], 
            [-75.5798960953285, 38.8160085519532], 
            [-75.3307119428019, 38.7736774632444], 
            [-75.1852466018491, 38.7141423437942], 
            [-75.1705516796163, 38.6146683322778], 
            [-75.2501057078121, 38.5116060257976], 
            [-75.3829805401198, 38.4535368012824], 
            [-75.4758984939203, 38.433931580678], 
            [-75.4857011042225, 38.421224160167]
          ]
        ]
      }, 
      "properties" : {
        "OBJECTID" : 59, 
        "Id" : 59, 
        "gridcode" : 2, 
        "Unixtime" : 1791626400, 
        "Timestamp" : 1791626400000, 
        "Shape__Area" : 3334044024.5742188, 
        "Shape__Length" : 218361.54622312807
      }
    }, 
    {
      "type" : "Feature", 
      "id" : 60, 
      "geometry" : 
      {
        "type" : "Polygon", 
        "coordinates" : 
        [
          [
            [-95.7861965757114, 38.3762130917609], 
            [-96.1990393541828, 38.3871128749593], 
            [-96.4100023197512, 38.481244913522], 
            [-96.6191666412275, 38.7254917880157], 
            [-96.7193601103807, 38.9511946419192], 
            [-96.6953032456482, 39.1588301159172], 
            [-96.5328227315837, 39.3851085359303], 
            [-96.3257268508135, 39.5699551892806], 
            [-96.1188917734365, 39.7410512085465], 
            [-95.9991650294425, 39.8270174029309], 
            [-95.9623018187739, 39.8697981526627], 
            [-95.7896859452501, 39.917039539743], 
            [-95.6877837642093, 39.8820109460484], 
            [-95.6632412655719, 39.8270174029309], 
            [-95.5454480639769, 39.7255289100312], 
            [-95.3503491393013, 39.4503633435935], 
            [-95.284878494347, 39.2720997276204], 
            [-95.2669280263073, 39.0486541720525], 
            [-95.3180275049653, 38.7684883750385], 
            [-95.3921586212233, 38.5731466334105], 
            [-95.4685290493761, 38.4845094525493], 
            [-95.6046414410496, 38.427177672112], 
            [-95.7757734331973, 38.3882999800601], 
            [-95.7861965757114, 38.3762130917609]
          ]
        ]
      }, 
      "properties" : {
        "OBJECTID" : 60, 
        "Id" : 60, 
        "gridcode" : 1, 
        "Unixtime" : 1791626400, 
        "Timestamp" : 1791626400000, 
        "Shape__Area" : 25946851154.144531, 
        "Shape__Length" : 599764.839622649
      }
    }, 
    {
      "type" : "Feature", 
      "id" : 61, 
      "geometry" : 
      {
        "type" : "Polygon", 
        "coordinates" : 
        [
          [
            [-77.4662420734129, 37.4984747747911], 
            [-77.5666783595186, 37.5167939648697], 
            [-77.5016483823669, 37.6425461665724], 
            [-77.4184880727663, 37.6889421909294], 
            [-77.4064551437898, 37.6331572444114], 
            [-77.4662420734129, 37.4984747747911]
          ]
        ]
      }, 
      "properties" : {
        "OBJECTID" : 61, 
        "Id" : 61, 
        "gridcode" : 2, 
        "Unixtime" : 1791626400, 
        "Timestamp" : 1791626400000, 
        "Shape__Area" : 253339548.90234375, 
        "Shape__Length" : 69896.897117568471
      }
    }, 
    {
      "type" : "Feature", 
      "id" : 62, 
      "geometry" : 
      {
        "type" : "Polygon", 
        "coordinates" : 
        [
          [
            [-119.552616260232, 37.453463706385], 
            [-119.632431091821, 37.4636800048285], 
            [-119.810397931519, 37.6233006747864], 
            [-119.967941167551, 37.7132508658349], 
            [-119.9400082248, 37.8672507730048], 
            [-119.826855524962, 38.0265207073648], 
            [-119.673718966957, 38.1142225932981], 
            [-119.432053146735, 38.1388550241401], 
            [-119.317614416372, 38.0048020799521], 
            [-119.272333551352, 37.8428251862334], 
            [-119.306858524701, 37.6584281939061], 
            [-119.424390922903, 37.516937856397], 
            [-119.542399961789, 37.4657574387548], 
            [-119.552616260232, 37.453463706385]
          ]
        ]
      }, 
      "properties" : {
        "OBJECTID" : 62, 
        "Id" : 62, 
        "gridcode" : 3, 
        "Unixtime" : 1791626400, 
        "Timestamp" : 1791626400000, 
        "Shape__Area" : 5232500628.1289063, 
        "Shape__Length" : 269751.82246737904
      }
    }, 
    {
      "type" : "Feature", 
      "id" : 63, 
      "geometry" : 
      {
        "type" : "Polygon", 
        "coordinates" : 
        [
          [
            [-122.118310111922, 36.9808339982904], 
            [-122.241256428841, 37.0517185619621], 
            [-122.195579862121, 37.169547736439], 
            [-122.092922250561, 37.1777945196015], 
            [-122.040914456637, 37.1329813020456], 
            [-122.035536510801, 37.0660627485971], 
            [-122.07162630451, 37.0241723276908], 
            [-122.107895962628, 36.9929298798102], 
            [-122.118310111922, 36.9808339982904]
          ]
        ]
      }, 
      "properties" : {
        "OBJECTID" : 63, 
        "Id" : 63, 
        "gridcode" : 2, 
        "Unixtime" : 1791626400, 
        "Timestamp" : 1791626400000, 
        "Shape__Area" : 430238227.1328125, 
        "Shape__Length" : 78543.2668367605
      }
    }, 
    {
      "type" : "Feature", 
      "id" : 64, 
      "geometry" : 
      {
        "type" : "Polygon", 
        "coordinates" : 
        [
          [
            [-121.848234708265, 36.6657475262275], 
            [-121.510701157932, 36.4894354390943], 
            [-121.396918932663, 36.3710127120671], 
            [-121.494117659402, 35.9389334350301], 
            [-121.510647198609, 35.9230514076964], 
            [-121.524883466599, 35.9728648558285], 
            [-121.602539925277, 36.0055821918647], 
            [-121.676554129669, 36.1274313358875], 
            [-121.861868430484, 36.2399994763948], 
            [-121.928256383925, 36.2931584025383], 
            [-121.94826629945, 36.3856716614181], 
            [-122.006947062957, 36.5911667489464], 
            [-121.950532591006, 36.661619638036], 
            [-121.881356739222, 36.6530221192755], 
            [-121.848234708265, 36.6657475262275]
          ]
        ]
      }, 
      "properties" : {
        "OBJECTID" : 64, 
        "Id" : 64, 
        "gridcode" : 2, 
        "Unixtime" : 1791626400, 
        "Timestamp" : 1791626400000, 
        "Shape__Area" : 3724647051.8945313, 
        "Shape__Length" : 266307.31331362925
      }
    }, 
    {
      "type" : "Feature", 
      "id" : 65, 
      "geometry" : 
      {
        "type" : "Polygon", 
        "coordinates" : 
        [
          [
            [-83.8804767026377, 35.540443836414], 
            [-84.0244491689939, 35.5517213348718], 
            [-84.0928336173775, 35.6650808787796], 
            [-84.0669960949937, 35.8141614943576], 
            [-83.8730123296552, 35.8428318811865], 
            [-83.7806429623028, 35.7322242627396], 
            [-83.8022806507314, 35.6059324678092], 
            [-83.8706740923354, 35.553151256925], 
            [-83.8804767026377, 35.540443836414]
          ]
        ]
      }, 
      "properties" : {
        "OBJECTID" : 65, 
        "Id" : 65, 
        "gridcode" : 2, 
        "Unixtime" : 1791626400, 
        "Timestamp" : 1791626400000, 
        "Shape__Area" : 1111824883.2578125, 
        "Shape__Length" : 124339.92914538385
      }
    }, 
    {
      "type" : "Feature", 
      "id" : 66, 
      "geometry" : 
      {
        "type" : "Polygon", 
        "coordinates" : 
        [
          [
            [-119.732660533857, 35.4954327680079], 
            [-119.896867746249, 35.5474225754916], 
            [-120.06434849089, 35.7368737577178], 
            [-120.247126703534, 35.9894483543582], 
            [-120.236928391532, 36.2466184866539], 
            [-120.305825453482, 36.3768133392643], 
            [-120.309404755225, 36.4671142659107], 
            [-120.275833063245, 36.5382416465348], 
            [-120.12582614596, 36.6482647056517], 
            [-120.128623037523, 36.7188524930482], 
            [-120.104440267704, 36.7449508188253], 
            [-119.971673354042, 36.8306831894777], 
            [-119.879384925674, 37.005106700314], 
            [-119.931833387401, 37.1927232655663], 
            [-120.096373348951, 37.1992433504004], 
            [-120.184497916246, 37.1175849086167], 
            [-120.346654674374, 36.9425768384504], 
            [-120.756133988393, 36.8815218647423], 
            [-120.848863084564, 36.9674340998039], 
            [-120.991693411921, 37.1215958849422], 
            [-121.228332021905, 37.3160562909651], 
            [-121.236264042352, 37.5161824258783], 
            [-121.174678468636, 37.6466650615434], 
            [-120.978302506655, 37.914411221101], 
            [-120.854196064297, 37.8835285020388], 
            [-120.579381233457, 37.7635949139742], 
            [-120.362887437305, 37.8151710333166], 
            [-120.248061998462, 37.9215608313673], 
            [-120.18107149925, 38.0481583957934], 
            [-120.086687650515, 38.2481406391792], 
            [-119.958920967429, 38.3360583624036], 
            [-119.720978340478, 38.3645308983823], 
            [-119.550673724613, 38.4091552583086], 
            [-119.310123063728, 38.418688071997], 
            [-119.120339132345, 38.3734881459612], 
            [-119.024327510706, 38.2339583305126], 
            [-119.01679119196, 38.0438326567518], 
            [-119.067450002815, 37.7785146667186], 
            [-119.124431047655, 37.5610585959775], 
            [-119.069167707923, 37.4033804616391], 
            [-119.109538274572, 37.2651186902754], 
            [-119.217924567565, 37.1076114271257], 
            [-119.099798616813, 36.8843727156284], 
            [-119.037124863422, 36.6703160822215], 
            [-119.046675663551, 36.4294326721802], 
            [-119.044957958443, 36.3860223970161], 
            [-119.116355135681, 36.336892433639], 
            [-119.267818954681, 36.2889405821422], 
            [-119.313054853599, 36.0291444294719], 
            [-119.348632033741, 35.7688356632353], 
            [-119.45517471654, 35.6538483464241], 
            [-119.603940569402, 35.5627560163771], 
            [-119.721841689642, 35.5071149613864], 
            [-119.732660533857, 35.4954327680079]
          ], 
          [
            [-119.552616260232, 37.453463706385], 
            [-119.542399961789, 37.4657574387548], 
            [-119.424390922903, 37.516937856397], 
            [-119.306858524701, 37.6584281939061], 
            [-119.272333551352, 37.8428251862334], 
            [-119.317614416372, 38.0048020799521], 
            [-119.432053146735, 38.1388550241401], 
            [-119.673718966957, 38.1142225932981], 
            [-119.826855524962, 38.0265207073648], 
            [-119.9400082248, 37.8672507730048], 
            [-119.967941167551, 37.7132508658349], 
            [-119.810397931519, 37.6233006747864], 
            [-119.632431091821, 37.4636800048285], 
            [-119.552616260232, 37.453463706385]
          ]
        ]
      }, 
      "properties" : {
        "OBJECTID" : 66, 
        "Id" : 66, 
        "gridcode" : 2, 
        "Unixtime" : 1791626400, 
        "Timestamp" : 1791626400000, 
        "Shape__Area" : 50976204222.863281, 
        "Shape__Length" : 1537448.1268953525
      }
    }, 
    {
      "type" : "Feature", 
      "id" : 67, 
      "geometry" : 
      {
        "type" : "Polygon", 
        "coordinates" : 
        [
          [
            [-118.967454384512, 35.1578452583521], 
            [-119.089132657346, 35.1694555059669], 
            [-119.157310261659, 35.2824733074972], 
            [-119.0913539828, 35.3891508886027], 
            [-118.968479611645, 35.407308200713], 
            [-118.890130674991, 35.3016378602991], 
            [-118.909744888816, 35.2351689678737], 
            [-118.967454384512, 35.1578452583521]
          ]
        ]
      }, 
      "properties" : {
        "OBJECTID" : 67, 
        "Id" : 67, 
        "gridcode" : 2, 
        "Unixtime" : 1791626400, 
        "Timestamp" : 1791626400000, 
        "Shape__Area" : 712423253.83203125, 
        "Shape__Length" : 99526.791634206384
      }
    }, 
    {
      "type" : "Feature", 
      "id" : 68, 
      "geometry" : 
      {
        "type" : "Polygon", 
        "coordinates" : 
        [
          [
            [-106.566603765751, 35.1578452583521], 
            [-106.689073441986, 35.1697972483444], 
            [-106.705036408304, 35.2981125178785], 
            [-106.629835098811, 35.3074654671577], 
            [-106.580363393056, 35.2678503310281], 
            [-106.566603765751, 35.1578452583521]
          ]
        ]
      }, 
      "properties" : {
        "OBJECTID" : 68, 
        "Id" : 68, 
        "gridcode" : 2, 
        "Unixtime" : 1791626400, 
        "Timestamp" : 1791626400000, 
        "Shape__Area" : 244735179.046875, 
        "Shape__Length" : 62556.953020203538
      }
    }, 
    {
      "type" : "Feature", 
      "id" : 69, 
      "geometry" : 
      {
        "type" : "Polygon", 
        "coordinates" : 
        [
          [
            [-106.589113796564, 34.7752376870697], 
            [-106.664737787419, 34.7871626974006], 
            [-106.733338073094, 34.8756739731754], 
            [-106.713427082993, 35.025060358249], 
            [-106.677741984205, 35.1204424544558], 
            [-106.590381840649, 35.0601249248255], 
            [-106.512401626034, 34.9403712011701], 
            [-106.532087785623, 34.821579752104], 
            [-106.579922725254, 34.7885566465721], 
            [-106.589113796564, 34.7752376870697]
          ]
        ]
      }, 
      "properties" : {
        "OBJECTID" : 69, 
        "Id" : 69, 
        "gridcode" : 2, 
        "Unixtime" : 1791626400, 
        "Timestamp" : 1791626400000, 
        "Shape__Area" : 775401667.453125, 
        "Shape__Length" : 113245.74553957558
      }
    }, 
    {
      "type" : "Feature", 
      "id" : 70, 
      "geometry" : 
      {
        "type" : "Polygon", 
        "coordinates" : 
        [
          [
            [-109.469894120317, 34.7302266186636], 
            [-109.461773242241, 34.7578447986985], 
            [-109.443705862336, 34.737924815378], 
            [-109.469894120317, 34.7302266186636]
          ]
        ]
      }, 
      "properties" : {
        "OBJECTID" : 70, 
        "Id" : 70, 
        "gridcode" : 1, 
        "Unixtime" : 1791626400, 
        "Timestamp" : 1791626400000, 
        "Shape__Area" : 4982437.30859375, 
        "Shape__Length" : 10311.118707846952
      }
    }, 
    {
      "type" : "Feature", 
      "id" : 71, 
      "geometry" : 
      {
        "type" : "Polygon", 
        "coordinates" : 
        [
          [
            [-110.347623444067, 35.2478673951642], 
            [-110.269400412499, 35.2191430490126], 
            [-109.997949046112, 35.1474311090585], 
            [-109.79161758908, 35.0856296980522], 
            [-109.574521247158, 34.9645000116663], 
            [-109.38152673607, 34.799231599259], 
            [-109.289840853473, 34.6402044818514], 
            [-109.302602233306, 34.6217234138046], 
            [-109.346111433895, 34.631472064784], 
            [-109.382192234384, 34.6233871595898], 
            [-109.434074123222, 34.6985255165395], 
            [-109.460694055786, 34.7169166523816], 
            [-109.469894120317, 34.7302266186636], 
            [-109.548279029853, 34.78695585333], 
            [-109.582417294722, 34.7855978770405], 
            [-109.616573546032, 34.78695585333], 
            [-109.918161194184, 34.5301274634118], 
            [-110.272053412535, 34.3997617396127], 
            [-110.714510865984, 34.2771301854098], 
            [-111.186834804583, 34.2028641708449], 
            [-111.646379376907, 34.1846439061914], 
            [-111.954729926845, 34.2337648763481], 
            [-112.296652168763, 34.3290750267911], 
            [-112.534028222824, 34.4215163399072], 
            [-112.688783560513, 34.5649042469335], 
            [-112.918335512774, 34.998710222299], 
            [-113.013726602201, 35.2708720531028], 
            [-113.023187470126, 35.5096510495564], 
            [-112.936780607939, 35.6927440249169], 
            [-112.787421202526, 35.882680841048], 
            [-112.246029330789, 36.0434886161068], 
            [-111.924593645081, 36.0914134879422], 
            [-111.552013514612, 36.0629499451839], 
            [-111.243905781626, 35.9494195300873], 
            [-111.017879171786, 35.7836295108933], 
            [-110.539727626329, 35.3276012877693], 
            [-110.381815668258, 35.258695232599], 
            [-110.347623444067, 35.2478673951642]
          ], 
          [
            [-109.443705862336, 34.737924815378], 
            [-109.461773242241, 34.7578447986985], 
            [-109.469894120317, 34.7302266186636], 
            [-109.443705862336, 34.737924815378]
          ]
        ]
      }, 
      "properties" : {
        "OBJECTID" : 71, 
        "Id" : 71, 
        "gridcode" : 2, 
        "Unixtime" : 1791626400, 
        "Timestamp" : 1791626400000, 
        "Shape__Area" : 67699110464.15625, 
        "Shape__Length" : 1100514.2687114808
      }
    }, 
    {
      "type" : "Feature", 
      "id" : 72, 
      "geometry" : 
      {
        "type" : "Polygon", 
        "coordinates" : 
        [
          [
            [-119.777680595483, 33.9200094009132], 
            [-119.888153315623, 33.9387782520148], 
            [-119.922516411004, 34.0227389582364], 
            [-119.96752747941, 34.0574797688763], 
            [-119.937589048496, 34.1075180475199], 
            [-119.655156959926, 34.0611220231629], 
            [-119.500626452749, 34.0839558099128], 
            [-119.489034191575, 34.0055169410541], 
            [-119.539917832942, 33.9748230796215], 
            [-119.764856263106, 33.9366108858837], 
            [-119.777680595483, 33.9200094009132]
          ]
        ]
      }, 
      "properties" : {
        "OBJECTID" : 72, 
        "Id" : 72, 
        "gridcode" : 1, 
        "Unixtime" : 1791626400, 
        "Timestamp" : 1791626400000, 
        "Shape__Area" : 837962710.890625, 
        "Shape__Length" : 134162.34887225911
      }
    }, 
    {
      "type" : "Feature", 
      "id" : 73, 
      "geometry" : 
      {
        "type" : "Polygon", 
        "coordinates" : 
        [
          [
            [-120.04774700592, 33.8749983325071], 
            [-120.181368275525, 33.8886230615051], 
            [-120.238214422058, 33.9546063200257], 
            [-120.262397191877, 33.9754346186128], 
            [-120.28333340911, 33.9997432935182], 
            [-120.427467753434, 33.9881600255648], 
            [-120.485779794902, 34.0383961550586], 
            [-120.451803408001, 34.0852688201001], 
            [-120.352536240555, 34.0932458066487], 
            [-120.250849896805, 34.0365165719823], 
            [-120.022008408961, 34.0548987146041], 
            [-119.99232178822, 34.0204456870189], 
            [-119.947850313041, 33.9821345678561], 
            [-119.943758397732, 33.9312599197096], 
            [-120.033942412512, 33.8910152581477], 
            [-120.04774700592, 33.8749983325071]
          ]
        ]
      }, 
      "properties" : {
        "OBJECTID" : 73, 
        "Id" : 73, 
        "gridcode" : 1, 
        "Unixtime" : 1791626400, 
        "Timestamp" : 1791626400000, 
        "Shape__Area" : 898198303.94921875, 
        "Shape__Length" : 150640.42077548828
      }
    }, 
    {
      "type" : "Feature", 
      "id" : 74, 
      "geometry" : 
      {
        "type" : "Polygon", 
        "coordinates" : 
        [
          [
            [-118.427312570419, 33.829987264101], 
            [-118.434875868826, 33.8674350340996], 
            [-118.472323638825, 33.9425194317265], 
            [-118.460236750526, 33.95293358102], 
            [-118.427942095851, 33.99040833068], 
            [-118.441279041794, 34.1563242549604], 
            [-118.436161899352, 34.2200142422636], 
            [-118.360178179679, 34.3271774572739], 
            [-118.222617879511, 34.3686002307161], 
            [-118.08421221662, 34.3307207861354], 
            [-118.056800880656, 34.1703177059974], 
            [-118.101811949062, 34.089639525244], 
            [-118.130194552836, 34.0260394701455], 
            [-118.12166897984, 33.9200094009132], 
            [-118.125230295142, 33.8756818172621], 
            [-118.245973273048, 33.8393222269393], 
            [-118.293493449963, 33.8431443456351], 
            [-118.427312570419, 33.829987264101]
          ]
        ]
      }, 
      "properties" : {
        "OBJECTID" : 74, 
        "Id" : 74, 
        "gridcode" : 2, 
        "Unixtime" : 1791626400, 
        "Timestamp" : 1791626400000, 
        "Shape__Area" : 2488814905.609375, 
        "Shape__Length" : 202025.91516754872
      }
    }, 
    {
      "type" : "Feature", 
      "id" : 75, 
      "geometry" : 
      {
        "type" : "Polygon", 
        "coordinates" : 
        [
          [
            [-116.851889203324, 33.784976195695], 
            [-116.948710214805, 33.7957141009251], 
            [-117.018416666596, 33.8843332953453], 
            [-116.958009204761, 33.9740136897801], 
            [-116.850576193137, 33.9369526282613], 
            [-116.826933016545, 33.8431173659737], 
            [-116.851889203324, 33.784976195695]
          ]
        ]
      }, 
      "properties" : {
        "OBJECTID" : 75, 
        "Id" : 75, 
        "gridcode" : 2, 
        "Unixtime" : 1791626400, 
        "Timestamp" : 1791626400000, 
        "Shape__Area" : 364638233.03515625, 
        "Shape__Length" : 72923.085868447015
      }
    }, 
    {
      "type" : "Feature", 
      "id" : 76, 
      "geometry" : 
      {
        "type" : "Polygon", 
        "coordinates" : 
        [
          [
            [-78.7040779308518, 33.784976195695], 
            [-78.6920270154343, 34.0735236741783], 
            [-78.6319343163156, 34.2449704290422], 
            [-78.4930610059606, 34.5074285749688], 
            [-78.3134663933593, 34.7684208259604], 
            [-78.1743052999496, 34.8973566277063], 
            [-77.9584410292301, 35.018873022572], 
            [-77.7196530395561, 35.0944700337651], 
            [-77.2855862607972, 35.0772660030237], 
            [-76.9661380768108, 34.9837455034523], 
            [-76.7948801795766, 34.8931298140897], 
            [-76.8526796074779, 34.7524218867608], 
            [-76.8810801976929, 34.6627055194443], 
            [-77.1631885303264, 34.5986198304409], 
            [-77.5640613323645, 34.3821080478482], 
            [-77.8014104067648, 34.1621968279214], 
            [-77.9514892698139, 33.8055796637706], 
            [-78.0990860040158, 33.8836767902517], 
            [-78.1864371543512, 33.8871391801292], 
            [-78.2201977039608, 33.885808183501], 
            [-78.2559817281742, 33.8872201191133], 
            [-78.4686174327483, 33.8533516508581], 
            [-78.5698900883568, 33.7997610501324], 
            [-78.6698857066599, 33.7957950399093], 
            [-78.7040779308518, 33.784976195695]
          ]
        ]
      }, 
      "properties" : {
        "OBJECTID" : 76, 
        "Id" : 76, 
        "gridcode" : 2, 
        "Unixtime" : 1791626400, 
        "Timestamp" : 1791626400000, 
        "Shape__Area" : 19865308235.417969, 
        "Shape__Length" : 630479.83553121425
      }
    }, 
    {
      "type" : "Feature", 
      "id" : 77, 
      "geometry" : 
      {
        "type" : "Polygon", 
        "coordinates" : 
        [
          [
            [-117.347019949011, 33.5374018296308], 
            [-117.458940577645, 33.5490660365684], 
            [-117.547173063586, 33.7006287809935], 
            [-117.739097381439, 33.8226847690869], 
            [-117.74847731038, 33.9799941813864], 
            [-117.699976872435, 34.1151532916911], 
            [-117.668869322861, 34.3807500715586], 
            [-117.549232511071, 34.3408381591538], 
            [-117.355491562685, 34.1240026206245], 
            [-117.091567521824, 33.9764868254068], 
            [-117.086387426838, 33.8896213089763], 
            [-117.141929556404, 33.8274511759311], 
            [-117.213245794658, 33.7637342089666], 
            [-117.257771229159, 33.6195459053193], 
            [-117.336398955647, 33.5492908670799], 
            [-117.347019949011, 33.5374018296308]
          ]
        ]
      }, 
      "properties" : {
        "OBJECTID" : 77, 
        "Id" : 77, 
        "gridcode" : 2, 
        "Unixtime" : 1791626400, 
        "Timestamp" : 1791626400000, 
        "Shape__Area" : 4715676158.6054688, 
        "Shape__Length" : 292513.87806652609
      }
    }, 
    {
      "type" : "Feature", 
      "id" : 78, 
      "geometry" : 
      {
        "type" : "Polygon", 
        "coordinates" : 
        [
          [
            [-111.990567910381, 33.3798585935993], 
            [-112.04558843316, 33.3955967294056], 
            [-112.00597329703, 33.4337369773797], 
            [-111.990567910381, 33.3798585935993]
          ]
        ]
      }, 
      "properties" : {
        "OBJECTID" : 78, 
        "Id" : 78, 
        "gridcode" : 2, 
        "Unixtime" : 1791626400, 
        "Timestamp" : 1791626400000, 
        "Shape__Area" : 20203661.66796875, 
        "Shape__Length" : 20592.918292793172
      }
    }, 
    {
      "type" : "Feature", 
      "id" : 79, 
      "geometry" : 
      {
        "type" : "Polygon", 
        "coordinates" : 
        [
          [
            [-118.2922793652, 33.2673354191943], 
            [-118.488079761072, 33.303047497644], 
            [-118.527748856524, 33.391954475119], 
            [-118.617375291636, 33.431947326508], 
            [-118.623382762904, 33.5067439410801], 
            [-118.562345775637, 33.5018336427085], 
            [-118.527964693816, 33.5046035546104], 
            [-118.449552804618, 33.4608515370688], 
            [-118.366005786538, 33.4356974994402], 
            [-118.326867291093, 33.3902817361133], 
            [-118.266288958069, 33.3380850845591], 
            [-118.2922793652, 33.2673354191943]
          ]
        ]
      }, 
      "properties" : {
        "OBJECTID" : 79, 
        "Id" : 79, 
        "gridcode" : 1, 
        "Unixtime" : 1791626400, 
        "Timestamp" : 1791626400000, 
        "Shape__Area" : 658588055.16796875, 
        "Shape__Length" : 114338.21290197145
      }
    }, 
    {
      "type" : "Feature", 
      "id" : 80, 
      "geometry" : 
      {
        "type" : "Polygon", 
        "coordinates" : 
        [
          [
            [-119.46259412342, 33.1773042891617], 
            [-119.493674693332, 33.1912347876554], 
            [-119.583049318271, 33.2122789235336], 
            [-119.619750650972, 33.2941981687106], 
            [-119.550206077149, 33.3158628368005], 
            [-119.41399476005, 33.2694398327822], 
            [-119.400001309013, 33.2245097033602], 
            [-119.4540145911, 33.1912347876554], 
            [-119.46259412342, 33.1773042891617]
          ]
        ]
      }, 
      "properties" : {
        "OBJECTID" : 80, 
        "Id" : 80, 
        "gridcode" : 1, 
        "Unixtime" : 1791626400, 
        "Timestamp" : 1791626400000, 
        "Shape__Area" : 276642329.42578125, 
        "Shape__Length" : 66273.7132582574
      }
    }, 
    {
      "type" : "Feature", 
      "id" : 81, 
      "geometry" : 
      {
        "type" : "Polygon", 
        "coordinates" : 
        [
          [
            [-115.253955805416, 33.0647811147567], 
            [-115.551667375549, 33.0951422270322], 
            [-115.667904750004, 33.1378330445594], 
            [-115.892852173389, 33.1990588894562], 
            [-115.917367692365, 33.2804835075079], 
            [-116.087699287892, 33.1470870684135], 
            [-116.281125473562, 33.1315377902369], 
            [-116.45363342844, 33.2801687447918], 
            [-116.467240170997, 33.4494841064065], 
            [-116.307358697646, 33.5817384065023], 
            [-116.104822379649, 33.6561123397128], 
            [-115.946811496154, 33.6688107670034], 
            [-115.814934911317, 33.6291056986692], 
            [-115.761641086867, 33.56725032834], 
            [-115.604043891512, 33.7936006941168], 
            [-115.419395089012, 33.9517284894783], 
            [-115.26203171739, 34.0395293008366], 
            [-115.041320100842, 34.0572639315853], 
            [-114.891807810682, 33.9636175269274], 
            [-114.774167493835, 33.8134037655714], 
            [-114.75416657153, 33.5645073960995], 
            [-114.83535736585, 33.382565552958], 
            [-114.986371523827, 33.1722500992627], 
            [-115.115442223879, 33.100232389813], 
            [-115.243541656122, 33.0768680030559], 
            [-115.253955805416, 33.0647811147567]
          ]
        ]
      }, 
      "properties" : {
        "OBJECTID" : 81, 
        "Id" : 81, 
        "gridcode" : 2, 
        "Unixtime" : 1791626400, 
        "Timestamp" : 1791626400000, 
        "Shape__Area" : 15764734686.445313, 
        "Shape__Length" : 556974.630824841
      }
    }, 
    {
      "type" : "Feature", 
      "id" : 82, 
      "geometry" : 
      {
        "type" : "Polygon", 
        "coordinates" : 
        [
          [
            [-117.617095352668, 33.3798585935993], 
            [-117.606474359304, 33.3917476310484], 
            [-117.478069157566, 33.4805107169961], 
            [-117.29976057549, 33.3559546136146], 
            [-117.201365750429, 33.1772773095003], 
            [-117.291387887241, 33.0316500905793], 
            [-117.302008880605, 32.9972600155374], 
            [-117.314707307896, 33.0070626258396], 
            [-117.356148067779, 33.1083172950072], 
            [-117.40183362772, 33.1675016788595], 
            [-117.427239475521, 33.1871158926844], 
            [-117.514365795345, 33.3025438772982], 
            [-117.607283749146, 33.3671601663087], 
            [-117.617095352668, 33.3798585935993]
          ]
        ]
      }, 
      "properties" : {
        "OBJECTID" : 82, 
        "Id" : 82, 
        "gridcode" : 2, 
        "Unixtime" : 1791626400, 
        "Timestamp" : 1791626400000, 
        "Shape__Area" : 1215666016.0664063, 
        "Shape__Length" : 162117.30689792993
      }
    }, 
    {
      "type" : "Feature", 
      "id" : 83, 
      "geometry" : 
      {
        "type" : "Polygon", 
        "coordinates" : 
        [
          [
            [-118.404802539605, 32.7721956802865], 
            [-118.467764076051, 32.792133650048], 
            [-118.545519460155, 32.8641783391591], 
            [-118.640685719071, 33.0440337551537], 
            [-118.582841325067, 33.0705367758516], 
            [-118.304150416209, 32.8123234299824], 
            [-118.393983695391, 32.783877873665], 
            [-118.404802539605, 32.7721956802865]
          ]
        ]
      }, 
      "properties" : {
        "OBJECTID" : 83, 
        "Id" : 83, 
        "gridcode" : 1, 
        "Unixtime" : 1791626400, 
        "Timestamp" : 1791626400000, 
        "Shape__Area" : 575474050.07421875, 
        "Shape__Length" : 112678.16009731099
      }
    }, 
    {
      "type" : "Feature", 
      "id" : 84, 
      "geometry" : 
      {
        "type" : "Polygon", 
        "coordinates" : 
        [
          [
            [-112.0580890096, 32.7721956802865], 
            [-112.156411888897, 32.7833832465397], 
            [-112.188256882549, 32.8591871018034], 
            [-112.137022505584, 32.9333901638251], 
            [-112.030497809226, 32.9572671641484], 
            [-112.006512890258, 32.8502478406654], 
            [-112.0580890096, 32.7721956802865]
          ]
        ]
      }, 
      "properties" : {
        "OBJECTID" : 84, 
        "Id" : 84, 
        "gridcode" : 2, 
        "Unixtime" : 1791626400, 
        "Timestamp" : 1791626400000, 
        "Shape__Area" : 351560431.1015625, 
        "Shape__Length" : 71603.128449742057
      }
    }, 
    {
      "type" : "Feature", 
      "id" : 85, 
      "geometry" : 
      {
        "type" : "Polygon", 
        "coordinates" : 
        [
          [
            [-116.649334898886, 31.7819341889117], 
            [-116.659542204109, 31.8167289588744], 
            [-116.760949758025, 31.8887736479855], 
            [-116.794575409328, 31.9292611264998], 
            [-116.905740607443, 31.9978254392927], 
            [-116.943233343544, 32.208221831972], 
            [-117.061530165485, 32.2595281547007], 
            [-117.155167576922, 32.4791246119114], 
            [-117.180852214558, 32.6515876006873], 
            [-117.268581080153, 32.6426483395493], 
            [-117.289715148235, 32.7844894126563], 
            [-117.315112002817, 32.8288349827483], 
            [-117.302008880605, 32.8397167795059], 
            [-117.191005560458, 32.7904429246014], 
            [-117.064857657055, 32.7617815309929], 
            [-116.999009296841, 32.7150977235811], 
            [-116.838606216704, 32.6906541503688], 
            [-116.661421787186, 32.5800555251424], 
            [-116.503977476579, 32.489286951032], 
            [-116.363782162817, 32.3733193731906], 
            [-116.323339650404, 32.1952895809494], 
            [-116.301324246717, 31.8473868474251], 
            [-116.593900687966, 31.794021077211], 
            [-116.649334898886, 31.7819341889117]
          ]
        ]
      }, 
      "properties" : {
        "OBJECTID" : 85, 
        "Id" : 85, 
        "gridcode" : 2, 
        "Unixtime" : 1791626400, 
        "Timestamp" : 1791626400000, 
        "Shape__Area" : 7992019833.3359375, 
        "Shape__Length" : 408198.00427369709
      }
    }, 
    {
      "type" : "Feature", 
      "id" : 86, 
      "geometry" : 
      {
        "type" : "Polygon", 
        "coordinates" : 
        [
          [
            [-80.5270666707902, 32.2770649345991], 
            [-80.5374808200837, 32.2649780462998], 
            [-80.6257942450084, 32.2255697542408], 
            [-80.6989540934566, 32.1406467734299], 
            [-80.8318648986461, 32.0640155418838], 
            [-80.8246253561752, 31.9739574321898], 
            [-80.888836950265, 31.9186401331357], 
            [-80.9200883913661, 31.8823704750175], 
            [-80.9742275785399, 31.8357226404876], 
            [-81.1018143972166, 31.6814889095856], 
            [-81.1122285465102, 31.6468919904731], 
            [-81.3055108406527, 31.7050871200746], 
            [-81.5592455627325, 31.8466583965678], 
            [-81.715655652986, 32.0282045380091], 
            [-81.7753166775226, 32.2355432357318], 
            [-81.7267083209322, 32.4131503466113], 
            [-81.6075841227091, 32.5811616912591], 
            [-81.3986895978466, 32.7266090457709], 
            [-81.1750911575309, 32.7939322941401], 
            [-81.012448765498, 32.7808561515902], 
            [-80.818240169648, 32.672505831479], 
            [-80.6793218931908, 32.5112573886177], 
            [-80.5391625523099, 32.2874790838926], 
            [-80.5270666707902, 32.2770649345991]
          ]
        ]
      }, 
      "properties" : {
        "OBJECTID" : 86, 
        "Id" : 86, 
        "gridcode" : 2, 
        "Unixtime" : 1791626400, 
        "Timestamp" : 1791626400000, 
        "Shape__Area" : 13349335048.931641, 
        "Shape__Length" : 437059.24746507115
      }
    }, 
    {
      "type" : "Feature", 
      "id" : 87, 
      "geometry" : 
      {
        "type" : "Polygon", 
        "coordinates" : 
        [
          [
            [-106.544102728158, 31.2642934124111], 
            [-106.658172736483, 31.3307083455138], 
            [-106.622172874978, 31.9050783566809], 
            [-106.554723721522, 31.8838453631731], 
            [-106.488470666388, 31.837566250682], 
            [-106.417190401016, 31.8048489146458], 
            [-106.446697157348, 31.3652513053036], 
            [-106.497823615667, 31.3080364367323], 
            [-106.533481734794, 31.2761734566398], 
            [-106.544102728158, 31.2642934124111]
          ]
        ]
      }, 
      "properties" : {
        "OBJECTID" : 87, 
        "Id" : 87, 
        "gridcode" : 2, 
        "Unixtime" : 1791626400, 
        "Timestamp" : 1791626400000, 
        "Shape__Area" : 1693860612.5429688, 
        "Shape__Length" : 191743.537067673
      }
    }, 
    {
      "type" : "Feature", 
      "id" : 88, 
      "geometry" : 
      {
        "type" : "Polygon", 
        "coordinates" : 
        [
          [
            [-103.100670559499, 31.3543155492233], 
            [-103.211682872866, 31.4991063986415], 
            [-103.423374289292, 31.7571129004401], 
            [-103.032735772138, 32.0612456299819], 
            [-102.780718755166, 32.2810579244837], 
            [-102.408147617918, 32.6328817021289], 
            [-102.259390758277, 32.7274993745966], 
            [-102.020305992328, 32.7132451201662], 
            [-101.435216062371, 32.5471403382561], 
            [-101.469201442493, 32.4501844284687], 
            [-101.50214360904, 31.8323861556966], 
            [-101.5946478747, 31.5401964229267], 
            [-101.69869044221, 31.3632188374794], 
            [-101.842590962803, 31.2079149133427], 
            [-101.999108971702, 31.1002121051047], 
            [-102.22568416799, 31.0071502597767], 
            [-102.542317473972, 30.9945957240135], 
            [-102.789478151895, 31.0908411693845], 
            [-102.887288417626, 31.1625890822204], 
            [-103.100670559499, 31.3543155492233]
          ]
        ]
      }, 
      "properties" : {
        "OBJECTID" : 88, 
        "Id" : 88, 
        "gridcode" : 2, 
        "Unixtime" : 1791626400, 
        "Timestamp" : 1791626400000, 
        "Shape__Area" : 33160778539.167969, 
        "Shape__Length" : 691937.04648397642
      }
    }, 
    {
      "type" : "Feature", 
      "id" : 89, 
      "geometry" : 
      {
        "type" : "Polygon", 
        "coordinates" : 
        [
          [
            [-97.5866752848365, 30.274022927816], 
            [-97.6183763869606, 30.2873328940979], 
            [-97.7309085545861, 30.3093123249039], 
            [-97.7102241475263, 30.4618553303593], 
            [-97.6316234006993, 30.52276641254], 
            [-97.5702986303774, 30.5365170466245], 
            [-97.4705997883495, 30.4992131681533], 
            [-97.4281338013338, 30.398102390513], 
            [-97.4889099852076, 30.3100677554227], 
            [-97.5774842135256, 30.2873328940979], 
            [-97.5866752848365, 30.274022927816]
          ]
        ]
      }, 
      "properties" : {
        "OBJECTID" : 89, 
        "Id" : 89, 
        "gridcode" : 2, 
        "Unixtime" : 1791626400, 
        "Timestamp" : 1791626400000, 
        "Shape__Area" : 816246286.6953125, 
        "Shape__Length" : 106897.67831152825
      }
    }, 
    {
      "type" : "Feature", 
      "id" : 90, 
      "geometry" : 
      {
        "type" : "Polygon", 
        "coordinates" : 
        [
          [
            [-88.899332238392, 30.1840007910038], 
            [-89.0204439383371, 30.1939922589357], 
            [-88.9966748566592, 30.2306036594314], 
            [-88.8385740409591, 30.2826024601355], 
            [-88.8407504003106, 30.2287330695756], 
            [-88.8907527060725, 30.1979222962771], 
            [-88.899332238392, 30.1840007910038]
          ]
        ]
      }, 
      "properties" : {
        "OBJECTID" : 90, 
        "Id" : 90, 
        "gridcode" : 1, 
        "Unixtime" : 1791626400, 
        "Timestamp" : 1791626400000, 
        "Shape__Area" : 141471738.75, 
        "Shape__Length" : 53597.839668067973
      }
    }, 
    {
      "type" : "Feature", 
      "id" : 91, 
      "geometry" : 
      {
        "type" : "Polygon", 
        "coordinates" : 
        [
          [
            [-88.8768222075788, 29.7113710829092], 
            [-88.936123503297, 29.7214434898253], 
            [-88.8834322246174, 29.8087946401606], 
            [-88.9246031878868, 29.8770441902373], 
            [-88.8634313023127, 29.9242585976563], 
            [-88.9091348486943, 30.0810014370667], 
            [-88.8085097049589, 30.05217816549], 
            [-88.7827081554569, 29.8776287495672], 
            [-88.8191127118821, 29.7886947924308], 
            [-88.8768222075788, 29.7113710829092]
          ]
        ]
      }, 
      "properties" : {
        "OBJECTID" : 91, 
        "Id" : 91, 
        "gridcode" : 1, 
        "Unixtime" : 1791626400, 
        "Timestamp" : 1791626400000, 
        "Shape__Area" : 443183903.47851563, 
        "Shape__Length" : 117490.46346089442
      }
    }, 
    {
      "type" : "Feature", 
      "id" : 92, 
      "geometry" : 
      {
        "type" : "Polygon", 
        "coordinates" : 
        [
          [
            [-95.6286533396798, 29.576337877691], 
            [-95.7709800466918, 29.5867340405436], 
            [-95.8403987154283, 29.693330682665], 
            [-95.7789840129019, 29.808021223201], 
            [-95.6712092589001, 29.8532930950004], 
            [-95.5519411691496, 29.7709421752413], 
            [-95.5839750204308, 29.6439399158945], 
            [-95.6286533396798, 29.576337877691]
          ]
        ]
      }, 
      "properties" : {
        "OBJECTID" : 92, 
        "Id" : 92, 
        "gridcode" : 1, 
        "Unixtime" : 1791626400, 
        "Timestamp" : 1791626400000, 
        "Shape__Area" : 789926442.34375, 
        "Shape__Length" : 104748.54326198183
      }
    }, 
    {
      "type" : "Feature", 
      "id" : 93, 
      "geometry" : 
      {
        "type" : "Polygon", 
        "coordinates" : 
        [
          [
            [-99.1846086827445, 29.1487192380025], 
            [-99.3520354680624, 29.1605723025698], 
            [-99.4800719477621, 29.217706232157], 
            [-99.6082703054302, 29.3985149295204], 
            [-99.7222773612112, 29.6553343262183], 
            [-99.628720888758, 29.735940561208], 
            [-99.510109304101, 29.8793284682343], 
            [-99.0598007691901, 30.4759387136008], 
            [-98.8374074204161, 30.3525337424384], 
            [-98.6662574418274, 30.2296413848421], 
            [-98.5699580371336, 30.0570434977593], 
            [-98.5611716607435, 29.9476859369565], 
            [-98.5727729151379, 29.8033177689], 
            [-98.5403073892745, 29.6604334822195], 
            [-98.4973377819131, 29.5434136975841], 
            [-98.4765094833259, 29.4742198593591], 
            [-98.4412380726789, 29.3781812580587], 
            [-98.5130759177194, 29.2947961179466], 
            [-98.7895185214625, 29.2693902701449], 
            [-99.0824996576331, 29.1816434181093], 
            [-99.1741945334509, 29.1608061263018], 
            [-99.1846086827445, 29.1487192380025]
          ]
        ]
      }, 
      "properties" : {
        "OBJECTID" : 93, 
        "Id" : 93, 
        "gridcode" : 2, 
        "Unixtime" : 1791626400, 
        "Timestamp" : 1791626400000, 
        "Shape__Area" : 15348742778.960938, 
        "Shape__Length" : 485321.07318803703
      }
    }, 
    {
      "type" : "Feature", 
      "id" : 94, 
      "geometry" : 
      {
        "type" : "Polygon", 
        "coordinates" : 
        [
          [
            [-95.1785246691781, 29.0136860327843], 
            [-95.1635509571109, 29.1605003568061], 
            [-95.069239054139, 29.3295369285865], 
            [-94.8805522956519, 29.4383279165002], 
            [-94.7193937849951, 29.486846340886], 
            [-94.5708617558653, 29.4638057100656], 
            [-94.5808712102381, 29.4513051336251], 
            [-94.6782947674895, 29.3921387362138], 
            [-94.6410808212229, 29.3288354573905], 
            [-94.7474256531713, 29.2840222398346], 
            [-95.0341025417988, 29.1111995222402], 
            [-95.1435230551448, 29.0236954871571], 
            [-95.1785246691781, 29.0136860327843]
          ]
        ]
      }, 
      "properties" : {
        "OBJECTID" : 94, 
        "Id" : 94, 
        "gridcode" : 1, 
        "Unixtime" : 1791626400, 
        "Timestamp" : 1791626400000, 
        "Shape__Area" : 1598172103.9335938, 
        "Shape__Length" : 200519.93503353363
      }
    }, 
    {
      "type" : "Feature", 
      "id" : 95, 
      "geometry" : 
      {
        "type" : "Polygon", 
        "coordinates" : 
        [
          [
            [-100.062346999714, 36.6432464886346], 
            [-100.102762532465, 36.6956140113776], 
            [-100.25509869385, 36.8105923349684], 
            [-100.264901304152, 36.823290762259], 
            [-100.236338835968, 36.8541195219984], 
            [-100.072050684591, 36.9699432083125], 
            [-99.6616630553057, 37.2112043336132], 
            [-99.4323719064383, 37.3689903865972], 
            [-99.181047367442, 37.5911499116392], 
            [-98.9372141810895, 37.9077022786373], 
            [-98.8129368675424, 38.1191059120083], 
            [-98.7864788129468, 37.7880294939661], 
            [-98.7205135408671, 37.6633654719391], 
            [-98.5833579356202, 37.6687973770973], 
            [-98.2685142805096, 38.0980527829097], 
            [-98.081419322044, 38.3096992332331], 
            [-97.7791032230352, 38.5314450701339], 
            [-97.2733964500861, 38.7701071547215], 
            [-97.1111407665331, 38.8694552611515], 
            [-97.0807167017144, 39.0696623350488], 
            [-97.1722676860048, 39.2426559238319], 
            [-97.4516420796182, 39.5015167815743], 
            [-97.7324284088439, 39.7468338493028], 
            [-97.9169692926986, 39.8471172506607], 
            [-98.0368039553382, 39.8841243528567], 
            [-97.9578075068109, 40.0301832463598], 
            [-97.5531485589588, 40.8183490875404], 
            [-97.5155119313305, 40.8914010173432], 
            [-97.4071706044398, 40.9529326317356], 
            [-97.0354538231354, 40.6856001603192], 
            [-96.7609807346731, 40.5690839960297], 
            [-96.3899204584623, 40.5086765341948], 
            [-96.1404934889833, 40.5512234601946], 
            [-96.032394979045, 40.6245002205089], 
            [-95.9717267138167, 40.8395820810483], 
            [-95.9780129749188, 41.1474559903018], 
            [-96.090248366269, 41.3130301722048], 
            [-96.1123087360593, 41.3559278338026], 
            [-95.7585873888968, 41.6068566710986], 
            [-95.9099792621332, 41.6037719964805], 
            [-96.0515325521855, 41.6066588202484], 
            [-96.2353719648443, 41.6537743022423], 
            [-96.4051729603638, 41.7412423644436], 
            [-96.6881806150433, 41.4854571880988], 
            [-97.00138750403, 41.4471910350383], 
            [-97.2770027314908, 41.4001744784695], 
            [-97.455698022046, 41.4038257259766], 
            [-97.9445964659541, 41.9351541840185], 
            [-97.8898367465686, 41.9877645237139], 
            [-97.8368756712752, 42.0428929651383], 
            [-97.7956327622421, 42.2120464487847], 
            [-97.8148332879259, 43.153016098814], 
            [-97.5700648066455, 43.1928650586756], 
            [-96.9717728290528, 43.1806522652899], 
            [-96.4224489368689, 43.0951717048104], 
            [-96.1732378046809, 43.137673664708], 
            [-96.0152718872877, 43.191740906118], 
            [-95.7076497882071, 43.316521840011], 
            [-95.6374756889518, 43.3385822098012], 
            [-95.5699096236302, 43.2682462325777], 
            [-95.33470992892, 42.7834486971997], 
            [-95.2570714566823, 42.7088589266982], 
            [-95.2330865377135, 42.6838937466991], 
            [-95.094788793468, 42.5932240980138], 
            [-94.9386844727102, 42.5964076980569], 
            [-94.7955663622977, 42.6453937699067], 
            [-94.6630782384699, 42.7136433199833], 
            [-94.4993656532023, 42.824619660469], 
            [-94.1192492039875, 43.2202404217581], 
            [-94.0342902502948, 43.2759534225125], 
            [-93.7803127112626, 43.2707733275271], 
            [-93.5947286138344, 43.1954910790502], 
            [-93.4517454017288, 43.0869968674116], 
            [-93.3445102409548, 42.8659525017067], 
            [-93.3072063624836, 42.7935480837771], 
            [-93.3755458447649, 42.5938985895484], 
            [-93.6207909667297, 42.3192995959996], 
            [-93.9107503808253, 42.1043526337671], 
            [-94.3802414549791, 41.8765813391575], 
            [-94.5011463108535, 41.8142942942463], 
            [-94.5484956165794, 41.7166998658062], 
            [-94.5080980702697, 41.5590577043496], 
            [-94.3488820952325, 41.1910731095364], 
            [-94.21103401201, 40.8583599253703], 
            [-94.1023779224031, 40.6474329326838], 
            [-93.9018470925692, 40.4766157032522], 
            [-93.8621510174555, 40.435291855235], 
            [-93.8189835592438, 40.3938241156904], 
            [-93.5004526837443, 40.2586020528425], 
            [-93.5245545145791, 40.1881761434144], 
            [-93.5466148843694, 40.0866786572943], 
            [-93.4428331202523, 39.50318952058], 
            [-93.4120223469537, 39.0624227925779], 
            [-93.3817062007805, 38.7658083953412], 
            [-93.2598390703168, 38.4841317372899], 
            [-93.6820977506106, 38.410198471882], 
            [-93.8944996314528, 38.362417491574], 
            [-94.1508963467889, 38.274661646318], 
            [-94.4362062659064, 38.1103375220591], 
            [-94.5692879422846, 37.9718239405225], 
            [-94.6269075057767, 37.8206299181363], 
            [-94.5805384610811, 37.6397222953477], 
            [-94.5191867110978, 37.5206160835655], 
            [-94.3071265726332, 37.2795618023354], 
            [-94.0867566984628, 37.1048415152238], 
            [-93.6454323907922, 36.6884733943318], 
            [-93.296909125056, 36.4412227842042], 
            [-93.1874166659463, 36.4976282629341], 
            [-93.0235422027104, 36.5508051755185], 
            [-92.5737822542476, 36.5416320906485], 
            [-92.3924969161997, 36.4482374961636], 
            [-92.3180240575642, 36.2594068461491], 
            [-92.3620009056173, 36.0015352426574], 
            [-92.5065939041853, 35.7208568320772], 
            [-92.2637679585244, 35.6869613841606], 
            [-92.1010266410666, 35.6592083058188], 
            [-91.5890336070153, 35.4839574187], 
            [-91.5091018635601, 35.4580209708912], 
            [-91.304488111637, 35.4621938251849], 
            [-91.1133551971845, 35.5917501591426], 
            [-90.3913254992723, 36.3479540948057], 
            [-90.0783074679153, 35.9882972221392], 
            [-89.7421858531945, 35.6653596686139], 
            [-88.9103579266769, 35.2368417068794], 
            [-88.8338346137763, 35.1849688112617], 
            [-88.7127049273904, 34.9809036457867], 
            [-88.6857522456696, 34.4076128210749], 
            [-88.8657965192939, 34.3365933590963], 
            [-89.0095981144614, 34.2493950935088], 
            [-89.3456297969775, 33.8996487497901], 
            [-89.4505087339908, 33.6834697163544], 
            [-89.5859916002321, 33.6614183397846], 
            [-89.8365157426074, 33.6050578271571], 
            [-90.263280026352, 33.3297123963101], 
            [-90.5607128066507, 33.1854071807969], 
            [-90.8493052512363, 33.1150532171324], 
            [-91.2097805069647, 33.0758877420258], 
            [-91.3610464751147, 32.9979704799538], 
            [-91.3893121670228, 32.4494739640523], 
            [-91.4381003880224, 32.2112615404878], 
            [-91.5241834942728, 32.012313517455], 
            [-91.6136750310778, 31.8802840478706], 
            [-91.7940970199614, 31.7465368731782], 
            [-92.1478813196671, 31.6467480989457], 
            [-92.6121653191741, 31.6013413288393], 
            [-92.8714308718372, 31.5228844735397], 
            [-93.1409127229438, 31.4500124081462], 
            [-93.4755594495089, 31.3846856547192], 
            [-93.7474424904785, 31.3150061825893], 
            [-93.8391913256192, 31.2528090698827], 
            [-94.0029308905481, 31.1556193363634], 
            [-94.0876380340679, 31.0264047447832], 
            [-94.0865228747308, 30.9717079779409], 
            [-94.0872153527063, 30.9377405842606], 
            [-94.064138749004, 30.9155633026044], 
            [-94.0893827188373, 30.8417919151648], 
            [-94.0866667662582, 30.708620306582], 
            [-93.8485712545597, 30.4798597577217], 
            [-93.7922647012549, 30.393983495542], 
            [-93.7457337785909, 30.2505865952952], 
            [-93.7496818023732, 30.057232355389], 
            [-93.9104625977706, 30.0605148808572], 
            [-94.1101570581017, 30.1288723495793], 
            [-94.1848817269101, 30.127343502101], 
            [-94.1188714887282, 29.7403562324542], 
            [-94.1432521093973, 29.621348946097], 
            [-94.1553389976965, 29.6082907899881], 
            [-94.4970813752053, 29.4778890933071], 
            [-94.5708617558653, 29.4638057100656], 
            [-94.7193937849951, 29.486846340886], 
            [-94.8805522956519, 29.4383279165002], 
            [-95.069239054139, 29.3295369285865], 
            [-95.1635509571109, 29.1605003568061], 
            [-95.1785246691781, 29.0136860327843], 
            [-95.2079414933052, 28.9755727644716], 
            [-95.258744195688, 28.9363623232627], 
            [-95.2797523586843, 28.9091488381484], 
            [-95.3683805463251, 28.8434353762417], 
            [-95.4743746426756, 28.8139196266895], 
            [-95.7088728661898, 28.688796950419], 
            [-95.7636865448981, 28.6535884923151], 
            [-95.7778598603442, 28.6688859603189], 
            [-96.3704591293853, 28.8871873937833], 
            [-96.5310690535939, 28.8935545938695], 
            [-96.6733867673854, 28.8263842302481], 
            [-96.6864359302739, 28.5410563246897], 
            [-96.7348644224551, 28.5859235015684], 
            [-96.7711340805733, 28.8641287765219], 
            [-96.7639484974251, 29.045495053554], 
            [-96.8318563051243, 29.2392449951605], 
            [-96.8331693153116, 29.2725019244244], 
            [-96.8307231593463, 29.3342223964465], 
            [-96.8547980105197, 29.6105211086623], 
            [-96.8781983701586, 29.677268790922], 
            [-96.8772810616716, 29.7004443200494], 
            [-97.0079795346278, 30.1664280382234], 
            [-97.0559673590063, 30.4882234527502], 
            [-97.0132045957155, 30.6232926308503], 
            [-96.9015627569157, 30.9158600788796], 
            [-96.8965895060009, 31.0414054365118], 
            [-96.9417264794933, 31.1370393428915], 
            [-97.2733155111019, 31.3913226514193], 
            [-97.6123419360315, 31.5879684100142], 
            [-97.7926470130491, 31.6352097970946], 
            [-98.0259761179034, 31.6135631154455], 
            [-98.3531314918249, 31.5391622025737], 
            [-98.2528211108055, 31.7833820974059], 
            [-98.2060293847483, 32.0521175112142], 
            [-98.2276760663973, 32.3112571587909], 
            [-98.2689639415326, 32.6676674788711], 
            [-98.3117986505872, 33.1147654340776], 
            [-98.3592738613995, 33.3140821791493], 
            [-98.421605872413, 33.446156614836], 
            [-98.5445701757729, 33.6025217389871], 
            [-98.9857685783571, 33.9762530016748], 
            [-99.1689245062609, 34.2150949506715], 
            [-99.2774546907813, 34.4637844760728], 
            [-99.3163503692741, 34.6122535526594], 
            [-99.4089895332403, 35.0974557829581], 
            [-99.5075012701674, 35.3061884298522], 
            [-99.7580074261018, 35.7319454729054], 
            [-99.8525351663648, 36.0016521545234], 
            [-99.9532682287457, 36.479084242344], 
            [-100.00136397177, 36.5809954166053], 
            [-100.038982612957, 36.6215998069856], 
            [-100.062346999714, 36.6432464886346]
          ], 
          [
            [-94.2557752838022, 39.1864303095112], 
            [-94.2461795175706, 39.1993355808725], 
            [-94.1868872150729, 39.2434473272324], 
            [-94.1561573807585, 39.3570137152109], 
            [-94.2239662630325, 39.4665871133047], 
            [-94.3363275594692, 39.5111215410264], 
            [-94.465182422231, 39.4313696619804], 
            [-94.4904353852847, 39.3084323382819], 
            [-94.4215922826577, 39.1971951944028], 
            [-94.2557752838022, 39.1864303095112]
          ], 
          [
            [-95.7861965757114, 38.3762130917609], 
            [-95.7757734331973, 38.3882999800601], 
            [-95.6046414410496, 38.427177672112], 
            [-95.4685290493761, 38.4845094525493], 
            [-95.3921586212233, 38.5731466334105], 
            [-95.3180275049653, 38.7684883750385], 
            [-95.2669280263073, 39.0486541720525], 
            [-95.284878494347, 39.2720997276204], 
            [-95.3503491393013, 39.4503633435935], 
            [-95.5454480639769, 39.7255289100312], 
            [-95.6632412655719, 39.8270174029309], 
            [-95.6877837642093, 39.8820109460484], 
            [-95.7896859452501, 39.917039539743], 
            [-95.9623018187739, 39.8697981526627], 
            [-95.9991650294425, 39.8270174029309], 
            [-96.1188917734365, 39.7410512085465], 
            [-96.3257268508135, 39.5699551892806], 
            [-96.5328227315837, 39.3851085359303], 
            [-96.6953032456482, 39.1588301159172], 
            [-96.7193601103807, 38.9511946419192], 
            [-96.6191666412275, 38.7254917880157], 
            [-96.4100023197512, 38.481244913522], 
            [-96.1990393541828, 38.3871128749593], 
            [-95.7861965757114, 38.3762130917609]
          ], 
          [
            [-95.6286533396798, 29.576337877691], 
            [-95.5839750204308, 29.6439399158945], 
            [-95.5519411691496, 29.7709421752413], 
            [-95.6712092589001, 29.8532930950004], 
            [-95.7789840129019, 29.808021223201], 
            [-95.8403987154283, 29.693330682665], 
            [-95.7709800466918, 29.5867340405436], 
            [-95.6286533396798, 29.576337877691]
          ]
        ]
      }, 
      "properties" : {
        "OBJECTID" : 95, 
        "Id" : 95, 
        "gridcode" : 2, 
        "Unixtime" : 1791626400, 
        "Timestamp" : 1791626400000, 
        "Shape__Area" : 1134714208447.3594, 
        "Shape__Length" : 8079440.0543877278
      }
    }, 
    {
      "type" : "Feature", 
      "id" : 96, 
      "geometry" : 
      {
        "type" : "Polygon", 
        "coordinates" : 
        [
          [
            [-96.6864359302739, 28.5410563246897], 
            [-96.6588177502389, 28.5329354466136], 
            [-96.6787377335595, 28.514868066708], 
            [-96.6864359302739, 28.5410563246897]
          ]
        ]
      }, 
      "properties" : {
        "OBJECTID" : 96, 
        "Id" : 96, 
        "gridcode" : 2, 
        "Unixtime" : 1791626400, 
        "Timestamp" : 1791626400000, 
        "Shape__Area" : 4659792.796875, 
        "Shape__Length" : 9856.1383674114732
      }
    }, 
    {
      "type" : "Feature", 
      "id" : 97, 
      "geometry" : 
      {
        "type" : "Polygon", 
        "coordinates" : 
        [
          [
            [-103.078160528685, 28.3159919894388], 
            [-103.370656030951, 28.3464790068008], 
            [-103.641208075292, 28.4453324861054], 
            [-103.867630386833, 28.6096566103644], 
            [-104.017070731229, 28.7917963043561], 
            [-104.137076265058, 29.0126248327699], 
            [-104.214085211863, 29.3001740637821], 
            [-104.187762055574, 29.7409048189023], 
            [-104.06920443024, 30.0493003349426], 
            [-103.958389967723, 30.2235439813697], 
            [-103.783390890777, 30.4193983365641], 
            [-103.577563054092, 30.5312470194345], 
            [-103.241774188528, 30.5512659281801], 
            [-102.934242021652, 30.4562975201146], 
            [-102.705193689737, 30.3229460471225], 
            [-102.487198025768, 30.1529112278709], 
            [-102.324771471027, 29.943324225033], 
            [-102.227500798523, 29.7643321582026], 
            [-102.170672638431, 29.6059525526683], 
            [-102.122289112353, 29.333664816778], 
            [-102.150428899174, 29.1027189153457], 
            [-102.205251571103, 28.9251567705686], 
            [-102.339052705118, 28.6953440149144], 
            [-102.584306820303, 28.4774922424731], 
            [-102.845667793334, 28.3624509663391], 
            [-103.067539535321, 28.327881026888], 
            [-103.078160528685, 28.3159919894388]
          ]
        ]
      }, 
      "properties" : {
        "OBJECTID" : 97, 
        "Id" : 97, 
        "gridcode" : 1, 
        "Unixtime" : 1791626400, 
        "Timestamp" : 1791626400000, 
        "Shape__Area" : 51195035517.398438, 
        "Shape__Length" : 813900.58455147443
      }
    }, 
    {
      "type" : "Feature", 
      "id" : 98, 
      "geometry" : 
      {
        "type" : "Polygon", 
        "coordinates" : 
        [
          [
            [-79.2217187073524, 25.4577216964991], 
            [-79.2830614641152, 25.4748088153746], 
            [-79.3440534852801, 25.6299328751022], 
            [-79.3174515391571, 25.7798858330648], 
            [-79.2170242462719, 25.7947336400455], 
            [-79.2073385478357, 25.7291640696662], 
            [-79.2315213176547, 25.670078611239], 
            [-79.2990334236535, 25.6424514379835], 
            [-79.2794282030491, 25.6025665052401], 
            [-79.2315213176547, 25.5379412230091], 
            [-79.2217187073524, 25.4577216964991]
          ]
        ]
      }, 
      "properties" : {
        "OBJECTID" : 98, 
        "Id" : 98, 
        "gridcode" : 1, 
        "Unixtime" : 1791626400, 
        "Timestamp" : 1791626400000, 
        "Shape__Area" : 358584500.02734375, 
        "Shape__Length" : 106689.16478940351
      }
    }, 
    {
      "type" : "Feature", 
      "id" : 99, 
      "geometry" : 
      {
        "type" : "Polygon", 
        "coordinates" : 
        [
          [
            [-98.4644136018062, 25.4127106280931], 
            [-98.5453795656144, 25.4389798250589], 
            [-98.8271821287522, 25.6388991159016], 
            [-99.0108326837813, 25.8664006138973], 
            [-99.1163591326678, 26.0712391963319], 
            [-99.2702421279717, 26.4199872925795], 
            [-99.4472736727417, 26.6042493866], 
            [-99.9228081910451, 26.873857142793], 
            [-100.135398929517, 27.0549446299908], 
            [-100.335632983076, 27.3029956367393], 
            [-100.493787758099, 27.5637990301012], 
            [-100.105928146067, 27.9674957033641], 
            [-99.8383798373595, 28.1834588995087], 
            [-99.6286309565534, 28.3256417149933], 
            [-99.4476154151192, 28.3720377393503], 
            [-99.2890559451757, 28.3421262880978], 
            [-99.0448540367843, 28.1971645674909], 
            [-98.8557625833765, 28.0154925209632], 
            [-98.7270336257012, 27.8458444101914], 
            [-98.6567336213595, 27.5715331996975], 
            [-98.6319393125492, 26.9384734318035], 
            [-98.4199241401869, 26.6859078283837], 
            [-98.0932903730522, 25.9562698659617], 
            [-98.1302435159255, 25.7805153584971], 
            [-98.2483424870161, 25.6212004580348], 
            [-98.4533879135213, 25.424185977401], 
            [-98.4644136018062, 25.4127106280931]
          ]
        ]
      }, 
      "properties" : {
        "OBJECTID" : 99, 
        "Id" : 99, 
        "gridcode" : 2, 
        "Unixtime" : 1791626400, 
        "Timestamp" : 1791626400000, 
        "Shape__Area" : 46802148640.943359, 
        "Shape__Length" : 957656.33610960771
      }
    }, 
    {
      "type" : "Feature", 
      "id" : 100, 
      "geometry" : 
      {
        "type" : "Polygon", 
        "coordinates" : 
        [
          [
            [-80.7521310060411, 24.8950698515924], 
            [-80.8547616379392, 24.9059876212318], 
            [-80.8521536040055, 24.9716021577135], 
            [-80.8754820178808, 24.9967741817832], 
            [-80.9213564354511, 25.0184208634322], 
            [-80.965504154693, 25.0867963185953], 
            [-81.1645780828122, 25.1185154071604], 
            [-81.2016751172129, 25.2601046700945], 
            [-81.1639035912776, 25.3678884173167], 
            [-81.2011265307647, 25.4467589607575], 
            [-81.3182452408252, 25.6459767804042], 
            [-81.3714761127324, 25.6711038383715], 
            [-81.4266675067, 25.7565664124101], 
            [-81.4840082803578, 25.7836270127765], 
            [-81.632234539992, 25.8620658816352], 
            [-81.6832530796659, 25.8069913995336], 
            [-81.7678073384379, 25.9134441501275], 
            [-81.7982314032566, 26.0095457039711], 
            [-81.8332779833922, 26.1095413222743], 
            [-81.8818143942188, 26.3637616782589], 
            [-81.9582747545762, 26.4163810111748], 
            [-82.1541740758728, 26.4086108686967], 
            [-82.2155528055175, 26.4978236156674], 
            [-82.2725788164591, 26.6605109738025], 
            [-82.3230847425668, 26.8200507047763], 
            [-82.4239706896955, 26.966667177948], 
            [-82.5747690103815, 27.2458437207112], 
            [-82.7876115590262, 27.5399580026598], 
            [-82.7898238912595, 27.5957969085006], 
            [-82.7846348030537, 27.7266932323069], 
            [-82.884342638302, 27.8715920003706], 
            [-82.855942048087, 28.0346660669855], 
            [-82.8900713197356, 28.2306823001481], 
            [-82.8343133528789, 28.2601890564799], 
            [-82.7844729250854, 28.2582105479785], 
            [-82.6996308832586, 28.5002720699002], 
            [-82.6952511848942, 28.6107447900401], 
            [-82.7209807886324, 28.6652706856937], 
            [-82.7657850129679, 28.7499328631112], 
            [-82.7684290197834, 28.816779470796], 
            [-82.7432839753751, 28.9127731059941], 
            [-82.8118662746088, 28.9344827401864], 
            [-82.8501414208898, 29.134986590359], 
            [-82.9658122224561, 29.1395731327939], 
            [-82.9919105482331, 29.1153903629749], 
            [-83.0544763829786, 29.0478692637556], 
            [-83.1061963938484, 29.0935728101372], 
            [-83.1028329293961, 29.178630689255], 
            [-83.1333109535376, 29.2432110053837], 
            [-83.2097623206745, 29.2792918058722], 
            [-83.241391477035, 29.3463272711867], 
            [-83.3186792136747, 29.4179312924952], 
            [-83.3511537327585, 29.4529778726308], 
            [-83.4174787336566, 29.4842832730547], 
            [-83.4411758695707, 29.6330311394756], 
            [-83.5932062614597, 29.7312011340252], 
            [-83.6394404078485, 29.8291732777247], 
            [-83.7248220429029, 29.9213178145655], 
            [-83.8013633422444, 29.9481445912], 
            [-83.8463204513277, 29.9463639335487], 
            [-83.8832825874214, 29.9862578595127], 
            [-84.044009423496, 30.0713157386305], 
            [-84.2942457828166, 30.031448792328], 
            [-84.3240313289826, 29.8754433969953], 
            [-84.5437986573821, 29.8841578276217], 
            [-84.544850864176, 29.8576638001443], 
            [-84.5425575929585, 29.7997384671566], 
            [-84.6573650453605, 29.745563307101], 
            [-84.7656883858103, 29.662492929705], 
            [-85.0001146635608, 29.5662025182317], 
            [-85.0608458813323, 29.5637923351482], 
            [-85.106630366698, 29.5880200710695], 
            [-85.1524957910478, 29.6096667527186], 
            [-85.2353413379324, 29.6534997092443], 
            [-85.2871063149044, 29.6555501635093], 
            [-85.3976779604694, 29.651170465145], 
            [-85.4439211000786, 29.7831189957452], 
            [-85.4459086018005, 29.8332112337116], 
            [-85.4210783201083, 29.9040598245014], 
            [-85.512593331517, 29.9472542623744], 
            [-85.6017611123854, 30.0156297175375], 
            [-85.7151476359546, 30.0822964608131], 
            [-85.9296449371641, 30.2136244592015], 
            [-86.2490301686074, 30.325572067497], 
            [-86.579665918847, 30.3748729020628], 
            [-86.840451325768, 30.3532262204138], 
            [-87.132173411074, 30.3073518028435], 
            [-87.3355910646758, 30.2857051211944], 
            [-87.7699636129303, 30.2079047709885], 
            [-88.1007072818156, 30.1947926555567], 
            [-88.18687132705, 30.2249918898639], 
            [-88.3708636244567, 30.1956829843823], 
            [-88.4475218356641, 30.1688112416456], 
            [-88.5531292235348, 30.1964833810033], 
            [-88.6076461259679, 30.1943250080927], 
            [-88.8201289457942, 30.2233641169605], 
            [-88.7894890436843, 30.279742616029], 
            [-88.4013416485981, 30.2291377644963], 
            [-88.165458469133, 30.2853274059351], 
            [-88.2808414876445, 30.3073518028435], 
            [-88.322426139055, 30.3522279729427], 
            [-88.3482996343206, 30.3532532000752], 
            [-88.46988797495, 30.2889157008989], 
            [-88.5966923834467, 30.2838884906614], 
            [-88.6409120484522, 30.3316065184261], 
            [-88.7407907548893, 30.3276495014234], 
            [-88.9898939684318, 30.3710238037057], 
            [-89.0676943186379, 30.3298618336568], 
            [-89.1585798046142, 30.3082151520077], 
            [-89.2477475854826, 30.2848507652507], 
            [-89.3750016550024, 30.2545346190775], 
            [-89.4070085266221, 30.1940552114789], 
            [-89.4048231740502, 30.1389897225977], 
            [-89.4079348283296, 30.0606407859436], 
            [-89.360279753108, 30.0822964608131], 
            [-89.2297071852383, 30.1721387332161], 
            [-89.1586877232598, 30.1749536112202], 
            [-89.1576894757886, 30.1498715193552], 
            [-89.1813866117027, 30.1050852814607], 
            [-89.1496855095785, 30.0757044302153], 
            [-89.1811168150889, 29.9254726824184], 
            [-89.1793361574377, 29.8805695326579], 
            [-89.2035908730203, 29.858086481506], 
            [-89.2252375546694, 29.8122210571561], 
            [-89.2486019414264, 29.7905743755071], 
            [-89.2702486230754, 29.7446999579368], 
            [-89.361215048036, 29.7017753166776], 
            [-89.3599380107306, 29.6694267026802], 
            [-89.4946114871304, 29.5824622608247], 
            [-89.4996476905884, 29.4552711438483], 
            [-89.4416863847188, 29.4246042620771], 
            [-89.2911938335286, 29.4305667672426], 
            [-89.2276657241937, 29.3620024544498], 
            [-89.1794620625241, 29.3639090171875], 
            [-89.136069773801, 29.3170903114688], 
            [-89.1127053870439, 29.2954346365993], 
            [-89.0708959051219, 29.2503066563272], 
            [-88.9791920360835, 29.2212765406799], 
            [-88.976916751307, 29.1639267738017], 
            [-89.0335110876665, 29.1028448204322], 
            [-89.0896737494439, 29.0508100468463], 
            [-89.1226788685349, 28.9808877577639], 
            [-89.2000025780565, 28.9778210695867], 
            [-89.2261009038336, 29.0020038394057], 
            [-89.2568936906912, 29.0352337890083], 
            [-89.3161230406458, 28.9803571577567], 
            [-89.3784910245411, 28.913042902608], 
            [-89.4501939712747, 28.9101920517219], 
            [-89.4511922187459, 28.9352921300279], 
            [-89.3556032784685, 29.0914054440061], 
            [-89.4309934455909, 29.115273451109], 
            [-89.5037935652208, 29.1938472182746], 
            [-89.6086994818955, 29.2270591814362], 
            [-89.693361659313, 29.2718634057716], 
            [-89.8701503871306, 29.2788691245105], 
            [-89.9454326356076, 29.2270591814362], 
            [-90.0138080907707, 29.1829114621943], 
            [-90.1306210313355, 29.1025300577161], 
            [-90.2316868428734, 29.0490473756359], 
            [-90.3489764241226, 29.0443978806578], 
            [-90.38074047879, 29.0786710438337], 
            [-90.4678128392911, 29.0325987754132], 
            [-90.5761181932999, 29.0705591589781], 
            [-90.6593054825619, 29.0265373448227], 
            [-90.8433157664094, 29.019243843029], 
            [-90.9521876933073, 29.1367492615693], 
            [-91.0715996745852, 29.1595470754373], 
            [-91.1382574246404, 29.1829114621943], 
            [-91.2953869725307, 29.2203322525315], 
            [-91.3858227974841, 29.3179446674126], 
            [-91.4308338658901, 29.3596462306891], 
            [-91.4091871842411, 29.4079668042247], 
            [-91.3657679158566, 29.4482024725661], 
            [-91.4767082834605, 29.4746245542798], 
            [-91.5208649959228, 29.4979889410369], 
            [-91.5667304202726, 29.5196446159064], 
            [-91.5883771019217, 29.5880200710695], 
            [-91.6585512011769, 29.6102333256076], 
            [-91.6542254621353, 29.7194200152216], 
            [-91.7466937549128, 29.7230802559491], 
            [-91.875206875297, 29.6780422078817], 
            [-91.9069529435235, 29.7016494115912], 
            [-91.9025732451591, 29.8122210571561], 
            [-91.949337991555, 29.7905743755071], 
            [-91.9934857107968, 29.76720998875], 
            [-92.0844521357574, 29.7242763542704], 
            [-92.0830491933655, 29.6888610520959], 
            [-92.0844431425369, 29.6537515194171], 
            [-92.0276779349887, 29.6559998245323], 
            [-91.9714073545657, 29.6537695058581], 
            [-91.8422826951902, 29.6588866483003], 
            [-91.7697163992923, 29.6204855969328], 
            [-91.6591267672864, 29.5682979385991], 
            [-91.7649949585505, 29.4540390726452], 
            [-91.8348542950896, 29.4512691607433], 
            [-92.0946684342008, 29.5646556843125], 
            [-92.1743933335854, 29.5430090026634], 
            [-92.302816521765, 29.4979889410369], 
            [-92.6755945030838, 29.5690353826769], 
            [-92.992461632798, 29.6899492317717], 
            [-93.2531750939553, 29.758270727612], 
            [-93.3229714779513, 29.7213355711797], 
            [-93.6141090039273, 29.7328738730309], 
            [-93.7885684876455, 29.6913162012817], 
            [-93.8185788643231, 29.6277251394038], 
            [-93.9656809713996, 29.6584999398204], 
            [-94.1432521093973, 29.621348946097], 
            [-94.1188714887282, 29.7403562324542], 
            [-94.1848817269101, 30.127343502101], 
            [-94.1101570581017, 30.1288723495793], 
            [-93.9104625977706, 30.0605148808572], 
            [-93.7496818023732, 30.057232355389], 
            [-93.7457337785909, 30.2505865952952], 
            [-93.7922647012549, 30.393983495542], 
            [-93.8485712545597, 30.4798597577217], 
            [-94.0866667662582, 30.708620306582], 
            [-94.0893827188373, 30.8417919151648], 
            [-94.064138749004, 30.9155633026044], 
            [-94.0872153527063, 30.9377405842606], 
            [-94.0865228747308, 30.9717079779409], 
            [-94.0876380340679, 31.0264047447832], 
            [-94.0029308905481, 31.1556193363634], 
            [-93.8391913256192, 31.2528090698827], 
            [-93.7474424904785, 31.3150061825893], 
            [-93.4755594495089, 31.3846856547192], 
            [-93.1409127229438, 31.4500124081462], 
            [-92.8714308718372, 31.5228844735397], 
            [-92.6121653191741, 31.6013413288393], 
            [-92.1478813196671, 31.6467480989457], 
            [-91.7940970199614, 31.7465368731782], 
            [-91.6136750310778, 31.8802840478706], 
            [-91.5241834942728, 32.012313517455], 
            [-91.4381003880224, 32.2112615404878], 
            [-91.3893121670228, 32.4494739640523], 
            [-91.3610464751147, 32.9979704799538], 
            [-91.2097805069647, 33.0758877420258], 
            [-90.8493052512363, 33.1150532171324], 
            [-90.5607128066507, 33.1854071807969], 
            [-90.263280026352, 33.3297123963101], 
            [-89.8365157426074, 33.6050578271571], 
            [-89.5859916002321, 33.6614183397846], 
            [-89.4505087339908, 33.6834697163544], 
            [-89.3456297969775, 33.8996487497901], 
            [-89.0095981144614, 34.2493950935088], 
            [-88.8657965192939, 34.3365933590963], 
            [-88.6857522456696, 34.4076128210749], 
            [-88.7127049273904, 34.9809036457867], 
            [-88.8338346137763, 35.1849688112617], 
            [-88.9103579266769, 35.2368417068794], 
            [-89.7421858531945, 35.6653596686139], 
            [-90.0783074679153, 35.9882972221392], 
            [-90.3913254992723, 36.3479540948057], 
            [-91.1133551971845, 35.5917501591426], 
            [-91.304488111637, 35.4621938251849], 
            [-91.5091018635601, 35.4580209708912], 
            [-91.5890336070153, 35.4839574187], 
            [-92.1010266410666, 35.6592083058188], 
            [-92.2637679585244, 35.6869613841606], 
            [-92.5065939041853, 35.7208568320772], 
            [-92.3620009056173, 36.0015352426574], 
            [-92.3180240575642, 36.2594068461491], 
            [-92.3924969161997, 36.4482374961636], 
            [-92.5737822542476, 36.5416320906485], 
            [-93.0235422027104, 36.5508051755185], 
            [-93.1874166659463, 36.4976282629341], 
            [-93.296909125056, 36.4412227842042], 
            [-93.6454323907922, 36.6884733943318], 
            [-94.0867566984628, 37.1048415152238], 
            [-94.3071265726332, 37.2795618023354], 
            [-94.5191867110978, 37.5206160835655], 
            [-94.5805384610811, 37.6397222953477], 
            [-94.6269075057767, 37.8206299181363], 
            [-94.5692879422846, 37.9718239405225], 
            [-94.4362062659064, 38.1103375220591], 
            [-94.1508963467889, 38.274661646318], 
            [-93.8944996314528, 38.362417491574], 
            [-93.6820977506106, 38.410198471882], 
            [-93.2598390703168, 38.4841317372899], 
            [-93.3817062007805, 38.7658083953412], 
            [-93.4120223469537, 39.0624227925779], 
            [-93.4428331202523, 39.50318952058], 
            [-93.5466148843694, 40.0866786572943], 
            [-93.5245545145791, 40.1881761434144], 
            [-93.5004526837443, 40.2586020528425], 
            [-93.8189835592438, 40.3938241156904], 
            [-93.8621510174555, 40.435291855235], 
            [-93.9018470925692, 40.4766157032522], 
            [-94.1023779224031, 40.6474329326838], 
            [-94.21103401201, 40.8583599253703], 
            [-94.3488820952325, 41.1910731095364], 
            [-94.5080980702697, 41.5590577043496], 
            [-94.5484956165794, 41.7166998658062], 
            [-94.5011463108535, 41.8142942942463], 
            [-94.3802414549791, 41.8765813391575], 
            [-93.9107503808253, 42.1043526337671], 
            [-93.6207909667297, 42.3192995959996], 
            [-93.3755458447649, 42.5938985895484], 
            [-93.3072063624836, 42.7935480837771], 
            [-93.3445102409548, 42.8659525017067], 
            [-93.4517454017288, 43.0869968674116], 
            [-93.5947286138344, 43.1954910790502], 
            [-93.7803127112626, 43.2707733275271], 
            [-94.0342902502948, 43.2759534225125], 
            [-94.1192492039875, 43.2202404217581], 
            [-94.4993656532023, 42.824619660469], 
            [-94.6630782384699, 42.7136433199833], 
            [-94.7955663622977, 42.6453937699067], 
            [-94.9386844727102, 42.5964076980569], 
            [-95.094788793468, 42.5932240980138], 
            [-95.2330865377135, 42.6838937466991], 
            [-95.2570714566823, 42.7088589266982], 
            [-95.33470992892, 42.7834486971997], 
            [-95.5699096236302, 43.2682462325777], 
            [-95.6374756889518, 43.3385822098012], 
            [-95.7076497882071, 43.316521840011], 
            [-96.0152718872877, 43.191740906118], 
            [-96.1732378046809, 43.137673664708], 
            [-96.4224489368689, 43.0951717048104], 
            [-96.9717728290528, 43.1806522652899], 
            [-97.5700648066455, 43.1928650586756], 
            [-97.8148332879259, 43.153016098814], 
            [-97.7956327622421, 42.2120464487847], 
            [-97.8368756712752, 42.0428929651383], 
            [-97.8898367465686, 41.9877645237139], 
            [-97.9445964659541, 41.9351541840185], 
            [-97.455698022046, 41.4038257259766], 
            [-97.2770027314908, 41.4001744784695], 
            [-97.00138750403, 41.4471910350383], 
            [-96.6881806150433, 41.4854571880988], 
            [-96.4051729603638, 41.7412423644436], 
            [-96.2353719648443, 41.6537743022423], 
            [-96.0515325521855, 41.6066588202484], 
            [-95.9099792621332, 41.6037719964805], 
            [-95.7585873888968, 41.6068566710986], 
            [-96.1123087360593, 41.3559278338026], 
            [-96.090248366269, 41.3130301722048], 
            [-95.9780129749188, 41.1474559903018], 
            [-95.9717267138167, 40.8395820810483], 
            [-96.032394979045, 40.6245002205089], 
            [-96.1404934889833, 40.5512234601946], 
            [-96.3899204584623, 40.5086765341948], 
            [-96.7609807346731, 40.5690839960297], 
            [-97.0354538231354, 40.6856001603192], 
            [-97.4071706044398, 40.9529326317356], 
            [-97.5155119313305, 40.8914010173432], 
            [-97.5531485589588, 40.8183490875404], 
            [-97.9578075068109, 40.0301832463598], 
            [-98.0368039553382, 39.8841243528567], 
            [-98.1635094384098, 39.9106273735545], 
            [-98.5056475176188, 39.9515735063123], 
            [-98.7929809113399, 40.0425399312729], 
            [-98.9581234186608, 40.1724110279467], 
            [-99.0644682506092, 40.3110954806719], 
            [-99.1227712988563, 40.4212624313162], 
            [-99.1706422113689, 40.5578424704537], 
            [-99.217937557772, 40.8294826944709], 
            [-99.1780975911309, 41.0993242743958], 
            [-99.03071669422, 41.4116048616751], 
            [-98.7631953651739, 41.6515529767885], 
            [-98.6565717433912, 41.7079674487388], 
            [-98.5275999687635, 41.7688425580377], 
            [-98.7457844903619, 42.0204009207659], 
            [-98.8807007837141, 42.2407438152749], 
            [-98.9678001238765, 42.4892444830465], 
            [-99.0153832533344, 42.8083689110965], 
            [-98.9643647136605, 43.0837143419434], 
            [-98.9122939671928, 43.2481823577297], 
            [-98.8481453256462, 43.3841058917736], 
            [-98.768681229655, 43.5192829885192], 
            [-98.4767972663807, 43.9678018725585], 
            [-98.3736270412549, 44.2042156520308], 
            [-98.3374742950027, 44.4118331395878], 
            [-98.6048697189623, 44.4818993201975], 
            [-98.935505469202, 44.5312001547634], 
            [-99.1397954651885, 44.4960276695414], 
            [-99.2403666496011, 44.4028489123475], 
            [-99.5396070672123, 43.9394372552252], 
            [-99.8156899421371, 43.6918179230588], 
            [-100.129913065036, 43.5502376533451], 
            [-100.343241247585, 43.5184286325754], 
            [-100.786957751899, 43.475908686237], 
            [-100.919355943522, 43.4243505533354], 
            [-101.072753304921, 43.1518469801541], 
            [-101.266251436355, 42.9430064146144], 
            [-101.500246039523, 42.7819917954851], 
            [-101.784827507783, 42.6733986584214], 
            [-102.036044128134, 42.6208422780488], 
            [-102.541202314635, 42.544822585494], 
            [-102.747956453028, 42.4793699269806], 
            [-102.763074056622, 42.3372860369212], 
            [-102.819974162478, 42.3704080678781], 
            [-102.938369909843, 42.4531097232352], 
            [-103.175862875771, 42.5576379246506], 
            [-103.449382682864, 42.6160758712046], 
            [-103.810658335214, 42.6455556478749], 
            [-104.09828850521, 42.6118670440289], 
            [-104.255660870053, 42.5117725003007], 
            [-104.325897921852, 42.3825219358387], 
            [-104.342292562752, 42.1073653626215], 
            [-104.230192069708, 41.7443180458412], 
            [-104.056865731768, 41.4717874929985], 
            [-103.867882197006, 41.2602849342024], 
            [-103.612816478298, 41.1025978066435], 
            [-103.392437610907, 41.0435753007596], 
            [-103.280714833123, 41.0319290802629], 
            [-103.509763165038, 40.7797411921024], 
            [-103.449976235415, 40.206027686029], 
            [-103.42645896391, 39.740493628878], 
            [-103.44011966579, 39.3958464411604], 
            [-103.474410815407, 39.0667395383991], 
            [-103.471308154348, 38.9884715407291], 
            [-103.285876941667, 38.9958190018455], 
            [-103.059616508095, 39.088754942087], 
            [-102.83037032533, 39.2753193005454], 
            [-102.511164958296, 39.7696406563913], 
            [-102.262097717636, 40.0004156866347], 
            [-101.986140747797, 40.1306465121269], 
            [-101.684553099646, 40.1650186007279], 
            [-101.403478987365, 40.1062119321351], 
            [-101.094705756066, 39.942823102804], 
            [-100.771714243218, 39.6698878550405], 
            [-100.675414838524, 39.5992461083213], 
            [-100.474857029029, 39.5357539718684], 
            [-100.34410459675, 39.6257311425783], 
            [-100.238623113966, 39.693845794348], 
            [-99.9823972698181, 39.8016745076725], 
            [-99.5689789252372, 39.8274220978516], 
            [-99.3220430778257, 39.775765039525], 
            [-98.973996452774, 39.6158026271896], 
            [-98.4998918565239, 39.2522337036226], 
            [-98.3540667867528, 39.1834175806569], 
            [-98.1510987941739, 39.1531014344837], 
            [-97.9195503469709, 39.2015479131058], 
            [-97.7641924635113, 39.2559928697752], 
            [-97.5200265280018, 39.3851984681349], 
            [-97.4516420796182, 39.5015167815743], 
            [-97.1722676860048, 39.2426559238319], 
            [-97.0807167017144, 39.0696623350488], 
            [-97.1111407665331, 38.8694552611515], 
            [-97.2733964500861, 38.7701071547215], 
            [-97.7791032230352, 38.5314450701339], 
            [-98.081419322044, 38.3096992332331], 
            [-98.2685142805096, 38.0980527829097], 
            [-98.5833579356202, 37.6687973770973], 
            [-98.7205135408671, 37.6633654719391], 
            [-98.7864788129468, 37.7880294939661], 
            [-98.8129368675424, 38.1191059120083], 
            [-98.9372141810895, 37.9077022786373], 
            [-99.181047367442, 37.5911499116392], 
            [-99.4323719064383, 37.3689903865972], 
            [-99.6616630553057, 37.2112043336132], 
            [-100.072050684591, 36.9699432083125], 
            [-100.236338835968, 36.8541195219984], 
            [-100.264901304152, 36.823290762259], 
            [-100.303158463992, 36.8357103997152], 
            [-100.536424616303, 36.9938292018563], 
            [-100.837112942408, 37.3067842806701], 
            [-101.177866065666, 37.9615626759768], 
            [-101.27026241268, 38.0063938799736], 
            [-101.360356495256, 38.0045502697792], 
            [-101.503492592109, 37.9308148552214], 
            [-101.94481689978, 37.4714771269679], 
            [-102.150581783922, 37.3255081656694], 
            [-102.438400811548, 37.2321135711845], 
            [-102.826629145619, 37.2400365984104], 
            [-103.104969318879, 37.3353107759716], 
            [-103.517848070232, 37.5480004398685], 
            [-103.61657564445, 37.5800342911497], 
            [-103.783966456886, 37.5766258605951], 
            [-104.041010684096, 37.4615576047997], 
            [-104.236550276574, 37.3290065284286], 
            [-104.41779964174, 37.2101701132602], 
            [-104.533371517881, 37.0542636433525], 
            [-104.574596440473, 36.8241810910845], 
            [-104.507075341254, 36.3621453966928], 
            [-104.485014971464, 35.9967508493723], 
            [-104.531833677182, 35.7681971445826], 
            [-104.580442033773, 35.6261672138459], 
            [-104.669852631594, 35.4526160453943], 
            [-104.78279848736, 35.2859986499178], 
            [-105.11518791559, 34.9217552348163], 
            [-105.246758730931, 34.6305997223993], 
            [-105.443548381053, 34.2485946968878], 
            [-105.568464213253, 33.9911367815373], 
            [-105.613322396911, 33.8528929966146], 
            [-105.609527257877, 33.6670750754545], 
            [-105.510691765013, 33.5368172703008], 
            [-105.329172603233, 33.4779206695034], 
            [-105.089503277954, 33.4828039882136], 
            [-104.104898522249, 33.7222394897607], 
            [-103.427727007995, 33.9385174486214], 
            [-103.100580627294, 34.0712124165199], 
            [-102.93029399787, 34.24844181214], 
            [-102.879770085321, 34.4041504311975], 
            [-102.822393338782, 34.8151675859154], 
            [-102.794811131628, 34.9768746830203], 
            [-102.722343761156, 35.1885930791074], 
            [-102.616565502096, 35.3939352818878], 
            [-102.529151399218, 35.6291709494798], 
            [-102.385493695578, 35.841105182858], 
            [-102.186024065758, 35.9992509646603], 
            [-101.978532483287, 36.0810892708532], 
            [-101.73265783589, 36.1141303628261], 
            [-101.458661388112, 36.0439112974685], 
            [-101.244595761485, 35.9336274349582], 
            [-100.934104825078, 35.8328763861364], 
            [-100.613973156336, 35.6865117231376], 
            [-100.495478483545, 35.639773956403], 
            [-100.363475993622, 35.6424719225413], 
            [-100.273004195787, 35.8289553420155], 
            [-100.149985933104, 36.3335919217298], 
            [-100.073372687999, 36.5867510777002], 
            [-100.062346999714, 36.6432464886346], 
            [-100.038982612957, 36.6215998069856], 
            [-100.00136397177, 36.5809954166053], 
            [-99.9532682287457, 36.479084242344], 
            [-99.8525351663648, 36.0016521545234], 
            [-99.7580074261018, 35.7319454729054], 
            [-99.5075012701674, 35.3061884298522], 
            [-99.4089895332403, 35.0974557829581], 
            [-99.3163503692741, 34.6122535526594], 
            [-99.2774546907813, 34.4637844760728], 
            [-99.1689245062609, 34.2150949506715], 
            [-98.9857685783571, 33.9762530016748], 
            [-98.5445701757729, 33.6025217389871], 
            [-98.421605872413, 33.446156614836], 
            [-98.3592738613995, 33.3140821791493], 
            [-98.3117986505872, 33.1147654340776], 
            [-98.2689639415326, 32.6676674788711], 
            [-98.2276760663973, 32.3112571587909], 
            [-98.2060293847483, 32.0521175112142], 
            [-98.2528211108055, 31.7833820974059], 
            [-98.3531314918249, 31.5391622025737], 
            [-98.0259761179034, 31.6135631154455], 
            [-97.7926470130491, 31.6352097970946], 
            [-97.6123419360315, 31.5879684100142], 
            [-97.2733155111019, 31.3913226514193], 
            [-96.9417264794933, 31.1370393428915], 
            [-96.8965895060009, 31.0414054365118], 
            [-96.9015627569157, 30.9158600788796], 
            [-97.0132045957155, 30.6232926308503], 
            [-97.0559673590063, 30.4882234527502], 
            [-97.0079795346278, 30.1664280382234], 
            [-96.8772810616716, 29.7004443200494], 
            [-96.8781983701586, 29.677268790922], 
            [-96.8547980105197, 29.6105211086623], 
            [-96.8307231593463, 29.3342223964465], 
            [-96.8331693153116, 29.2725019244244], 
            [-96.8318563051243, 29.2392449951605], 
            [-96.7639484974251, 29.045495053554], 
            [-96.7711340805733, 28.8641287765219], 
            [-96.7348644224551, 28.5859235015684], 
            [-96.6864359302739, 28.5410563246897], 
            [-96.6733867673854, 28.8263842302481], 
            [-96.5310690535939, 28.8935545938695], 
            [-96.3704591293853, 28.8871873937833], 
            [-95.7778598603442, 28.6688859603189], 
            [-95.7636865448981, 28.6535884923151], 
            [-96.202204967785, 28.4753878288853], 
            [-96.4273862149018, 28.3045166401309], 
            [-96.6778743843953, 28.1625046958351], 
            [-96.9194502724121, 27.9709760796824], 
            [-97.0202283008953, 27.838164199918], 
            [-97.058458481074, 27.7639431514553], 
            [-97.0573163420755, 27.7078884083235], 
            [-97.1564576044348, 27.6597926652993], 
            [-97.3269780575912, 27.2788758194636], 
            [-97.335836379745, 26.8448360203661], 
            [-97.2835228163249, 26.6836325436071], 
            [-97.2191583374872, 26.4955753105522], 
            [-97.1502882551987, 26.2268488899644], 
            [-97.103019888457, 25.9034257025342], 
            [-97.1555852620501, 25.6561840856271], 
            [-97.3280842237079, 25.3566738714021], 
            [-97.4434312693376, 25.1477523668783], 
            [-97.8342496509006, 25.155729353427], 
            [-98.0671380879523, 25.1509719398032], 
            [-98.3757404480632, 25.1886805131952], 
            [-98.6681640045651, 25.2835769754971], 
            [-98.9345971539354, 25.434627106356], 
            [-99.2055898660794, 25.6949988251358], 
            [-99.6214543666257, 26.208259903272], 
            [-100.13565073969, 26.6557715466196], 
            [-100.333312732197, 26.8912410379436], 
            [-100.450575333785, 27.1188684410258], 
            [-100.517305029603, 27.3138054877331], 
            [-100.548250701209, 27.6302859089676], 
            [-100.668211268935, 27.7551387886243], 
            [-101.066916704842, 28.1382050141502], 
            [-101.21931581877, 28.3895115667055], 
            [-101.288590595979, 28.5919129863953], 
            [-101.294813904538, 28.8967022210307], 
            [-101.201428303274, 29.1334667361011], 
            [-100.989350178368, 29.3541963390899], 
            [-100.688769770908, 29.5090416089831], 
            [-100.455701469447, 29.5567776231888], 
            [-99.8237029015676, 29.5911497117898], 
            [-99.7451741005043, 29.6666028314556], 
            [-99.6498099907385, 30.0047119478982], 
            [-99.601201634148, 30.1279550410924], 
            [-99.1513787331419, 31.0498320840835], 
            [-99.0415445316548, 31.3707101901232], 
            [-98.9935297276148, 31.6521979905449], 
            [-99.015590097405, 32.0409749110634], 
            [-99.094091918807, 32.6383495801691], 
            [-99.1446877771191, 33.1555946549694], 
            [-99.1939616320236, 33.407998380421], 
            [-99.2810339925247, 33.6287549630712], 
            [-99.5786916033348, 34.1560994244489], 
            [-99.8435869120063, 34.6442424378383], 
            [-99.9802209104666, 34.8285584911815], 
            [-100.132107410828, 34.9438066113861], 
            [-100.245197158122, 34.8781561020226], 
            [-100.518770924539, 34.4375782316502], 
            [-100.69055942178, 34.2299157779909], 
            [-100.974601296812, 33.9570165031092], 
            [-100.965086469565, 33.490718022219], 
            [-101.03194207047, 33.2536837105349], 
            [-101.12132568863, 33.0694306097349], 
            [-101.220736747603, 32.917813905987], 
            [-101.398919424592, 32.6549420719192], 
            [-101.424190374086, 32.5811257183773], 
            [-101.435216062371, 32.5471403382561], 
            [-102.020305992328, 32.7132451201662], 
            [-102.259390758277, 32.7274993745966], 
            [-102.408147617918, 32.6328817021289], 
            [-102.780718755166, 32.2810579244837], 
            [-103.032735772138, 32.0612456299819], 
            [-103.423374289292, 31.7571129004401], 
            [-103.211682872866, 31.4991063986415], 
            [-103.100670559499, 31.3543155492233], 
            [-103.13465593962, 31.3432898609384], 
            [-103.615334580027, 31.0331496601288], 
            [-103.888593583727, 30.939620167337], 
            [-104.144594597363, 30.9068938380802], 
            [-104.980028805285, 30.9239449840738], 
            [-105.241452730859, 30.8729084579591], 
            [-105.38571298027, 30.8260987454608], 
            [-105.83151591173, 30.6735107739032], 
            [-106.07706680319, 30.6232116918662], 
            [-106.530810748317, 30.6139486747916], 
            [-106.794375060361, 30.665407882268], 
            [-106.994114486794, 30.7302220221287], 
            [-107.292887256941, 30.8751657562947], 
            [-107.456267093052, 30.9822929984232], 
            [-107.880855017445, 31.2876488059477], 
            [-108.072401620039, 31.3653412375082], 
            [-108.287672338208, 31.3375971523868], 
            [-108.759825405618, 31.0943665118052], 
            [-109.025017490565, 30.9657094998936], 
            [-109.21894729658, 30.8091645113332], 
            [-109.453985113322, 30.7138273812287], 
            [-109.615953013821, 30.690157224976], 
            [-109.889625705662, 30.6678450450129], 
            [-110.296685843377, 30.4581501235294], 
            [-110.566527423302, 30.3560321051976], 
            [-110.848060189826, 30.3080083079371], 
            [-111.179136607868, 30.3344393828713], 
            [-111.366186600231, 30.3951436209814], 
            [-111.620865610459, 30.5357436296649], 
            [-111.907380621119, 30.8110261079686], 
            [-112.063925609679, 31.0286890227803], 
            [-112.34851607116, 31.46277378798], 
            [-112.579147209876, 31.7028118352981], 
            [-113.00199944272, 31.7346388425087], 
            [-113.237262089973, 31.8274308912227], 
            [-113.437873858791, 31.9634173778098], 
            [-113.689773963897, 31.8412085049686], 
            [-114.133652346179, 31.5930675660155], 
            [-114.304334677303, 31.5346476059024], 
            [-114.387243176731, 31.5908552337821], 
            [-114.43270390616, 31.6129066103518], 
            [-114.521880680249, 31.6588529736858], 
            [-114.578771792884, 31.657683855026], 
            [-114.612739186564, 31.6583853262219], 
            [-114.657417505813, 31.6353626818424], 
            [-114.736315028915, 31.6468919904731], 
            [-114.804285789158, 31.5348184770911], 
            [-114.843819986303, 31.4129783262888], 
            [-115.017515046282, 31.4094349974273], 
            [-115.400464359942, 31.4328623367275], 
            [-115.852328721993, 31.4748336966179], 
            [-116.704930987775, 31.5017773851183], 
            [-116.706288964064, 31.5681203724573], 
            [-116.704463340311, 31.6571802346801], 
            [-116.790150744861, 31.7700991107854], 
            [-116.739357035699, 31.7711333311384], 
            [-116.661232929556, 31.7695415311168], 
            [-116.649334898886, 31.7819341889117], 
            [-116.593900687966, 31.794021077211], 
            [-116.301324246717, 31.8473868474251], 
            [-116.323339650404, 32.1952895809494], 
            [-116.363782162817, 32.3733193731906], 
            [-116.503977476579, 32.489286951032], 
            [-116.661421787186, 32.5800555251424], 
            [-116.838606216704, 32.6906541503688], 
            [-116.999009296841, 32.7150977235811], 
            [-117.064857657055, 32.7617815309929], 
            [-117.191005560458, 32.7904429246014], 
            [-117.302008880605, 32.8397167795059], 
            [-117.289310453315, 32.8956186378899], 
            [-117.302008880605, 32.9972600155374], 
            [-117.291387887241, 33.0316500905793], 
            [-117.201365750429, 33.1772773095003], 
            [-117.29976057549, 33.3559546136146], 
            [-117.478069157566, 33.4805107169961], 
            [-117.606474359304, 33.3917476310484], 
            [-117.617095352668, 33.3798585935993], 
            [-117.672925265289, 33.4140508177911], 
            [-117.718799682859, 33.4356974994402], 
            [-117.83046850132, 33.5265829854165], 
            [-118.033886154922, 33.6382518038777], 
            [-118.075461813112, 33.6831279739769], 
            [-118.168487685558, 33.6868151943658], 
            [-118.317370450286, 33.6809156417435], 
            [-118.460083865778, 33.736493744191], 
            [-118.427312570419, 33.829987264101], 
            [-118.293493449963, 33.8431443456351], 
            [-118.245973273048, 33.8393222269393], 
            [-118.125230295142, 33.8756818172621], 
            [-118.12166897984, 33.9200094009132], 
            [-118.130194552836, 34.0260394701455], 
            [-118.101811949062, 34.089639525244], 
            [-118.056800880656, 34.1703177059974], 
            [-118.08421221662, 34.3307207861354], 
            [-118.222617879511, 34.3686002307161], 
            [-118.360178179679, 34.3271774572739], 
            [-118.436161899352, 34.2200142422636], 
            [-118.441279041794, 34.1563242549604], 
            [-118.427942095851, 33.99040833068], 
            [-118.460236750526, 33.95293358102], 
            [-118.472323638825, 33.9425194317265], 
            [-118.579630745363, 34.0206525310895], 
            [-118.731778049118, 33.9994105443612], 
            [-118.812348311226, 33.9705063338004], 
            [-118.865543210251, 33.9994105443612], 
            [-118.970476106587, 34.0238271379122], 
            [-119.090607545502, 34.0669316435806], 
            [-119.185584946788, 34.0962585355031], 
            [-119.264860185149, 34.167089139852], 
            [-119.32185921643, 34.2567155749639], 
            [-119.548344480513, 34.3797877969693], 
            [-119.620137359452, 34.3840685699087], 
            [-119.72141001506, 34.3780341189795], 
            [-119.800181633076, 34.38272858006], 
            [-119.872990745926, 34.3783848545775], 
            [-120.063925809528, 34.4468952080475], 
            [-120.484736581328, 34.4218131161824], 
            [-120.537805575267, 34.5052612088378], 
            [-120.687272899325, 34.5514144162424], 
            [-120.639267088505, 34.6852155502575], 
            [-120.667361909225, 34.7635375072502], 
            [-120.662334698987, 34.8478489490698], 
            [-120.696904638438, 34.9114490041683], 
            [-120.653098661574, 35.1164674510121], 
            [-120.833439711473, 35.158429817682], 
            [-120.917760146514, 35.2337660254818], 
            [-120.906914322638, 35.4157438415052], 
            [-121.028061995465, 35.4439285944292], 
            [-121.108065684684, 35.5154067106512], 
            [-121.190983177332, 35.6082077525858], 
            [-121.313812582385, 35.6461411564893], 
            [-121.369318739069, 35.7670819852455], 
            [-121.49797575098, 35.8820333291749], 
            [-121.510647198609, 35.9230514076964], 
            [-121.494117659402, 35.9389334350301], 
            [-121.396918932663, 36.3710127120671], 
            [-121.510701157932, 36.4894354390943], 
            [-121.848234708265, 36.6657475262275], 
            [-121.829825585982, 36.8216629893556], 
            [-121.899307207262, 36.9309126315128], 
            [-122.093632714978, 36.9193383567798], 
            [-122.18794461795, 36.9626227268574], 
            [-122.25587940531, 37.0233179717471], 
            [-122.309038331454, 37.0828171183155], 
            [-122.337241070819, 37.0811353860893], 
            [-122.399006508943, 37.1502662717711], 
            [-122.442299872241, 37.1889461129728], 
            [-122.44598709263, 37.2509094019474], 
            [-122.439619892544, 37.3577128881394], 
            [-122.489028645755, 37.4653527438342], 
            [-122.540604765098, 37.511434005475], 
            [-122.529749948002, 37.6936456452304], 
            [-122.56798012818, 37.817482290975], 
            [-122.6659612651, 37.8707221561027], 
            [-122.729939035458, 37.8669090306274], 
            [-122.794753175319, 37.9248253703946], 
            [-122.84532205397, 37.9814197067541], 
            [-122.894766780063, 37.9843694830653], 
            [-123.070107599386, 37.9739193608899], 
            [-122.985427435528, 38.1297448918134], 
            [-123.02919743951, 38.2756419073483], 
            [-123.090297379321, 38.2719996530616], 
            [-123.127286495076, 38.3917893495989], 
            [-123.164212658287, 38.4331131976161], 
            [-123.354886918496, 38.5441255109836], 
            [-123.485981093153, 38.6908499028008], 
            [-123.770976249554, 38.9131353329294], 
            [-123.774483605534, 38.9720589133882], 
            [-123.728123554059, 39.01347269361], 
            [-123.749365540787, 39.1082972101482], 
            [-123.809988839913, 39.1950817875945], 
            [-123.861897708412, 39.3888856885238], 
            [-123.840655721684, 39.4683947506173], 
            [-123.808127243278, 39.5590643993027], 
            [-123.839387677599, 39.6934500926478], 
            [-123.863165752497, 39.7146920793761], 
            [-123.884407739226, 39.8059822602732], 
            [-123.923690126198, 39.8410827997315], 
            [-124.031329981893, 39.9741464896688], 
            [-124.005168703573, 40.0044986087239], 
            [-123.886512152814, 40.0788185826116], 
            [-123.76757681222, 40.1812963297619], 
            [-123.671879953297, 40.3528150303894], 
            [-123.631941061231, 40.5731039655756], 
            [-123.607596413444, 40.8760046239143], 
            [-123.647796108903, 41.1397667868079], 
            [-123.771380944475, 41.2832176463774], 
            [-123.884200895155, 41.3140913722191], 
            [-124.121352118705, 41.3245145147331], 
            [-124.096279020061, 41.4443221977113], 
            [-124.174609970274, 41.6917256925867], 
            [-124.199692062139, 41.7187952861736], 
            [-124.289057693857, 41.7470879577431], 
            [-124.290604527777, 41.7862534328497], 
            [-124.24577332378, 41.8709785628105], 
            [-124.243129316964, 41.9378341637158], 
            [-124.272627080076, 42.000337045918], 
            [-124.378351379812, 42.0686135756561], 
            [-124.403325553032, 42.1734295601262], 
            [-124.448147763808, 42.2581456968665], 
            [-124.447230455321, 42.2812672666711], 
            [-124.470702760724, 42.4386756043957], 
            [-124.426069407577, 42.6090341795838], 
            [-124.493131852553, 42.6406903156056], 
            [-124.514778534202, 42.6865557399555], 
            [-124.538142920959, 42.7307124524178], 
            [-124.559789602608, 42.7765778767677], 
            [-124.596877643788, 42.8466620438184], 
            [-124.501234744188, 42.9856522660393], 
            [-124.47062182174, 43.114174379644], 
            [-124.425907529609, 43.2417522051003], 
            [-124.424738410949, 43.2712859410934], 
            [-124.427283492339, 43.3356414267105], 
            [-124.403109715741, 43.3617397524877], 
            [-124.316513995924, 43.441968272218], 
            [-124.269668310544, 43.5756255147058], 
            [-124.245566479709, 43.6768262245507], 
            [-124.20810971649, 43.7836836700654], 
            [-124.177164044885, 43.9912292118587], 
            [-124.178072360151, 44.0142338697973], 
            [-124.145399990217, 44.2333626795441], 
            [-124.109642945665, 44.5764450469015], 
            [-124.110991928734, 44.6103944541408], 
            [-124.109651938886, 44.6441550037505], 
            [-124.110991928734, 44.6779155533602], 
            [-124.10876161006, 44.7341771405627], 
            [-124.111360650773, 44.7997557041625], 
            [-124.06562113151, 44.930247333048], 
            [-124.043012175272, 45.0722053180211], 
            [-124.018011022391, 45.1435215562749], 
            [-124.020520130899, 45.2068068486572], 
            [-124.017120693565, 45.2924942532073], 
            [-124.043237005783, 45.3418490470959], 
            [-124.017948069847, 45.3896210341834], 
            [-124.021365493623, 45.4756861539929], 
            [-123.996274408537, 45.5230894190415], 
            [-123.998010100086, 45.5669043891264], 
            [-123.992128533905, 45.7154094385948], 
            [-124.02053811734, 45.769089971525], 
            [-124.017399483399, 45.8482303115797], 
            [-124.021374486843, 45.9486665976854], 
            [-123.956236591046, 46.0433292362553], 
            [-124.025232578421, 46.1895230280654], 
            [-124.116019138972, 46.2323667303404], 
            [-124.088023243678, 46.6701297227086], 
            [-124.064110270473, 46.6922890179239], 
            [-124.133034312084, 46.7367964659842], 
            [-124.154680993733, 46.8501829895534], 
            [-124.200546418083, 46.9168407396085], 
            [-124.232166581223, 47.1810345770842], 
            [-124.267213161358, 47.2552915984286], 
            [-124.329581145254, 47.3130820331094], 
            [-124.373135311945, 47.3953969799867], 
            [-124.417624773564, 47.6284203153454], 
            [-124.447293407864, 47.6604361801856], 
            [-124.537279571795, 47.6568658716627], 
            [-124.515632890146, 47.6829102381171], 
            [-124.44954171298, 47.714098726675], 
            [-124.604800671014, 47.8404534741486], 
            [-124.673176126177, 47.8846011933904], 
            [-124.702044363856, 47.945764085744], 
            [-124.773099798717, 47.9792998048422], 
            [-124.72611921503, 48.0680808772308], 
            [-124.796221368521, 48.1699560786102], 
            [-124.739806896571, 48.2222246759281], 
            [-124.740724205058, 48.2454721508192], 
            [-124.717134987789, 48.3127864059679], 
            [-124.784853937859, 48.41119921747], 
            [-124.582299633421, 48.4031053190553], 
            [-124.28345491751, 48.2890712836129], 
            [-124.227139370985, 48.2913016022872], 
            [-124.109669925327, 48.2455620830238], 
            [-123.978216021852, 48.1915667873774], 
            [-123.592460823408, 48.1762783125941], 
            [-123.54721593127, 48.1780679634658], 
            [-123.258794357873, 48.140458315499], 
            [-123.10433579646, 48.2221976962667], 
            [-123.074388372325, 48.2005510146177], 
            [-123.042777202406, 48.1335605154055], 
            [-122.985994008417, 48.1313122102903], 
            [-122.938581750148, 48.1563943021554], 
            [-122.859693220266, 48.1532736546555], 
            [-122.758564456185, 48.1773574990494], 
            [-122.814394368805, 48.2290865031397], 
            [-122.760165249427, 48.3130741890227], 
            [-122.697590421461, 48.4040136343219], 
            [-122.759868473151, 48.471237957266], 
            [-122.802649222883, 48.380595288242], 
            [-122.917699492238, 48.4022419698911], 
            [-122.984366235513, 48.4256063566481], 
            [-123.139373383375, 48.46253251986], 
            [-123.229485452392, 48.5597852059226], 
            [-123.279164002217, 48.5143874290367], 
            [-123.165390770168, 48.4089688987957], 
            [-123.288885673535, 48.3766112915779], 
            [-123.436905089099, 48.3824748713183], 
            [-123.54291717189, 48.2680631206166], 
            [-123.660404603989, 48.2897098022656], 
            [-123.749572384858, 48.3130741890227], 
            [-123.913869529455, 48.3522126844679], 
            [-124.268067517302, 48.4472530382972], 
            [-124.376912464539, 48.4854022794917], 
            [-124.492268503389, 48.5156284934603], 
            [-124.674021488901, 48.5503333312183], 
            [-124.930714980512, 48.6623528852775], 
            [-125.144070142723, 48.7030831807443], 
            [-125.235827971084, 48.7623395103602], 
            [-125.318988280685, 48.819563372152], 
            [-125.415017888765, 48.8532249963366], 
            [-125.536624215835, 48.8764364983458], 
            [-125.718485119992, 48.9938789643428], 
            [-125.815108280623, 49.1342901153966], 
            [-125.922694176995, 49.3808302611077], 
            [-125.965987540293, 49.6076033082462], 
            [-126.022689795298, 49.8785870271697], 
            [-125.995539262727, 50.2297183268394], 
            [-125.919537556613, 50.3907509324097], 
            [-125.826349806199, 50.5350651411434], 
            [-125.618417555925, 50.7107836757261], 
            [-125.442231373879, 50.7831521207738], 
            [-125.187003777203, 50.8275966162909], 
            [-124.90100138011, 50.7849417716455], 
            [-124.335516670758, 50.8700356236452], 
            [-124.097322233634, 50.9627916994774], 
            [-123.900550569953, 51.0898569113675], 
            [-123.615195684733, 51.3542485996932], 
            [-123.529229490349, 51.5167111273167], 
            [-123.480360330365, 51.7032305196728], 
            [-123.507951530739, 52.0580040736292], 
            [-123.583989209734, 52.4082990037961], 
            [-123.717097865774, 52.980771445446], 
            [-123.929616658482, 53.0618633143405], 
            [-124.378837013717, 53.2190468215537], 
            [-124.840566938613, 53.4362510821218], 
            [-125.072636992603, 53.4848054793894], 
            [-125.325859101117, 53.4444618924025], 
            [-125.567677806086, 53.4023556342053], 
            [-125.860074382926, 53.3907633730313], 
            [-126.113566288054, 53.4210975056454], 
            [-126.371959498332, 53.4552897298373], 
            [-126.361131660897, 53.5344930224351], 
            [-126.270255168141, 54.0062593813655], 
            [-126.092818928451, 54.9502417602491], 
            [-126.079383057082, 55.1882563329635], 
            [-125.942928923031, 55.1616184139587], 
            [-125.442905865413, 55.0067551576245], 
            [-124.947226533278, 54.7768704562067], 
            [-124.689300970463, 54.7496120049901], 
            [-124.307385877156, 54.8147588940078], 
            [-124.095118894621, 54.844391555426], 
            [-123.829486141872, 54.8389686434882], 
            [-123.305694002576, 54.7794694969198], 
            [-123.035771483667, 54.9185226716841], 
            [-122.889146017275, 54.9763580724672], 
            [-122.611003694865, 55.0306501443887], 
            [-122.009240334174, 55.0674683889551], 
            [-121.925450499141, 55.1106268539463], 
            [-121.864296600008, 55.2366848251447], 
            [-121.9047301192, 55.6719117293429], 
            [-121.926781495769, 55.9940578794677], 
            [-121.880421444294, 56.3113207108822], 
            [-121.795606382129, 56.5591019210169], 
            [-121.598861698109, 56.8493581113878], 
            [-121.396109542821, 57.0101029339033], 
            [-121.135360108782, 57.1366105661248], 
            [-120.888487213914, 57.184805234574], 
            [-120.638502664766, 57.1796970853523], 
            [-120.362770525439, 57.1232286540792], 
            [-120.021891497095, 56.9706226960806], 
            [-119.453187214818, 56.6036903080613], 
            [-119.167175824505, 56.4649339095724], 
            [-118.640892563141, 56.2800243036788], 
            [-118.370898098468, 56.1778523260241], 
            [-118.0190203615, 55.9644611909313], 
            [-117.647366532739, 55.6739262107261], 
            [-117.487116337349, 55.5787959246923], 
            [-117.310732304452, 55.5823932128766], 
            [-117.187992831604, 55.6456155527157], 
            [-116.77373811752, 56.0266852832993], 
            [-116.493140645924, 56.2106506010445], 
            [-116.273058554808, 56.3040721751908], 
            [-116.025043520942, 56.3524916741515], 
            [-115.721009716825, 56.3462863520336], 
            [-115.478408601676, 56.2760762798965], 
            [-115.281663917656, 56.1747226853038], 
            [-115.068956267318, 56.0133213576946], 
            [-114.872868088391, 55.7659898085829], 
            [-114.609078945837, 55.3117422431101], 
            [-114.473479167729, 55.1502150104145], 
            [-114.281797666829, 55.0572161176298], 
            [-113.902490607455, 55.0649592804465], 
            [-113.386864312338, 55.1849198481725], 
            [-113.010318171646, 55.3138106838161], 
            [-112.86966420364, 55.4091478139206], 
            [-112.76230313778, 55.5208885781455], 
            [-112.683684404512, 55.6829464108483], 
            [-112.653557115968, 55.9295315226617], 
            [-112.657028499066, 56.0998451317475], 
            [-112.742661944293, 56.6858433769704], 
            [-112.777294836288, 57.0399064665103], 
            [-112.743525293457, 57.4364535295069], 
            [-112.694791031781, 57.6744231361189], 
            [-112.631316881769, 57.9220694479467], 
            [-112.577456484429, 58.143023881447], 
            [-112.535395192334, 58.4443417329847], 
            [-112.544262507709, 58.8791189761599], 
            [-112.615021166294, 59.0858281484504], 
            [-112.742581005309, 59.1477104984408], 
            [-113.230849923785, 59.0853065416637], 
            [-113.66503361441, 59.0941648638175], 
            [-113.964390943887, 59.1847535735187], 
            [-114.207954333626, 59.3324582263662], 
            [-114.440357136772, 59.5743488770991], 
            [-114.569436830046, 59.8404043112101], 
            [-114.612307511982, 60.0158080830766], 
            [-112.486795828964, 60.0380932833784], 
            [-112.418528292447, 59.7960407546772], 
            [-112.356744867881, 59.6437315729538], 
            [-112.167167780569, 59.610924304713], 
            [-111.686111424902, 59.7191397265173], 
            [-111.400981370194, 59.7470277031661], 
            [-111.221000049113, 59.7433494759976], 
            [-110.992815066362, 59.6966207024835], 
            [-110.735546008641, 59.5853026196203], 
            [-110.583893332012, 59.4825101097538], 
            [-110.389334000564, 59.280009764639], 
            [-110.287845507664, 59.1090396504596], 
            [-110.193542597912, 58.8699458912899], 
            [-110.149215014261, 58.5976401689587], 
            [-110.16616723483, 57.7669094153374], 
            [-110.129708719082, 57.5889245891985], 
            [-110.018723385376, 57.3324109619964], 
            [-109.793587104361, 57.0193659509779], 
            [-109.610736945953, 56.8838201321934], 
            [-109.496765863054, 56.8285298128007], 
            [-109.285056460187, 56.7976650801794], 
            [-108.851196525499, 56.8651861793987], 
            [-108.647338204095, 56.8936407289366], 
            [-108.326541037039, 56.8870936644411], 
            [-108.032085012713, 56.8368755213883], 
            [-107.61336066806, 56.7071932823442], 
            [-107.378098020807, 56.6372260271595], 
            [-106.915225956912, 56.572609738149], 
            [-106.703462594723, 56.5416640665435], 
            [-106.343571898324, 56.4184749326721], 
            [-106.087741755877, 56.2450586625274], 
            [-105.920225038355, 56.0707070974547], 
            [-105.785110894152, 55.8430976808134], 
            [-105.679710350352, 55.5182895374323], 
            [-105.655338722904, 54.7716723747803], 
            [-105.628260136096, 54.6394720340073], 
            [-105.499153463162, 54.4490136110894], 
            [-105.195893076005, 54.1850805770071], 
            [-104.95103466252, 53.9302306955902], 
            [-104.818870294628, 53.7075855366433], 
            [-104.715484232212, 53.4454601398737], 
            [-104.687569275901, 53.0104670594073], 
            [-104.739343246094, 52.7069548620773], 
            [-104.860266088409, 52.2891028598092], 
            [-104.898891970288, 52.0912430164522], 
            [-104.866516376629, 51.933160187193], 
            [-104.76913778548, 51.7895024835528], 
            [-104.236999937597, 51.5087341407681], 
            [-104.095212823813, 51.4227499599428], 
            [-103.894834878727, 51.2610068899561], 
            [-103.716265493258, 51.0751440026937], 
            [-103.42723238087, 50.6980672619946], 
            [-103.287999341696, 50.5366299615036], 
            [-103.079518504975, 50.3820814678855], 
            [-102.630163251433, 50.1790235431021], 
            [-102.39861480423, 50.0597374669106], 
            [-102.168613190946, 49.9202616107848], 
            [-101.775186775449, 49.6217226643695], 
            [-101.32353825069, 49.2321993065528], 
            [-100.839253328878, 48.7996793617132], 
            [-100.56038255561, 48.4792689031374], 
            [-99.953663930446, 47.6493025732552], 
            [-99.8225157964668, 47.4283841126367], 
            [-99.7333030494961, 47.2021956248283], 
            [-99.6840291945916, 47.0000550085319], 
            [-99.6915385336764, 46.6320794069392], 
            [-99.7600578803668, 46.3952969054279], 
            [-99.9078884383007, 46.1515356648391], 
            [-100.146226766952, 45.9225322990265], 
            [-100.359959644422, 45.7824089310274], 
            [-100.670540513034, 45.667007926075], 
            [-101.040881331608, 45.5947024335705], 
            [-101.829298982962, 45.5671292196379], 
            [-101.979980391782, 45.536273480237], 
            [-102.053913657189, 45.4519530451969], 
            [-102.006195629425, 45.3593318676716], 
            [-101.934240872518, 45.2902009819898], 
            [-101.510660188817, 44.9762026896025], 
            [-101.333637637267, 44.8235247858403], 
            [-101.27513673817, 44.8247208841615], 
            [-100.877573441261, 45.1676054006688], 
            [-100.69310450317, 45.3043473177746], 
            [-100.504633581974, 45.3957813901991], 
            [-100.301818474143, 45.4353785398878], 
            [-99.972324862902, 45.4286516109831], 
            [-99.771128534754, 45.4327615127337], 
            [-99.6192510276128, 45.5480006397178], 
            [-99.4520850456882, 45.8029764262212], 
            [-99.3279786033298, 45.9755473336426], 
            [-99.0947484239006, 46.1604569395362], 
            [-98.8258151592422, 46.2909305819808], 
            [-98.5345427349592, 46.3619320575185], 
            [-98.2278739172475, 46.3994068071785], 
            [-98.0041315854043, 46.4321061567738], 
            [-97.9785548664139, 47.1110403422381], 
            [-97.8517234782558, 47.4816059913235], 
            [-97.7040188254084, 47.7380656592029], 
            [-97.3824572346136, 48.1851816008503], 
            [-97.3280842237079, 48.3614037557788], 
            [-97.4162537571052, 48.5325537343674], 
            [-97.8683789225492, 48.8824259831726], 
            [-98.054052952182, 49.0382964801985], 
            [-98.2677858296523, 49.3266191281703], 
            [-98.3649036174079, 49.5553976634715], 
            [-98.4116593705834, 49.7948961175618], 
            [-98.4066231671254, 50.0416431073436], 
            [-98.3377890577188, 50.2795137885306], 
            [-98.2681095855888, 50.4147718242604], 
            [-98.1691391944182, 50.5607767584407], 
            [-97.9979352565068, 50.7252717538884], 
            [-97.8045540369392, 50.8520491827237], 
            [-97.5476806809186, 50.9474942314737], 
            [-97.1700013944487, 51.0089808797639], 
            [-96.7635527957249, 50.9628186791388], 
            [-96.4385108286118, 50.8515635488188], 
            [-96.2832788502387, 50.7715958324817], 
            [-96.0028702362723, 50.5588162363803], 
            [-95.7801711180026, 50.289613175108], 
            [-95.5504033284508, 49.9025539596976], 
            [-95.4281764691686, 49.741476388025], 
            [-95.2552997922515, 49.7082554316429], 
            [-95.10224417323, 49.8120012228782], 
            [-94.7659876602023, 50.1619723971085], 
            [-94.5198252297505, 50.398485102006], 
            [-94.2139388222188, 50.5673687890385], 
            [-93.9793236868386, 50.6435053934592], 
            [-93.6759194081541, 50.6755662244018], 
            [-93.3678026819481, 50.6230098440292], 
            [-93.1572534045209, 50.5376012293133], 
            [-92.899219923061, 50.3811191932962], 
            [-92.2485604227253, 49.7039027129399], 
            [-92.0641274575161, 49.5576819414685], 
            [-91.7941060131819, 49.4045993427855], 
            [-91.4991553617305, 49.2949989650303], 
            [-91.0252755959919, 49.1794810482119], 
            [-90.7059982831942, 49.1455945935157], 
            [-90.4730468935992, 49.1933126212805], 
            [-90.0601951219073, 49.4059932919569], 
            [-89.8410033596173, 49.5123381239053], 
            [-89.5930512782938, 49.5526996973332], 
            [-89.3722946956436, 49.5481940938824], 
            [-89.0532422133574, 49.4558606994119], 
            [-88.8228628848142, 49.3371861622117], 
            [-88.628942072019, 49.1806411736513], 
            [-88.5408714640467, 49.0889732774949], 
            [-88.3903159603133, 48.8858793798296], 
            [-88.278647141852, 48.622818688132], 
            [-88.2289775852473, 48.3684094745177], 
            [-88.2365948429776, 47.9954516287897], 
            [-88.3706657736065, 47.4351380212028], 
            [-88.3927171501763, 47.2290493811241], 
            [-88.3440008749404, 47.0867226741122], 
            [-88.123163353306, 47.2004959061612], 
            [-87.9379030118145, 47.2791326258701], 
            [-87.6877565846985, 47.327965812972], 
            [-87.3970237536433, 47.3220392806883], 
            [-87.160259238573, 47.2735388427435], 
            [-86.8742298618186, 47.1756386448077], 
            [-86.7322179175228, 47.1295573831668], 
            [-86.3416963122349, 47.3080997889742], 
            [-85.9987668296254, 47.3917007663774], 
            [-85.4664760969942, 47.4567397367495], 
            [-85.1974079340289, 47.5118501917331], 
            [-84.5743846001691, 47.7550988187556], 
            [-84.21955708689, 47.8551843692633], 
            [-83.8182526102697, 47.884808037461], 
            [-83.5007199822413, 47.8306508638464], 
            [-83.2569317619912, 47.7251693810622], 
            [-83.0605198271282, 47.5761337315865], 
            [-82.8812939365658, 47.3657373389071], 
            [-82.6541161945067, 47.0070697204913], 
            [-82.5772331527877, 46.90574310556], 
            [-82.4714189208465, 46.8724861762961], 
            [-82.3797420314695, 46.9197095769355], 
            [-82.0464532811939, 47.3226058535774], 
            [-81.7815939454042, 47.6297063458712], 
            [-81.5479410846133, 47.8149487009219], 
            [-81.3671144008089, 47.8862739323961], 
            [-80.8732427059861, 47.9466184416878], 
            [-80.6521533741788, 48.0032757305906], 
            [-80.4644019106196, 48.1608999056062], 
            [-80.1215173941124, 48.6838736618401], 
            [-79.8786464823492, 48.9500190281557], 
            [-79.5831652308906, 49.1437419901009], 
            [-79.3584876041196, 49.2391150930872], 
            [-79.0245153690889, 49.3205307179184], 
            [-78.2199728734493, 49.3476992369303], 
            [-78.0423387829084, 49.3736626644005], 
            [-77.6281380281474, 49.4798186387193], 
            [-77.3274407088216, 49.5458198836808], 
            [-76.5863903496349, 49.5760550908698], 
            [-76.3895377469694, 49.6434322985618], 
            [-76.2515997315423, 49.7870000699973], 
            [-76.1048483600637, 50.0458429412988], 
            [-76.0068942028051, 50.2159227266526], 
            [-75.8077393357017, 50.4783808725793], 
            [-75.5381225862882, 50.6782462040991], 
            [-75.2805297726308, 50.7798426156443], 
            [-75.069108152819, 50.8142596703476], 
            [-74.8257516071509, 50.8092954126532], 
            [-74.5788157597395, 50.7378352828721], 
            [-74.306447084865, 50.5975230572434], 
            [-74.0928491057016, 50.4251050345697], 
            [-73.7287136092456, 50.0461037446922], 
            [-73.5054209384255, 49.9135526683211], 
            [-72.6464964386597, 49.886420122191], 
            [-72.3118317256536, 49.8178737958391], 
            [-71.8546703567515, 49.6795310854913], 
            [-71.5760424004364, 49.6116142845717], 
            [-71.1755653000985, 49.5507121956114], 
            [-71.0312151184829, 49.5260887579899], 
            [-70.7017305004622, 49.4307336414445], 
            [-70.3413541701588, 49.2450865914731], 
            [-69.9307596968025, 48.9241095600083], 
            [-69.7129798701249, 48.7948320158849], 
            [-69.4936262298665, 48.7629960154538], 
            [-68.992928680714, 48.8305171146732], 
            [-68.7903743762764, 48.8400948944639], 
            [-68.9028975506814, 48.7855060462671], 
            [-69.0334970982125, 48.7182277640002], 
            [-69.0599911256899, 48.582493087586], 
            [-69.1293108690014, 48.5370503445978], 
            [-69.2042423818804, 48.5385791920762], 
            [-69.2850554609407, 48.4024488139617], 
            [-69.308015152777, 48.3803884441714], 
            [-69.3741782757068, 48.3115273551035], 
            [-69.445854242779, 48.242657272815], 
            [-69.5330704948074, 48.2003441705471], 
            [-69.6052051161232, 48.151448030902], 
            [-69.6561786896947, 48.0983880301835], 
            [-69.7125841684246, 48.044194883687], 
            [-69.7691605183432, 47.896283386769], 
            [-69.7319105991947, 47.9040535292471], 
            [-69.6968460326182, 47.9706213470976], 
            [-69.6346489199117, 47.942679411126], 
            [-69.6504320218203, 47.9075428987858], 
            [-69.6311775368138, 47.8646812100699], 
            [-69.7008570089437, 47.8279798773695], 
            [-69.7241494499371, 47.783760212364], 
            [-69.6449461573392, 47.7945790565783], 
            [-69.4891206264157, 48.0358941412018], 
            [-69.311450562993, 48.1506206546196], 
            [-69.1723164492446, 48.1771866278607], 
            [-69.0831576615968, 48.2455620830238], 
            [-69.000249162169, 48.2990987244267], 
            [-68.8774917028797, 48.3570330506349], 
            [-68.9256144255652, 48.3797409322983], 
            [-68.9472611072143, 48.4215594074408], 
            [-68.8097727528102, 48.4472530382972], 
            [-68.7680352166519, 48.4022149902297], 
            [-68.6936882631028, 48.4051557733204], 
            [-68.6222101468807, 48.4822996184327], 
            [-68.5196424675258, 48.5147741375165], 
            [-68.4965119045007, 48.5397393175156], 
            [-68.3620992314943, 48.5822952367359], 
            [-68.3179515122524, 48.6056596234929], 
            [-68.2400522366214, 48.642414915516], 
            [-68.1145338586506, 48.672317373548], 
            [-68.0703771461883, 48.6956817603051], 
            [-67.9512439547447, 48.7240643640792], 
            [-67.8193493834672, 48.6778302176905], 
            [-67.2806734643088, 48.4269013803945], 
            [-67.0533967968246, 48.4031053190553], 
            [-66.9174912492217, 48.4966258186267], 
            [-66.8266956954499, 48.6372258273101], 
            [-66.8330359158747, 48.7972871650707], 
            [-66.9842479247019, 49.0362460259335], 
            [-66.7191097990779, 49.1201977389346], 
            [-66.4715893923365, 49.1674481192354], 
            [-66.4049316422814, 49.1908125059924], 
            [-66.1938607580674, 49.2311111268771], 
            [-65.8639264790237, 49.257479249268], 
            [-65.526069172754, 49.2867971479701], 
            [-65.5307816202755, 49.1678797938175], 
            [-65.5261231320768, 49.0504193413796], 
            [-65.45240570396, 48.9110963700015], 
            [-65.007834843703, 48.5615029110306], 
            [-64.6857156732397, 48.2821195241968], 
            [-64.7364824027406, 48.1861888415419], 
            [-64.8970203811856, 48.1555309529912], 
            [-64.9695237245402, 48.1056455590954], 
            [-65.1819705714846, 48.0053801441784], 
            [-65.3829330759007, 47.9733732725586], 
            [-65.4416677987298, 47.9757025166579], 
            [-65.5263389693679, 48.0204977477729], 
            [-65.5858381159362, 48.0485835752719], 
            [-65.8422797973747, 48.1096655286413], 
            [-65.886436509837, 48.1330299153984], 
            [-65.9458547174212, 48.1546765970474], 
            [-66.0439707526481, 48.087155497828], 
            [-66.0950072787629, 48.0630716534341], 
            [-66.2248783754366, 48.0682247687582], 
            [-66.2690350878989, 48.0187530630035], 
            [-66.1794446256689, 48.0222963918651], 
            [-66.1089197908156, 48.0195084935223], 
            [-66.0565162951908, 47.9629501300445], 
            [-65.8189154106176, 47.9304756109607], 
            [-65.7044407073727, 47.8603824506896], 
            [-65.6562640253644, 47.7082261537141], 
            [-65.5422569695834, 47.6829102381171], 
            [-65.392582801455, 47.7621045374945], 
            [-65.2315052297824, 47.8381332232697], 
            [-65.0160366607632, 47.8639167863307], 
            [-64.8293014311161, 47.839563145323], 
            [-64.7716908608445, 47.84184742332], 
            [-64.6234016486671, 47.9326519703122], 
            [-64.5819339091225, 48.0204977477729], 
            [-64.5455473391384, 48.0542133312803], 
            [-64.4425389919808, 48.0181145443509], 
            [-64.4485824361304, 47.8656344914387], 
            [-64.5429932645275, 47.7425083101105], 
            [-64.7228486805221, 47.6576302954019], 
            [-64.8104336545894, 47.5631025551389], 
            [-64.8929644387578, 47.3024070804225], 
            [-64.9195304119988, 47.2778016292419], 
            [-64.9411770936479, 47.2544372424848], 
            [-64.9737055720544, 47.2242919675004], 
            [-65.0086981928673, 47.1285051763729], 
            [-64.7603324234025, 47.094564762354], 
            [-64.7649729251603, 46.9775000116163], 
            [-64.8498869127508, 46.8988183258052], 
            [-64.8736559944285, 46.8582768879681], 
            [-64.8035628341574, 46.7564196730296], 
            [-64.716112758397, 46.7151497843352], 
            [-64.6702473340472, 46.6908770823116], 
            [-64.6719830255961, 46.6471970105337], 
            [-64.67108370355, 46.6246959729408], 
            [-64.6730442256105, 46.57529621295], 
            [-64.5810795531788, 46.4900854490843], 
            [-64.5586864342315, 46.4193717566014], 
            [-64.5135584539594, 46.3775532814589], 
            [-64.4893756841404, 46.3514549556817], 
            [-64.4919297587513, 46.2870994700646], 
            [-64.4909494977211, 46.2623861002384], 
            [-64.4239679917294, 46.2650391002743], 
            [-64.2421790333357, 46.2578355306853], 
            [-64.1318142318412, 46.2191556894836], 
            [-63.9509066090527, 46.1975090078345], 
            [-63.7683712133608, 46.1737039532749], 
            [-63.7267056229661, 46.0827195418734], 
            [-63.9317780291327, 46.0177884901468], 
            [-63.8404608685741, 45.9746929776988], 
            [-63.8167277597783, 45.9490802858266], 
            [-63.7627234709114, 45.899042007183], 
            [-63.613750773979, 45.9049415598053], 
            [-63.5687307123524, 45.903160902154], 
            [-63.4843113518873, 45.9065063801654], 
            [-63.3847474081663, 45.8804170476087], 
            [-63.3424792720007, 45.8347944402113], 
            [-63.2339131145985, 45.839102192812], 
            [-63.1865008563294, 45.8140111077265], 
            [-63.0365209187054, 45.8199556264511], 
            [-62.736183328198, 45.7915100701337], 
            [-62.6942929072917, 45.793173815919], 
            [-62.6347308081802, 45.7807182055808], 
            [-62.6022203162146, 45.7232065607343], 
            [-62.5193747693301, 45.6882948789056], 
            [-62.3084477766435, 45.7145370962101], 
            [-62.1746016765261, 45.7932097888008], 
            [-62.0935367872929, 45.8273750333312], 
            [-61.9739989009285, 45.9146902107847], 
            [-61.8740572419481, 45.9022615801079], 
            [-61.8822410725674, 45.8364941588784], 
            [-61.8460343669924, 45.7097167300431], 
            [-61.6659451272657, 45.6582215496849], 
            [-61.5894487940266, 45.7031876519886], 
            [-61.5069000234173, 45.7267858624776], 
            [-61.5446445696911, 45.8589951964712], 
            [-61.5417847255845, 45.8819908611894], 
            [-61.5466050917515, 45.9207336549343], 
            [-61.6158169164175, 45.9498896756681], 
            [-61.6544697779578, 45.9931920321866], 
            [-61.5247425728114, 46.0970817149492], 
            [-61.4678694466176, 46.1907101331662], 
            [-61.3311994752755, 46.267979883365], 
            [-61.2922858103418, 46.3165702535145], 
            [-61.2986979765303, 46.3681103999751], 
            [-61.193018642896, 46.4126448276967], 
            [-61.0873123296003, 46.5446563108401], 
            [-61.0944619398666, 46.6021859421276], 
            [-61.0879418550325, 46.6546703767366], 
            [-61.0017957962389, 46.6909670145162], 
            [-60.9139500187783, 46.8159457992593], 
            [-60.7498237453695, 46.9087378479734], 
            [-60.6892004462435, 47.0085446086468], 
            [-60.6190353402087, 47.0647342500857], 
            [-60.4854050773823, 47.0481057854537], 
            [-60.4066334593666, 47.0579083957559], 
            [-60.3463968687204, 47.0504170431121], 
            [-60.3534655400026, 46.9936068694615], 
            [-60.436212161462, 46.9273448211067], 
            [-60.2633264913245, 46.8779180814544], 
            [-60.3117100174033, 46.6213504949295], 
            [-60.4126409306344, 46.4831786557704], 
            [-60.4291344969594, 46.3883811188936], 
            [-60.3532766823729, 46.4195516210106], 
            [-60.3391123601472, 46.3658710880803], 
            [-60.2826259424332, 46.3548453997955], 
            [-60.1819918054774, 46.2866318226006], 
            [-60.0858183058701, 46.2885923446611], 
            [-59.9481590802773, 46.2439230186325], 
            [-59.9004680321739, 46.2193535403337], 
            [-59.7662711964585, 46.193165282352], 
            [-59.7649761727121, 46.1293493899624], 
            [-59.8322184820972, 46.0301451750599], 
            [-59.6530015847553, 46.0668555009807], 
            [-59.6515626694816, 45.9961418084977], 
            [-59.6749540359, 45.97178816749], 
            [-59.7429247961423, 45.9497367909203], 
            [-59.7649851659326, 45.9267770990839], 
            [-59.8800983878303, 45.9043030411525], 
            [-59.9675394703702, 45.859264993085], 
            [-60.0355102306126, 45.8372046232948], 
            [-60.0346109085665, 45.7928050938801], 
            [-60.103247167123, 45.7462741712161], 
            [-60.1701027680282, 45.7476411407262], 
            [-60.2332531621037, 45.6819096923785], 
            [-60.3726480792454, 45.6342006578342], 
            [-60.5963184653248, 45.5796747621806], 
            [-60.6923570666253, 45.5301940632056], 
            [-60.8647031435352, 45.5891895894281], 
            [-60.8685702283333, 45.5157059850433], 
            [-60.8673201706893, 45.4546240316738], 
            [-61.0422562950919, 45.4510537231509], 
            [-61.1356508895768, 45.4991674526159], 
            [-61.1833149580189, 45.4771070828257], 
            [-61.2503863962152, 45.4316463533966], 
            [-61.3429266347563, 45.386743203636], 
            [-60.8907385167691, 45.3621557388963], 
            [-60.9234918256872, 45.2647951341881], 
            [-60.9710659619245, 45.2152874555517], 
            [-61.1011708823303, 45.1819405940832], 
            [-61.2716103965025, 45.1854209704015], 
            [-61.31996694292, 45.1605097497252], 
            [-61.4984014300819, 45.1170095423566], 
            [-61.5217658168389, 45.0926918742307], 
            [-61.6109246044869, 45.0945174979842], 
            [-61.6329849742771, 45.0715488129275], 
            [-61.7684768337388, 45.0494884431373], 
            [-61.8130382411219, 45.0265377445214], 
            [-61.858498970551, 45.0044773747311], 
            [-61.9255614155268, 44.959016645302], 
            [-61.9710311381764, 44.9369652687323], 
            [-62.0290823762506, 44.876530827236], 
            [-62.242914179146, 44.8466823285267], 
            [-62.3332690651152, 44.8001424126423], 
            [-62.438840480104, 44.8022917923324], 
            [-62.5786940514892, 44.7569120018875], 
            [-62.6457564964651, 44.7339523100512], 
            [-62.7137272567075, 44.7119009334814], 
            [-62.8129314716101, 44.6446586240963], 
            [-62.8597951434311, 44.643696349507], 
            [-62.9273072494299, 44.6450723122375], 
            [-63.0060788674457, 44.6434715189955], 
            [-63.1823999477993, 44.6470688071798], 
            [-63.2547504064061, 44.5980197827868], 
            [-63.3659425841828, 44.6002860743429], 
            [-63.4560006938768, 44.5538990432063], 
            [-63.501461423306, 44.5548253449138], 
            [-63.4996717724343, 44.4670964793191], 
            [-63.5671928716536, 44.3968144614183], 
            [-63.7940198781148, 44.4188748312086], 
            [-63.8803637877585, 44.463346306387], 
            [-64.0406229763692, 44.4666198386347], 
            [-64.041594244179, 44.418883824429], 
            [-63.9977702808737, 44.3767685730113], 
            [-64.0976310008699, 44.3628290812971], 
            [-64.1309598758975, 44.3061358195125], 
            [-64.2034452328112, 44.2593261070143], 
            [-64.2434920435229, 44.2161136827004], 
            [-64.2893574678728, 44.1944670010514], 
            [-64.3124880308978, 44.1695018210523], 
            [-64.4469007039043, 44.126945901832], 
            [-64.631792323357, 43.9764803303031], 
            [-64.7097545515313, 43.9396800721777], 
            [-64.7582459962557, 43.836941521634], 
            [-64.8286449260224, 43.7884950430119], 
            [-64.8745193435928, 43.7668483613629], 
            [-65.0312441965623, 43.6534258649118], 
            [-65.0754458751269, 43.6551795429017], 
            [-65.1228491401756, 43.6300974510366], 
            [-65.2104790803452, 43.6335688341344], 
            [-65.2337535348976, 43.6084507693876], 
            [-65.2769659592116, 43.5684129518963], 
            [-65.3237846649303, 43.4959186017621], 
            [-65.3471400584668, 43.4742719201131], 
            [-65.3870070047694, 43.4312483534288], 
            [-65.4805544840022, 43.4275341533785], 
            [-65.5267616507296, 43.4519867198114], 
            [-65.5935812787529, 43.4166343701801], 
            [-65.8028535188747, 43.4749643980886], 
            [-65.8723531265954, 43.6534618377936], 
            [-65.9569973175721, 43.6312395900351], 
            [-66.0140503081751, 43.5696540163199], 
            [-66.0889908142746, 43.6093051253313], 
            [-66.2015139886796, 43.6361139155249], 
            [-66.1798673070305, 43.6993272621435], 
            [-66.1457470286024, 43.7309474252835], 
            [-66.1790129510867, 43.7668483613629], 
            [-66.2032676666694, 43.7893224192943], 
            [-66.2014960022386, 43.8339377860001], 
            [-66.2032856531104, 43.8789488544062], 
            [-66.2010553344361, 43.9352194348291], 
            [-66.2023953242847, 43.9689709912183], 
            [-66.2013970768136, 43.9941610017289], 
            [-66.2548797588937, 44.0952358064874], 
            [-66.1573662694377, 44.2795338733896], 
            [-66.1804338799196, 44.3567586574861], 
            [-66.3097563901453, 44.2171748827148], 
            [-66.4264074527417, 44.2125523673979], 
            [-66.4283320019203, 44.2613226019566], 
            [-66.3313940785738, 44.3324230029193], 
            [-66.2509047554501, 44.4192975125702], 
            [-66.0354361864308, 44.5946473251141], 
            [-65.9314475782431, 44.6437323223889], 
            [-65.6847365613432, 44.7796198835509], 
            [-65.2562635657109, 44.9813198320447], 
            [-65.1900284970175, 45.0163664121803], 
            [-65.1212213672722, 45.0488409312641], 
            [-65.0594919020296, 45.0815043079775], 
            [-64.8745193435928, 45.1622274548333], 
            [-64.4664609584065, 45.2744718394039], 
            [-64.5387214848086, 45.3414263657343], 
            [-64.4694107347176, 45.3741437017705], 
            [-64.6286986555185, 45.3646738406253], 
            [-64.7109686362934, 45.2758837750163], 
            [-64.7832201694752, 45.2730239309097], 
            [-64.851199922938, 45.3197976705262], 
            [-64.986188162054, 45.314446704352], 
            [-64.9569871752179, 45.4430677433817], 
            [-64.8745193435928, 45.4998149644891], 
            [-64.7857112915428, 45.5417233718362], 
            [-64.7728060201816, 45.5556538703299], 
            [-64.8517754890475, 45.6044690709909], 
            [-65.00016362665, 45.5238358563398], 
            [-65.2909144441462, 45.4340475432596], 
            [-65.4013332049634, 45.3833707459632], 
            [-65.5261321252973, 45.2961994600371], 
            [-65.6293113436435, 45.2643364799447], 
            [-65.7286864297349, 45.2286783608177], 
            [-65.7974665798187, 45.20744536731], 
            [-65.9229220052463, 45.1624342989039], 
            [-66.0000208842563, 45.1836672924117], 
            [-66.0444473933325, 45.2078050961284], 
            [-66.1889864325777, 45.1184574508508], 
            [-66.3151073563194, 45.0949131996845], 
            [-66.476517677149, 45.0277788089449], 
            [-66.5289481524352, 45.0864595724514], 
            [-66.8536843500527, 44.9861761710935], 
            [-66.8559686280497, 44.9479909570171], 
            [-66.8528749602112, 44.896109068179], 
            [-66.9170775610805, 44.7951511752866], 
            [-66.9890233247665, 44.7560576459437], 
            [-67.0353024372576, 44.7348156592154], 
            [-67.2008406462787, 44.5939998132409], 
            [-67.4588291616365, 44.514328873179], 
            [-67.5198571556831, 44.446034357], 
            [-67.6120196789649, 44.4129662853659], 
            [-67.7966325085833, 44.4457735536067], 
            [-67.8230186174152, 44.3972191563391], 
            [-67.8454926753466, 44.3482600641507], 
            [-67.9770814771284, 44.3561021523925], 
            [-68.023234684533, 44.3044540872864], 
            [-68.1589513745063, 44.3125389924806], 
            [-68.1613165914874, 44.2728069444849], 
            [-68.1591312389155, 44.2362045372097], 
            [-68.2056891412408, 44.1946018993582], 
            [-68.2031800327323, 44.1523877225155], 
            [-68.2268591822054, 44.1258847018176], 
            [-68.2837592880607, 44.1152637084535], 
            [-68.3201548512653, 44.0714487383686], 
            [-68.4404481681484, 44.0837154910772], 
            [-68.521324199752, 44.0599823822812], 
            [-68.518221538693, 44.0295763039034], 
            [-68.6222101468807, 43.9700142047918], 
            [-68.6786605917129, 43.9904378084582], 
            [-68.7376651111559, 44.1479810444897], 
            [-68.748187179095, 44.1227280814359], 
            [-68.7428362129208, 44.0702526400474], 
            [-68.7462806163573, 44.0364920904377], 
            [-68.7396616060982, 43.971579025152], 
            [-68.940327334239, 44.0160774799918], 
            [-69.0072908537898, 44.1704910753029], 
            [-69.0397024203304, 44.126262417077], 
            [-68.9937380705554, 44.0880861962211], 
            [-69.0228041590846, 43.9491319468819], 
            [-69.0827259870146, 43.9430255501891], 
            [-69.152882099829, 43.9501751604554], 
            [-69.1942149410666, 43.900415671646], 
            [-69.2413124366196, 43.8799920679796], 
            [-69.277995782879, 43.8358263622969], 
            [-69.3614978348571, 43.827318775741], 
            [-69.4433721139318, 43.8580845829372], 
            [-69.4642903447236, 43.8328945724266], 
            [-69.5338888778693, 43.7899699311675], 
            [-69.5582155392157, 43.7338792151538], 
            [-69.7119456497718, 43.7495543984168], 
            [-69.7404091925301, 43.6839128822738], 
            [-69.8366816175625, 43.6741012787511], 
            [-70.0373113728215, 43.6945518620789], 
            [-70.0894180921712, 43.6318241493651], 
            [-70.1664899915198, 43.6092061999063], 
            [-70.1599249405835, 43.544769775305], 
            [-70.2069864632546, 43.5178081003636], 
            [-70.299589654339, 43.4776533710063], 
            [-70.2964600136187, 43.4469415231329], 
            [-70.3441060956197, 43.4073623598851], 
            [-70.4096756659991, 43.328428863901], 
            [-70.5426224440705, 43.2894162735423], 
            [-70.5467683187029, 43.2487759102801], 
            [-70.5407698406556, 43.1899782349077], 
            [-70.6426720216964, 43.0571843415842], 
            [-70.6884834867235, 43.0191250325943], 
            [-70.7871840812803, 42.8819784205677], 
            [-70.7343668975142, 42.7020150859275], 
            [-70.601285221136, 42.7155768623824], 
            [-70.5475057627806, 42.6709075363538], 
            [-70.5428382813615, 42.6251140577676], 
            [-70.6346051029431, 42.572557677395], 
            [-70.7699260912161, 42.5138679206681], 
            [-70.8146493765674, 42.4600255097695], 
            [-70.8617468721204, 42.4396019061032], 
            [-70.8719541773434, 42.40479814292], 
            [-70.83617015313, 42.3761367493116], 
            [-70.8451993464726, 42.3035254873115], 
            [-70.7469304264979, 42.2822655141422], 
            [-70.7169020633795, 42.2447727780413], 
            [-70.6794093272786, 42.2147444149229], 
            [-70.6593994117534, 42.1672422244492], 
            [-70.6118972212797, 42.1022122472975], 
            [-70.591878312534, 42.0547100568237], 
            [-70.5666253494802, 42.0117584359032], 
            [-70.5701596851213, 41.9833398592472], 
            [-70.5002733689208, 41.9273750483199], 
            [-70.4770348872502, 41.7938796838005], 
            [-70.288815776227, 41.7531583815542], 
            [-70.0292264676273, 41.8161109247794], 
            [-70.0958392515801, 41.8694587085527], 
            [-70.1211191942953, 42.0147531783166], 
            [-70.2254405516401, 42.0017849544122], 
            [-70.2517996808106, 42.0347001412986], 
            [-70.2942566746058, 42.0686945146402], 
            [-70.2093606734563, 42.1222311560431], 
            [-70.0460347966685, 42.0755923147336], 
            [-69.9309035883299, 41.9318176992275], 
            [-69.8817736249528, 41.7047658622548], 
            [-69.9392043308151, 41.6070815016101], 
            [-69.9592142463403, 41.5370692803231], 
            [-69.9899260942138, 41.5124818155834], 
            [-70.0374552643489, 41.5183903614261], 
            [-70.0224815522818, 41.6388275698366], 
            [-70.1765444119949, 41.6196630170347], 
            [-70.2749122573947, 41.5818555182176], 
            [-70.3601410077013, 41.5924495319205], 
            [-70.4543539852481, 41.5370692803231], 
            [-70.5962670041189, 41.5164208461452], 
            [-70.5376042270534, 41.4916984830986], 
            [-70.5018561757219, 41.4470471435109], 
            [-70.4318439544349, 41.4270282347653], 
            [-70.4118250456892, 41.3359898640411], 
            [-70.7139343006274, 41.3138035891644], 
            [-70.7694404573112, 41.2444928390734], 
            [-70.8048467662652, 41.2161372149606], 
            [-70.8819636317162, 41.2534590798727], 
            [-70.8359633090594, 41.2903043041005], 
            [-70.8719451841229, 41.3515121625563], 
            [-70.8369525633101, 41.3795260442916], 
            [-70.8269431089373, 41.392026620732], 
            [-70.976761168593, 41.4024137903642], 
            [-70.9694047142561, 41.4746293506641], 
            [-71.0407569253917, 41.4673628285318], 
            [-71.0863615463482, 41.4720033302896], 
            [-71.1718960661505, 41.4398705535833], 
            [-71.2665407182795, 41.4495112859172], 
            [-71.3169027528597, 41.4206700278996], 
            [-71.3862494758326, 41.4277386991817], 
            [-71.4657315582647, 41.3320508334793], 
            [-71.5798375394708, 41.3436880607555], 
            [-71.6923876935372, 41.3122117891429], 
            [-71.8643110890854, 41.2815808802535], 
            [-72.0326551828903, 41.2183225675325], 
            [-72.0844741191852, 41.2806995446484], 
            [-72.3964039708665, 41.2376040322004], 
            [-72.5486591932671, 41.2220817336851], 
            [-72.6135452788914, 41.2287007439443], 
            [-72.6449945708427, 41.1908392858045], 
            [-72.7958378576309, 41.2244199710049], 
            [-72.8637456653302, 41.2174951912502], 
            [-72.9320042086273, 41.2244559438868], 
            [-73.0877667870076, 41.1321675155185], 
            [-73.2804645218202, 41.0978313997994], 
            [-73.3641554314279, 41.0375948091532], 
            [-73.5219954437347, 40.9912797237803], 
            [-73.6074849974346, 40.9542006758206], 
            [-73.617701295878, 40.9419069434508], 
            [-73.5380933083594, 40.9523210927443], 
            [-73.3901818114414, 40.9791388761583], 
            [-73.2179976124997, 40.9320144009439], 
            [-73.179668506896, 40.9765038625633], 
            [-73.1460338623728, 41.0054800188878], 
            [-72.8975062149398, 40.9855150694649], 
            [-72.6264955163549, 41.0072876562004], 
            [-72.4594734259578, 41.1115370677815], 
            [-72.412789618546, 41.1323743595891], 
            [-72.3550081770857, 41.1646150549409], 
            [-72.1176950755672, 41.2292043642901], 
            [-72.0543648170826, 41.2129356284765], 
            [-72.1443869538948, 41.1565481361876], 
            [-72.1548011031883, 41.1444612478884], 
            [-72.0603183290276, 41.1264208476441], 
            [-72.0312792201598, 41.0648982264721], 
            [-71.9477501885203, 41.1090999050367], 
            [-71.8773332723126, 41.1118878033795], 
            [-71.8063857560977, 41.0784060436041], 
            [-71.8640772653534, 41.0318301548378], 
            [-72.4176459575948, 40.8278998876698], 
            [-72.7741552031001, 40.7285248015784], 
            [-73.1986082291864, 40.5962884879235], 
            [-73.2913643050186, 40.5926192539755], 
            [-73.3508004990437, 40.5949754777362], 
            [-73.4934869348741, 40.5701272096031], 
            [-73.8202556003156, 40.5592993721684], 
            [-73.8364703768064, 40.6547354276979], 
            [-73.9004751268256, 40.7041441809093], 
            [-73.9352159374655, 40.7491552493154], 
            [-73.9943013958926, 40.7138118929046], 
            [-73.9456660596409, 40.5900831658055], 
            [-73.9327877679411, 40.5142883037623], 
            [-73.9702355379397, 40.5218516021697], 
            [-74.0303732031608, 40.5517450669813], 
            [-74.0678209731593, 40.5592993721684], 
            [-74.0770120444702, 40.6626404684829], 
            [-74.1036409702545, 40.7260426727312], 
            [-74.1220231128763, 40.7976736737012], 
            [-74.3407112548205, 40.8160648095434], 
            [-74.3825657028448, 40.6529817497081], 
            [-74.3622050517217, 40.5621502230545], 
            [-74.24916027053, 40.4840980626755], 
            [-74.2161731378799, 40.5730769859143], 
            [-74.3061952746921, 40.6810226111047], 
            [-74.3245774173139, 40.7216090150441], 
            [-74.1640484320894, 40.6718495262347], 
            [-74.1766659203959, 40.6155699525913], 
            [-74.1631491100433, 40.555252422961], 
            [-74.2062086496094, 40.4527207164879], 
            [-74.1258272451312, 40.3292797724436], 
            [-74.0444835660637, 40.2731171106662], 
            [-73.990560216181, 40.2852039989655], 
            [-73.9686077650363, 40.2534129646367], 
            [-73.9552888055339, 40.2442218933258], 
            [-74.0128094436009, 40.0398059922528], 
            [-74.0692958613149, 39.7301424321276], 
            [-74.3201257731859, 39.3997405056199], 
            [-74.4158316253292, 39.3318866572435], 
            [-74.4941985484242, 39.2969120228716], 
            [-74.6515169539442, 39.1613751973076], 
            [-74.6904216256575, 39.074194918161], 
            [-74.7430049856915, 39.0288870734797], 
            [-74.7311159482423, 39.08451913525], 
            [-74.7011145647853, 39.5313652802835], 
            [-74.6198518247019, 39.6709490550549], 
            [-74.514298396154, 39.8071513789331], 
            [-74.608592312685, 39.9126958142605], 
            [-74.7888973897027, 40.0176646834784], 
            [-74.9287959271902, 40.2097868521815], 
            [-75.0146991690314, 40.3448650235021], 
            [-75.12983037737, 40.2946378872288], 
            [-75.1426637029675, 40.0794031419415], 
            [-75.0765725258013, 40.0203536563962], 
            [-75.1149915636097, 39.986035527118], 
            [-75.1362245571175, 39.9397564146269], 
            [-75.1747784932328, 39.8687999051916], 
            [-75.0711945799658, 39.7351336694833], 
            [-75.0675343392383, 39.673682994075], 
            [-75.1069066584155, 39.6296162138173], 
            [-75.2848375252315, 39.5004825612213], 
            [-75.3175458680473, 39.3783636205847], 
            [-75.3281668614115, 39.2989624771367], 
            [-75.3582311974118, 39.3139092095425], 
            [-75.3956789674103, 39.32147250795], 
            [-75.360461516086, 39.198175455433], 
            [-75.3731239704948, 39.0963632065968], 
            [-75.2856828879549, 38.9870236322349], 
            [-75.2506363078193, 38.9038633226343], 
            [-75.1645082354667, 38.8348943149208], 
            [-75.1031025261606, 38.8488427998554], 
            [-75.0730381901603, 38.7888849990435], 
            [-75.0580914577545, 38.7813217006361], 
            [-75.0333960743693, 38.7140703980305], 
            [-75.0099597418485, 38.4223932788269], 
            [-75.0459955762348, 38.3416161726483], 
            [-75.1041007736317, 38.2374836729332], 
            [-75.165920171079, 38.0745624910662], 
            [-75.2727326504914, 37.9381803027788], 
            [-75.3287784004028, 37.8487067524148], 
            [-75.4631910734092, 37.8181747689505], 
            [-75.5624132747528, 37.6592016108658], 
            [-75.5662893527714, 37.6110069424166], 
            [-75.5631956849329, 37.5725339452854], 
            [-75.6103291533677, 37.4880606254976], 
            [-75.6311574519548, 37.4413768180858], 
            [-75.6778412593666, 37.3755284578721], 
            [-75.6986785511741, 37.3288446504603], 
            [-75.7678723893992, 37.2404952526539], 
            [-75.7939617219558, 37.1538185938531], 
            [-75.9796177651477, 37.0379409482163], 
            [-76.0644957798563, 37.2647769478979], 
            [-75.9635109073025, 37.6011054066893], 
            [-75.8610781262545, 37.7455725001709], 
            [-75.8284417292024, 37.8187053689577], 
            [-75.7477095891262, 37.8547322101235], 
            [-75.790373426992, 37.8914964953671], 
            [-75.8007875762855, 37.9035833836663], 
            [-75.8353844953981, 37.8931692343727], 
            [-75.9223219575922, 37.8612433017371], 
            [-75.9358297747243, 37.9936055204785], 
            [-75.9662718259839, 37.9673812896149], 
            [-75.9721174192834, 37.8945362038828], 
            [-75.9254156254307, 37.8108183146136], 
            [-75.997091592503, 37.7581360291545], 
            [-76.0390269795114, 37.8571963525297], 
            [-76.0361401557435, 37.8930613157272], 
            [-76.0787950003889, 37.9298166077504], 
            [-76.0839211360515, 37.9936055204785], 
            [-76.0777697732564, 38.0701917859222], 
            [-76.1054598990551, 38.0940507998047], 
            [-76.1262881976422, 38.1857456756225], 
            [-76.2022539308742, 38.2333288050804], 
            [-76.2388203652676, 38.2757768056551], 
            [-76.2832468743437, 38.3140519519361], 
            [-76.3249124647384, 38.4074195667597], 
            [-76.3409383835995, 38.421224160167], 
            [-76.3556153193914, 38.3318765148894], 
            [-76.3488614108254, 38.2861909549487], 
            [-76.3567664516104, 38.2326992796481], 
            [-76.2861247048912, 38.1374071156459], 
            [-76.3091743289321, 38.0063129409895], 
            [-76.3536368108901, 38.0259181615939], 
            [-76.418262093121, 38.0738340402089], 
            [-76.498481619631, 38.0836366505111], 
            [-76.4890837042495, 38.0480145042661], 
            [-76.4403584357931, 38.0292276667235], 
            [-76.3784131332594, 37.9899003136487], 
            [-76.2440454263553, 37.9380723841333], 
            [-76.1965072629997, 37.865497095015], 
            [-76.2781477183425, 37.7369030356466], 
            [-76.2554937960018, 37.6222574612129], 
            [-76.2713668301151, 37.5419480024984], 
            [-76.2378041313555, 37.4890768594096], 
            [-76.1991152969334, 37.3887664783903], 
            [-76.2705484470531, 37.2762433039854], 
            [-76.3184283527862, 37.2959204703535], 
            [-76.3292561902209, 37.2617372393822], 
            [-76.365229072064, 37.2283993711342], 
            [-76.24043015173, 37.1127735356702], 
            [-76.2391980805269, 37.081773904742], 
            [-76.2691185249999, 36.9964192493489], 
            [-76.1807151678706, 36.9496455097326], 
            [-76.0933730107558, 36.9461831198551], 
            [-75.9749772633899, 36.9508775809357], 
            [-75.8431276582148, 36.5747001622827], 
            [-75.7491485043999, 36.2375533204295], 
            [-75.525586036966, 35.8521218779224], 
            [-75.452588066486, 35.7141748692749], 
            [-75.4507624427325, 35.6681295805158], 
            [-75.4937140636531, 35.4214815161591], 
            [-75.5252802674703, 35.1904906486246], 
            [-75.6384779334098, 35.1949782656345], 
            [-75.8469048108083, 35.128995007114], 
            [-76.0926985192212, 34.9940517341003], 
            [-76.3902931774881, 34.7495080833315], 
            [-76.4651527446034, 34.6518866752299], 
            [-76.5232849216617, 34.5618645384178], 
            [-76.5596265255436, 34.5865329421417], 
            [-76.6191076856711, 34.650735543011], 
            [-76.8810801976929, 34.6627055194443], 
            [-76.8526796074779, 34.7524218867608], 
            [-76.7948801795766, 34.8931298140897], 
            [-76.9661380768108, 34.9837455034523], 
            [-77.2855862607972, 35.0772660030237], 
            [-77.7196530395561, 35.0944700337651], 
            [-77.9584410292301, 35.018873022572], 
            [-78.1743052999496, 34.8973566277063], 
            [-78.3134663933593, 34.7684208259604], 
            [-78.4930610059606, 34.5074285749688], 
            [-78.6319343163156, 34.2449704290422], 
            [-78.6920270154343, 34.0735236741783], 
            [-78.7040779308518, 33.784976195695], 
            [-78.7144920801453, 33.7728803141753], 
            [-78.8544535701761, 33.6723810755263], 
            [-78.9315254695247, 33.6059751356441], 
            [-79.1141597906418, 33.3927099056377], 
            [-79.1475696046535, 33.2395283815297], 
            [-79.1143036821691, 33.1799123230953], 
            [-79.2855885590647, 33.0726321962189], 
            [-79.3643601770805, 32.981189130574], 
            [-79.4480600799087, 32.9879160594787], 
            [-79.5263820369014, 32.9643358354305], 
            [-79.5611048611004, 32.8865264920041], 
            [-79.6389142045269, 32.8518036678051], 
            [-79.7272636023333, 32.7826188228005], 
            [-79.8414685089645, 32.7167704625869], 
            [-79.862305800772, 32.6700866551751], 
            [-79.9314906457766, 32.6267483257747], 
            [-79.997509877179, 32.5799386132764], 
            [-80.0332219556287, 32.5828074506035], 
            [-80.1115439126214, 32.5592272265553], 
            [-80.1548822420218, 32.5350444567364], 
            [-80.2240760802468, 32.5142161581493], 
            [-80.3022721321531, 32.4705900456941], 
            [-80.4054873233812, 32.4395094757818], 
            [-80.3996417300817, 32.3667183493724], 
            [-80.4319004118744, 32.2944218500884], 
            [-80.5270666707902, 32.2770649345991], 
            [-80.5391625523099, 32.2874790838926], 
            [-80.6793218931908, 32.5112573886177], 
            [-80.818240169648, 32.672505831479], 
            [-81.012448765498, 32.7808561515902], 
            [-81.1750911575309, 32.7939322941401], 
            [-81.3986895978466, 32.7266090457709], 
            [-81.6075841227091, 32.5811616912591], 
            [-81.7267083209322, 32.4131503466113], 
            [-81.7753166775226, 32.2355432357318], 
            [-81.715655652986, 32.0282045380091], 
            [-81.5592455627325, 31.8466583965678], 
            [-81.3055108406527, 31.7050871200746], 
            [-81.1122285465102, 31.6468919904731], 
            [-81.1003215226201, 31.6358573089677], 
            [-81.1429943537064, 31.5140980971495], 
            [-81.2338888329032, 31.382005675022], 
            [-81.2580895891631, 31.2301011882193], 
            [-81.3695875364356, 31.0930894744997], 
            [-81.3931227943814, 30.8475026101574], 
            [-81.4327739033928, 30.772562104058], 
            [-81.3697224347425, 30.7141511371654], 
            [-81.3998227436247, 30.657269017751], 
            [-81.3929069570904, 30.4828994662375], 
            [-81.3480757530935, 30.3981743362767], 
            [-81.3527971938354, 30.2791670499195], 
            [-81.2988198846299, 30.0418179755192], 
            [-81.2380347075357, 29.868410698595], 
            [-81.1984285646265, 29.7021170590551], 
            [-80.9717814225745, 29.2155748389077], 
            [-80.7210414429082, 28.8250532336199], 
            [-80.5639838407816, 28.6080198442405], 
            [-80.4938097415263, 28.4593349303628], 
            [-80.5608991661635, 28.3971737905381], 
            [-80.582905576631, 28.2743983448078], 
            [-80.5327413929009, 28.0829686540802], 
            [-80.3698831635771, 27.7751846770313], 
            [-80.2806344437245, 27.5329792635822], 
            [-80.1866462966892, 27.3041647553992], 
            [-80.1327858993497, 27.2023704930039], 
            [-80.1111302244802, 27.1339950378408], 
            [-80.0284195759027, 26.9326188452836], 
            [-79.9986070500752, 26.6849185741329], 
            [-80.071290257839, 26.127473803873], 
            [-80.1131177262021, 25.7344430900766], 
            [-80.1377411638236, 25.6269471259092], 
            [-80.2234915209169, 25.6723179231337], 
            [-80.2453090737547, 25.6260927699654], 
            [-80.2686734605117, 25.5819360575031], 
            [-80.293584681188, 25.5291548466189], 
            [-80.2893668607919, 25.4226841095841], 
            [-80.2366665888919, 25.424770536731], 
            [-80.199056940925, 25.5435529925766], 
            [-80.150826299594, 25.5810727083389], 
            [-80.1566359200116, 25.4344562351672], 
            [-80.3726710619199, 25.093055600036], 
            [-80.4037156589504, 25.0642952810025], 
            [-80.4253623405994, 25.0409308942454], 
            [-80.4487267273565, 25.0192842125964], 
            [-80.4877213312744, 24.9771959408401], 
            [-80.6388613943378, 24.8663365122204], 
            [-80.6962921002002, 24.8392309457516], 
            [-80.779281538612, 24.7953170502417], 
            [-80.8814894891485, 24.7629594430239], 
            [-80.9430031171001, 24.8098770741677], 
            [-80.852980980288, 24.8383765898079], 
            [-80.8088242678256, 24.8617409765649], 
            [-80.7629498502553, 24.883387658214], 
            [-80.7521310060411, 24.8950698515924]
          ], 
          [
            [-119.935214838294, 51.834846301116], 
            [-119.948290980844, 51.9577116790508], 
            [-120.131294024, 52.4032358206767], 
            [-120.179938353472, 52.6580227495504], 
            [-120.169173468581, 52.9296989464493], 
            [-120.078332948707, 53.2275454148891], 
            [-119.928541868712, 53.472187991083], 
            [-119.599048257471, 53.8620980573795], 
            [-119.564298453611, 54.0056928084764], 
            [-120.017979446194, 54.1685330513593], 
            [-120.542023395663, 54.4126540207665], 
            [-120.758661083342, 54.4970104286884], 
            [-120.947401801152, 54.5567703786501], 
            [-121.255608459563, 54.6139222946782], 
            [-121.402899424269, 54.5125687000855], 
            [-121.38554250878, 54.0746708094104], 
            [-121.304666477176, 53.6102159387147], 
            [-121.183033170444, 53.1713467802298], 
            [-121.008465768081, 52.6732932378927], 
            [-120.864223505111, 52.3308134163062], 
            [-120.725898781204, 52.1298059457878], 
            [-120.514036493589, 51.9929920829184], 
            [-120.054698765336, 51.8475627148475], 
            [-119.935214838294, 51.834846301116]
          ], 
          [
            [-118.157237166762, 50.9571169773667], 
            [-118.117145389948, 51.074253673868], 
            [-118.123782386648, 51.3995114782722], 
            [-118.171419475428, 51.5386815649024], 
            [-118.318044941821, 51.6795603634201], 
            [-118.503745951115, 51.7398239337276], 
            [-118.852386128717, 51.7327102963432], 
            [-119.120617922179, 51.6408895154389], 
            [-119.158533339642, 51.5401564530579], 
            [-118.805963124698, 51.39049127815], 
            [-118.546652605933, 51.2455295575431], 
            [-118.157237166762, 50.9571169773667]
          ], 
          [
            [-109.222319754253, 50.5294983376782], 
            [-109.200268377683, 50.5524580295145], 
            [-109.041115355189, 50.7053607637883], 
            [-108.722413608501, 51.0715557077298], 
            [-108.16904276711, 51.5497702057305], 
            [-108.034090500876, 51.7199848893912], 
            [-107.947935448862, 51.8975650206093], 
            [-107.774744009229, 52.4799030251046], 
            [-107.629989132692, 52.8032632599915], 
            [-107.297824534974, 53.3312822129039], 
            [-107.204133164214, 53.4965506253112], 
            [-107.11212352568, 53.7298167776223], 
            [-107.118499718987, 54.0420613920197], 
            [-107.257103232728, 54.2137689502769], 
            [-107.488004168058, 54.3651518302928], 
            [-107.70958812699, 54.4592119230918], 
            [-107.926864333322, 54.5121819916057], 
            [-108.450431642107, 54.5014980456983], 
            [-108.668796028114, 54.4455332347711], 
            [-108.876260630923, 54.3197270737455], 
            [-109.288186100908, 53.7874093614529], 
            [-109.514095798882, 53.5703579856326], 
            [-109.718196937239, 53.436547858397], 
            [-109.875065681736, 53.3604382336376], 
            [-110.141795607381, 53.2613329441601], 
            [-110.855596508572, 53.09796210127], 
            [-111.394551217565, 52.9419836855987], 
            [-111.741365771413, 52.7867247275642], 
            [-111.966978693112, 52.6337950136291], 
            [-112.241442788354, 52.3481343589136], 
            [-112.342931281254, 52.1771642447342], 
            [-112.437234191005, 51.9380704855645], 
            [-112.477487845787, 51.6908378618779], 
            [-112.47285633725, 51.4641187740623], 
            [-111.880167136004, 51.4399360042433], 
            [-111.612690773061, 51.3851582984168], 
            [-111.398211458292, 51.2981578836795], 
            [-111.095913345724, 51.1424222849606], 
            [-110.763991564959, 51.1732600379205], 
            [-110.473141822037, 51.1462354104359], 
            [-110.225432557666, 51.0745504501432], 
            [-109.906820743183, 50.9104241767345], 
            [-109.408011770327, 50.5434738022743], 
            [-109.222319754253, 50.5294983376782]
          ], 
          [
            [-125.121254342414, 50.1085166946898], 
            [-125.141884790151, 50.0503125718678], 
            [-125.11161361008, 50.0343675919909], 
            [-125.121254342414, 50.1085166946898]
          ], 
          [
            [-124.278463680155, 49.7290837302301], 
            [-124.311819534844, 49.6752233328906], 
            [-124.233884286331, 49.6517600207085], 
            [-124.278463680155, 49.7290837302301]
          ], 
          [
            [-124.112206013497, 49.6178735660124], 
            [-124.233884286331, 49.6517600207085], 
            [-124.213820411483, 49.6257786067973], 
            [-124.098842087892, 49.539227853083], 
            [-124.112206013497, 49.6178735660124]
          ], 
          [
            [-108.839721176191, 49.4717157470841], 
            [-108.825709738713, 49.5116816188117], 
            [-109.074794965815, 49.694378892472], 
            [-109.248202242739, 49.7300999641421], 
            [-109.390690827719, 49.6121179049174], 
            [-109.120381600331, 49.4845400794612], 
            [-108.839721176191, 49.4717157470841]
          ], 
          [
            [-117.414541048231, 48.9540749705835], 
            [-117.404324749787, 48.9663687029534], 
            [-117.312216185828, 49.0318033750259], 
            [-117.266809415722, 49.0864641689863], 
            [-117.188865173989, 49.2661936798945], 
            [-117.156759376944, 49.5498038803449], 
            [-117.210026221733, 49.7890775039237], 
            [-117.32123638595, 49.9655604622456], 
            [-117.476558296528, 50.061365239814], 
            [-117.696298645266, 50.0895859656199], 
            [-117.898268390374, 49.9991681271074], 
            [-118.019083314044, 49.8291063281946], 
            [-118.076900728386, 49.6320918475608], 
            [-118.051126158545, 49.3792834271885], 
            [-117.987355232258, 49.1687701226431], 
            [-117.865955749258, 49.0231878698244], 
            [-117.667511346571, 48.9649567673411], 
            [-117.414541048231, 48.9540749705835]
          ], 
          [
            [-124.098842087892, 49.539227853083], 
            [-124.079003043556, 49.4876067676383], 
            [-124.111342664332, 49.4617062927113], 
            [-124.161641746369, 49.3988976410134], 
            [-124.382740071397, 49.4467325806442], 
            [-124.446448045141, 49.497751120318], 
            [-124.426429136395, 49.5292183987102], 
            [-124.394692061389, 49.5546332397323], 
            [-124.536856890433, 49.6584779563926], 
            [-124.669758702402, 49.7144787402018], 
            [-124.694013417985, 49.7992938023672], 
            [-124.744303506801, 49.8395654435905], 
            [-124.696918228194, 49.9201716785802], 
            [-124.836924684327, 49.9027608037681], 
            [-124.925184149928, 49.9366832313461], 
            [-125.038345842986, 49.9225998481046], 
            [-125.027446059788, 50.0102927408174], 
            [-125.11161361008, 50.0343675919909], 
            [-125.121829908523, 49.9995638288077], 
            [-125.14870165126, 49.9526372044435], 
            [-125.011779869745, 49.8388999452764], 
            [-124.825242490948, 49.7238406827015], 
            [-124.832248209687, 49.6551054987199], 
            [-124.730444954071, 49.5705512399479], 
            [-124.672753444816, 49.5764328061292], 
            [-124.586868189415, 49.5676734094004], 
            [-124.516244429137, 49.5132914052742], 
            [-124.635800301942, 49.4614364960975], 
            [-124.580312131699, 49.4153462412361], 
            [-124.277555364888, 49.361395911692], 
            [-124.131721301896, 49.3762617051137], 
            [-124.088634782669, 49.3243798162756], 
            [-124.041537287116, 49.3039562126092], 
            [-124.02111368345, 49.2793687478695], 
            [-123.940444495917, 49.2556985916168], 
            [-123.90693575648, 49.2591160153919], 
            [-123.7285372422, 49.1893466110573], 
            [-123.644333719026, 49.1646332412312], 
            [-123.616005074575, 49.0993244742452], 
            [-123.591417609835, 49.0789008705788], 
            [-123.570994006168, 49.0543044126186], 
            [-123.484506204997, 48.9824755607985], 
            [-123.321342206178, 48.9213576345473], 
            [-123.120874328887, 48.8292490705882], 
            [-123.015248954576, 48.8058217312879], 
            [-122.950596692683, 48.8124137618857], 
            [-122.764230185075, 48.7559543238331], 
            [-122.738266757605, 48.7830149241994], 
            [-122.85451312528, 48.929901193985], 
            [-122.848514647233, 48.9887798083416], 
            [-122.895809993636, 49.0092933442126], 
            [-122.938743628116, 49.0338808089522], 
            [-122.990418672883, 49.0543044126186], 
            [-122.981326526998, 48.9650556927661], 
            [-123.047822399084, 48.9438586721401], 
            [-123.21306383183, 48.9900658388674], 
            [-123.204619197818, 49.0729743382952], 
            [-123.323428633325, 49.0993244742452], 
            [-123.343852236991, 49.1113124371193], 
            [-123.252391184905, 49.1677269090697], 
            [-123.30147618218, 49.2085021706387], 
            [-123.298733249939, 49.2354008930368], 
            [-123.30322986017, 49.2795306258378], 
            [-123.274091825877, 49.3037313820977], 
            [-123.480971869356, 49.3243798162756], 
            [-123.640664485078, 49.3924764816044], 
            [-123.875846193347, 49.4446281670564], 
            [-123.953151916428, 49.4367411127122], 
            [-124.047131070243, 49.4720574894616], 
            [-124.041330443045, 49.5289845749782], 
            [-124.098842087892, 49.539227853083]
          ], 
          [
            [-103.100670559499, 48.4814452624889], 
            [-103.089842722064, 48.4931274558675], 
            [-103.021467266901, 48.5372841683298], 
            [-102.946994408265, 48.5885275385152], 
            [-102.372408559807, 49.2673268256726], 
            [-102.116641369903, 49.5925666436358], 
            [-102.22783354768, 49.6741171667739], 
            [-102.551472572401, 49.8563018268679], 
            [-102.859895068103, 49.9699491538304], 
            [-103.359918125721, 50.0451864362051], 
            [-103.458906503332, 50.071122884014], 
            [-103.545592155354, 50.1169973015843], 
            [-103.644058926178, 50.2232701877691], 
            [-103.841657966142, 49.9538782688671], 
            [-104.089915816961, 49.6301313255004], 
            [-104.223707957756, 49.4229455125255], 
            [-104.123937169964, 49.3305041994093], 
            [-104.050534504564, 49.1749664515406], 
            [-103.997987117411, 48.7905152700637], 
            [-103.936167719964, 48.7332374489492], 
            [-103.702496872732, 48.5958660064111], 
            [-103.381681719236, 48.4942965745274], 
            [-103.100670559499, 48.4814452624889]
          ], 
          [
            [-105.283756839906, 48.0088155543944], 
            [-105.272937995692, 48.0204977477729], 
            [-104.933201106346, 48.0746189485058], 
            [-104.523272131304, 48.1459981393028], 
            [-104.451389320161, 48.1840304686313], 
            [-104.465175927127, 48.5318252835101], 
            [-104.594066762771, 48.7753976664692], 
            [-104.789804206099, 48.9293256278755], 
            [-105.092884728847, 49.0999360132365], 
            [-105.25239748016, 49.1976023874403], 
            [-105.504873151375, 49.3803176475415], 
            [-105.796046650233, 49.6945677501017], 
            [-106.037010999258, 50.007396923829], 
            [-106.171189848533, 50.1317192034786], 
            [-106.312320457223, 50.1577186038306], 
            [-106.439538553861, 50.0903953554614], 
            [-106.819852853926, 49.6799447736325], 
            [-106.997046276664, 49.5157645409009], 
            [-106.935946336854, 49.36701667448], 
            [-106.7826568941, 49.268037290089], 
            [-106.369778142747, 49.0888113995265], 
            [-106.192971428489, 48.9952549270733], 
            [-105.962798944016, 48.8007405617277], 
            [-105.834681525332, 48.6260652407184], 
            [-105.588024467755, 48.1546765970474], 
            [-105.486913690115, 48.0304352563821], 
            [-105.283756839906, 48.0088155543944]
          ], 
          [
            [-101.57025826081, 47.896283386769], 
            [-101.539735270566, 47.9722131471191], 
            [-101.624865095448, 47.9369147568107], 
            [-101.57025826081, 47.896283386769]
          ], 
          [
            [-69.7503377079188, 47.7760620156496], 
            [-69.7322703280132, 47.7561330391085], 
            [-69.7241494499371, 47.783760212364], 
            [-69.7503377079188, 47.7760620156496]
          ], 
          [
            [-69.8154666104956, 47.8605443286579], 
            [-69.8760719231806, 47.7592087205061], 
            [-69.9938111654529, 47.6719115294936], 
            [-70.1100125670263, 47.6243553796971], 
            [-70.1419564861029, 47.5713943044037], 
            [-70.17137331023, 47.4995294797018], 
            [-70.2769986845416, 47.4363610991855], 
            [-70.3438362990059, 47.3497653793688], 
            [-70.4105839812657, 47.3398998165234], 
            [-70.4938701959527, 47.3522025421137], 
            [-70.5245640573853, 47.3013278939672], 
            [-70.5441692779897, 47.2534120153523], 
            [-70.6595972626035, 47.1212746271224], 
            [-70.6693998729057, 47.0860661690186], 
            [-70.6055839805162, 47.103836772649], 
            [-70.4726282092244, 47.184038312718], 
            [-70.4798767449158, 47.2331323032133], 
            [-70.4590124734468, 47.2759220461656], 
            [-70.3271628682717, 47.2240851234298], 
            [-70.2094775853222, 47.32382893156], 
            [-70.088087095543, 47.3735164746057], 
            [-70.0973321261766, 47.4360643229103], 
            [-70.0715395698952, 47.4559663197899], 
            [-70.0519343492907, 47.5038821984048], 
            [-69.9365063646769, 47.5684984874153], 
            [-69.9089421439647, 47.6358487154459], 
            [-69.8014731594587, 47.6585206242275], 
            [-69.7818589456338, 47.7138019503998], 
            [-69.8405037362584, 47.7590648289788], 
            [-69.7789631286454, 47.8610749286651], 
            [-69.7691605183432, 47.896283386769], 
            [-69.8154666104956, 47.8605443286579]
          ], 
          [
            [-70.7144199345323, 47.0860661690186], 
            [-70.7144199345323, 47.0635651314258], 
            [-70.6693998729057, 47.0635651314258], 
            [-70.6693998729057, 47.0860661690186], 
            [-70.7144199345323, 47.0860661690186]
          ], 
          [
            [-70.7655643792926, 47.0545449313036], 
            [-70.7269295041932, 47.0343101852669], 
            [-70.7144199345323, 47.0635651314258], 
            [-70.7655643792926, 47.0545449313036]
          ], 
          [
            [-123.986309920267, 46.6359464917373], 
            [-123.964843103027, 46.6838803567931], 
            [-124.039909514213, 46.6689695972691], 
            [-123.986309920267, 46.6359464917373]
          ], 
          [
            [-60.4553227549411, 46.3806829221792], 
            [-60.4372553750355, 46.3607629388586], 
            [-60.4291344969594, 46.3883811188936], 
            [-60.4553227549411, 46.3806829221792]
          ], 
          [
            [-60.365300618129, 46.3581728913659], 
            [-60.3472332382233, 46.3382529080454], 
            [-60.3391123601472, 46.3658710880803], 
            [-60.365300618129, 46.3581728913659]
          ], 
          [
            [-100.737531012246, 46.0732946468306], 
            [-100.726703174812, 46.0849768402091], 
            [-100.59081561365, 46.1066235218581], 
            [-100.454532350787, 46.1351320307188], 
            [-100.173395285964, 46.2838978835806], 
            [-99.9207847164415, 46.5565363550688], 
            [-99.8939849194684, 46.7917270565585], 
            [-99.9424224048701, 47.0232755037616], 
            [-99.9968763547599, 47.1786243940007], 
            [-100.116953834352, 47.4055503258869], 
            [-100.389115665156, 47.7907749243234], 
            [-101.123016414076, 47.7616818561328], 
            [-101.296702480835, 47.7253492454714], 
            [-101.400565183936, 47.6703916752357], 
            [-101.491126913976, 47.5469147583095], 
            [-101.667223163818, 47.0436631345461], 
            [-101.69360927265, 46.8435729725148], 
            [-101.639901760058, 46.690337489084], 
            [-101.513564999025, 46.5350965174904], 
            [-101.318573992995, 46.2871354429464], 
            [-101.160428211193, 46.1627771904151], 
            [-100.986301476632, 46.094968308141], 
            [-100.737531012246, 46.0732946468306]
          ], 
          [
            [-109.604927325536, 45.7582081747676], 
            [-109.594099488101, 45.769890368146], 
            [-109.469579357601, 45.8502987522857], 
            [-109.166489841633, 46.1299879086152], 
            [-108.895083441348, 46.3749272610843], 
            [-108.466763330463, 46.7048525469076], 
            [-108.303590338423, 46.8809667831906], 
            [-108.311684236838, 47.0851038944293], 
            [-108.411410058527, 47.2735658224049], 
            [-108.68002856047, 47.6238697457922], 
            [-108.856826281508, 47.7535429916159], 
            [-109.018893107431, 47.8048583075649], 
            [-109.335958087995, 47.7922857853608], 
            [-109.810665230016, 47.7176420555365], 
            [-110.121192139306, 47.652675030928], 
            [-110.37833529194, 47.5625449754703], 
            [-110.52158830066, 47.4527017807626], 
            [-110.609389112018, 47.316742273837], 
            [-110.659418397441, 47.106705609976], 
            [-110.648536600684, 46.8322595011751], 
            [-110.532497077078, 46.5663479585915], 
            [-110.278456585503, 46.2350646964786], 
            [-110.005953012322, 45.9045638445459], 
            [-109.836466779518, 45.771275324097], 
            [-109.604927325536, 45.7582081747676]
          ], 
          [
            [-64.7144849854936, 45.5648449416408], 
            [-64.6510917744658, 45.6139838982384], 
            [-64.6019528178682, 45.6323660408602], 
            [-64.5305826202916, 45.6788430042014], 
            [-64.5710880852469, 45.7068029266139], 
            [-64.645066316757, 45.6902194280842], 
            [-64.6694739170875, 45.654867078453], 
            [-64.7360417349381, 45.6089117218986], 
            [-64.7728060201816, 45.5556538703299], 
            [-64.7144849854936, 45.5648449416408]
          ], 
          [
            [-66.0781629768398, 44.4078401497032], 
            [-66.0858611735542, 44.4340284076849], 
            [-66.1057811568749, 44.4159610277793], 
            [-66.0781629768398, 44.4078401497032]
          ], 
          [
            [-64.0755436514183, 44.4165635735501], 
            [-64.1520399846575, 44.3771822611525], 
            [-64.0976310008699, 44.3628290812971], 
            [-64.0755436514183, 44.4165635735501]
          ], 
          [
            [-68.2920600305459, 44.1811120686671], 
            [-68.3363336548742, 44.1418566613559], 
            [-68.2837592880607, 44.1152637084535], 
            [-68.2920600305459, 44.1811120686671]
          ], 
          [
            [-106.274027324501, 45.4881327711106], 
            [-106.251760110641, 45.5121716494022], 
            [-105.840922820332, 45.6914604925078], 
            [-105.594544552589, 45.777813395372], 
            [-105.452982269316, 45.8149014365521], 
            [-104.832225227013, 45.943036841677], 
            [-104.694134326838, 46.044318490506], 
            [-104.652657594073, 46.16267826499], 
            [-104.981314835811, 46.2340214829052], 
            [-105.167564431553, 46.3219122264682], 
            [-105.355010125617, 46.4594005808722], 
            [-105.545621433282, 46.6791769024921], 
            [-105.669790828184, 46.9138370039747], 
            [-105.80535463341, 47.2010894587116], 
            [-105.917032445091, 47.3216076061062], 
            [-106.165892841681, 47.3314731689517], 
            [-106.597531450916, 47.2814798564103], 
            [-107.338581810102, 47.3108517144352], 
            [-107.667580794218, 47.2584392255899], 
            [-107.877230749599, 47.192060265369], 
            [-108.017821765062, 47.061793466995], 
            [-107.96254043889, 46.9790018794333], 
            [-107.627551969947, 46.6097762201965], 
            [-107.422668421411, 46.3120286771818], 
            [-107.267463422699, 45.9743332488804], 
            [-107.241787778283, 45.8932413799858], 
            [-107.278318239795, 45.8816760984732], 
            [-107.374392813977, 45.7779842665607], 
            [-107.626787546208, 45.3871389053363], 
            [-107.701053560773, 45.2297665404935], 
            [-107.725236330592, 45.0149814562293], 
            [-107.605176837441, 44.7398518626734], 
            [-107.433334380877, 44.4901191236987], 
            [-107.153096638099, 44.1840978178601], 
            [-106.933302330038, 44.0421668125484], 
            [-106.751720215715, 44.0144137342065], 
            [-106.606164942558, 44.0654322738804], 
            [-106.450312431973, 44.2336414693784], 
            [-106.310126111431, 44.5306785479767], 
            [-106.187107848748, 44.919257617645], 
            [-106.135046095501, 45.1378018680618], 
            [-106.105656251035, 45.3982365393849], 
            [-106.274027324501, 45.4881327711106]
          ], 
          [
            [-66.1006730076531, 43.6426340003589], 
            [-66.1083712043675, 43.6688222583406], 
            [-66.1282911876881, 43.650754878435], 
            [-66.1006730076531, 43.6426340003589]
          ], 
          [
            [-115.546532246666, 43.5076007951407], 
            [-115.536729636364, 43.5202992224313], 
            [-115.456779906467, 43.5681161756211], 
            [-115.402802597262, 43.6380474579239], 
            [-115.364950132343, 43.7739889784087], 
            [-115.402883536246, 43.9040938988144], 
            [-115.515082954715, 43.9906986118515], 
            [-115.698499686012, 44.0125341511302], 
            [-115.918285000852, 43.9444464790218], 
            [-116.044594782223, 43.8423644335718], 
            [-116.004790788464, 43.7411277508451], 
            [-115.890981583533, 43.6068499761456], 
            [-115.732862781392, 43.5183297071504], 
            [-115.546532246666, 43.5076007951407]
          ], 
          [
            [-95.5386222096472, 43.4850907643274], 
            [-95.528001216283, 43.4969798017765], 
            [-95.4367110353859, 43.5632328569109], 
            [-95.4154780418781, 43.5870019385887], 
            [-95.1876437947253, 43.7868492836676], 
            [-95.1911871235868, 43.8462584980313], 
            [-95.1216335565433, 43.9458314349728], 
            [-95.0593465116322, 44.0437676057904], 
            [-95.0328704705957, 44.345220355635], 
            [-95.082180298382, 44.6226702000698], 
            [-95.2040384356253, 44.8995354851746], 
            [-95.4066197197242, 45.131812383235], 
            [-95.6067458546374, 45.2483195543041], 
            [-95.8064043420866, 45.2736984224443], 
            [-95.9318507742937, 45.2286783608177], 
            [-96.0352458299311, 45.2046214960853], 
            [-96.153389767124, 45.0723941756507], 
            [-96.2532594803407, 44.8547942133823], 
            [-96.3086487251585, 44.6167256813452], 
            [-96.26612877882, 44.2566371340965], 
            [-96.1671853673108, 44.0318425954595], 
            [-95.9942457378505, 43.8285508469441], 
            [-95.6513522281228, 43.5330066429423], 
            [-95.6180323463157, 43.4957117576915], 
            [-95.5386222096472, 43.4850907643274]
          ], 
          [
            [-89.4394740524855, 42.98996001864], 
            [-89.4096435402171, 43.0609884738391], 
            [-89.4470643305543, 43.1341932883896], 
            [-89.5285878740311, 43.0810973147893], 
            [-89.512346117879, 43.0086569239779], 
            [-89.4394740524855, 42.98996001864]
          ], 
          [
            [-116.446780594449, 42.9449489502339], 
            [-116.436357451935, 42.9570358385332], 
            [-116.344662576117, 42.9778731303407], 
            [-116.213928130279, 43.0329296260015], 
            [-116.084075020046, 43.1249932238583], 
            [-115.955346062371, 43.3305242842684], 
            [-115.906036234585, 43.4943178085201], 
            [-116.01408977842, 43.4340182653307], 
            [-116.18330621461, 43.4071555158145], 
            [-116.354330288112, 43.5025825781236], 
            [-116.424324522958, 43.6594423294001], 
            [-116.410942610913, 43.8260327452151], 
            [-116.286071744815, 43.9854825439843], 
            [-116.06034191125, 44.0150162799774], 
            [-116.206274899667, 44.1407415020188], 
            [-116.366030467932, 44.2120307606112], 
            [-116.591868220142, 44.2382100253724], 
            [-116.829630982684, 44.1669927125437], 
            [-117.013245564831, 44.0232001105967], 
            [-117.116649613689, 43.8438483149479], 
            [-117.16624722453, 43.6255199018221], 
            [-117.125930617204, 43.3656158305063], 
            [-116.990834459443, 43.1491670004568], 
            [-116.801617100948, 43.0133064189562], 
            [-116.61387463061, 42.9567750351398], 
            [-116.446780594449, 42.9449489502339]
          ], 
          [
            [-83.6554123673867, 42.7648956833892], 
            [-83.645402913014, 42.7773962598296], 
            [-83.5492114269657, 42.8048975279986], 
            [-83.4251859235914, 42.8778055662739], 
            [-83.313004491564, 43.0252134428462], 
            [-83.2853053725448, 43.1776845025378], 
            [-83.3565586582554, 43.2988951279079], 
            [-83.5302986843367, 43.3375569826687], 
            [-83.7306136768796, 43.2803601005383], 
            [-83.8823652789344, 43.169509665139], 
            [-83.9728100971082, 43.0205999207498], 
            [-83.9249571710366, 42.8530112574637], 
            [-83.7987732947517, 42.7763710326971], 
            [-83.6554123673867, 42.7648956833892]
          ], 
          [
            [-86.1986051814839, 42.40479814292], 
            [-86.1885957271111, 42.4172987193605], 
            [-86.1410935366374, 42.4373176281061], 
            [-86.0816303629508, 42.4722742760371], 
            [-86.0124275315053, 42.5586901314445], 
            [-85.9860414226735, 42.7085261775412], 
            [-86.0713061458619, 42.9060442785207], 
            [-86.1898008186528, 43.0009317476022], 
            [-86.3480365326598, 43.0449805414189], 
            [-86.5341332436542, 42.9734484658741], 
            [-86.6320514280309, 42.812244989115], 
            [-86.6130217735359, 42.6592882955185], 
            [-86.5228557451964, 42.5058909341194], 
            [-86.3638735938912, 42.4160126888346], 
            [-86.1986051814839, 42.40479814292]
          ], 
          [
            [-70.898142435325, 42.3970999462056], 
            [-70.8800750554194, 42.3771799628851], 
            [-70.8719541773434, 42.40479814292], 
            [-70.898142435325, 42.3970999462056]
          ], 
          [
            [-93.5580902336773, 41.6395919935757], 
            [-93.5255617552708, 41.7261697269514], 
            [-93.6237497362613, 41.7623404596446], 
            [-93.6583286689329, 41.6574615226313], 
            [-93.5580902336773, 41.6395919935757]
          ], 
          [
            [-70.8719541773434, 41.4595477199514], 
            [-70.8627631060324, 41.4728576862333], 
            [-70.8136331426554, 41.4912488220755], 
            [-70.7502399316275, 41.5403787854527], 
            [-70.6847692866732, 41.5648763179877], 
            [-70.7056875174649, 41.6487920581071], 
            [-70.8136331426554, 41.5587609280744], 
            [-70.8852731368457, 41.5403787854527], 
            [-70.9468766970019, 41.5002600289773], 
            [-70.8719541773434, 41.4595477199514]
          ], 
          [
            [-70.7332427449567, 41.4222348482597], 
            [-70.7513101248623, 41.4421548315803], 
            [-70.7594310029384, 41.4145366515453], 
            [-70.7332427449567, 41.4222348482597]
          ], 
          [
            [-70.7594310029384, 41.392026620732], 
            [-70.7594310029384, 41.4145366515453], 
            [-70.8269431089373, 41.4145366515453], 
            [-70.8269431089373, 41.392026620732], 
            [-70.7594310029384, 41.392026620732]
          ], 
          [
            [-72.2242737312476, 41.1357018511596], 
            [-72.252386538408, 41.0896026030778], 
            [-72.1924557172575, 41.069385843482], 
            [-72.1548011031883, 41.1444612478884], 
            [-72.2242737312476, 41.1357018511596]
          ], 
          [
            [-96.6639258994607, 40.9419069434508], 
            [-96.6359389973867, 41.0199231309478], 
            [-96.7195579612309, 40.9916124729373], 
            [-96.6639258994607, 40.9419069434508]
          ], 
          [
            [-73.6627123642841, 40.9419069434508], 
            [-73.6627123642841, 40.9193969126375], 
            [-73.617701295878, 40.9193969126375], 
            [-73.617701295878, 40.9419069434508], 
            [-73.6627123642841, 40.9419069434508]
          ], 
          [
            [-73.6889006222659, 40.9116987159231], 
            [-73.6708332423602, 40.8917787326025], 
            [-73.6627123642841, 40.9193969126375], 
            [-73.6889006222659, 40.9116987159231]
          ], 
          [
            [-74.9905703585351, 40.6718315397938], 
            [-74.9090558082789, 40.7810452090692], 
            [-74.8247353732388, 41.0121619816902], 
            [-74.8489091498373, 41.1757846347532], 
            [-74.9482572562673, 41.1992749265967], 
            [-75.0805295428041, 41.1194960678893], 
            [-75.1839965442051, 40.9854431237013], 
            [-75.2375871449307, 40.8545108270131], 
            [-75.1855433781244, 40.7682478563536], 
            [-75.0738206003404, 40.6820118653554], 
            [-74.9905703585351, 40.6718315397938]
          ], 
          [
            [-83.9930088702631, 40.379255098544], 
            [-83.9819741887578, 40.390730447852], 
            [-83.8689923601092, 40.435291855235], 
            [-83.7482403889827, 40.4842779270847], 
            [-83.6191786821504, 40.6186006678866], 
            [-83.5733492306824, 40.7130654556064], 
            [-83.5770004781895, 40.8917157800593], 
            [-83.7428444567063, 41.0510576601829], 
            [-84.0252045995126, 41.1880513874616], 
            [-84.3195706916341, 41.2455180662059], 
            [-84.4094759165802, 41.2762928666226], 
            [-84.6872585101721, 41.6120817321862], 
            [-84.8215542713125, 41.7001253604971], 
            [-84.9537006527628, 41.7406488118932], 
            [-85.1593486250389, 41.6879395467727], 
            [-85.4068330588985, 41.5942841488944], 
            [-85.6609005301353, 41.4633968183086], 
            [-85.8672499736073, 41.3235252604825], 
            [-86.0097745314694, 41.1751820889823], 
            [-86.0534006439245, 41.0852678708156], 
            [-86.0511253591479, 40.9736080455749], 
            [-85.8668182990252, 40.8369830403351], 
            [-85.7489261720052, 40.7797861582047], 
            [-85.4687064156685, 40.7455489679106], 
            [-85.1623253810114, 40.6406790241177], 
            [-84.9321439033184, 40.5757569656115], 
            [-84.6564477368735, 40.5458005482568], 
            [-84.3123491356041, 40.3917646682049], 
            [-83.9930088702631, 40.379255098544]
          ], 
          [
            [-80.1444680927282, 40.3117339993247], 
            [-80.1340449502142, 40.3238298808444], 
            [-80.1098711736157, 40.3446581794315], 
            [-80.0890338818081, 40.386026993551], 
            [-80.2026542291093, 40.4796913846497], 
            [-80.2674144096472, 40.3826185629964], 
            [-80.1444680927282, 40.3117339993247]
          ], 
          [
            [-74.7204949548782, 40.2442218933258], 
            [-74.6833259747139, 40.3004654940873], 
            [-74.7207467650511, 40.3579321728316], 
            [-74.7972071254085, 40.2971829686192], 
            [-74.7204949548782, 40.2442218933258]
          ], 
          [
            [-81.4273150185732, 40.1091796948871], 
            [-81.4164871811385, 40.1208618882656], 
            [-81.2894849217917, 40.2140136657981], 
            [-81.1145128245072, 40.4028623022535], 
            [-80.9438574730439, 40.7060237639856], 
            [-80.8909503570733, 40.7829068057046], 
            [-80.5971778175022, 40.8528830541097], 
            [-80.5101953892058, 40.9127329362761], 
            [-80.5164186977646, 41.0697275858595], 
            [-80.6272241670616, 41.2307511982093], 
            [-80.6504266758503, 41.4487198825166], 
            [-80.6749601812673, 41.5660184569863], 
            [-80.7703962367968, 41.6054087626044], 
            [-80.9239374897233, 41.5241640089619], 
            [-81.0940082818566, 41.3406033861374], 
            [-81.1686879845628, 41.1047381931132], 
            [-81.2700595655964, 41.0108129986211], 
            [-81.4563631206614, 40.9228862821763], 
            [-81.6652576455239, 40.9311600450002], 
            [-81.7114558190308, 41.1731766008195], 
            [-81.7923678235162, 41.2907539651235], 
            [-81.6424598316559, 41.5086057375648], 
            [-81.7181737547149, 41.6186467831226], 
            [-81.8987756080079, 41.6504198310105], 
            [-82.0801868511422, 41.5393445650997], 
            [-82.2492144297021, 41.516240981736], 
            [-82.3907857061953, 41.4915905644531], 
            [-82.5561710304686, 41.4040775361494], 
            [-82.6801155948588, 41.1932404756675], 
            [-82.6743329541025, 41.0472175550462], 
            [-82.5245598605491, 40.829563633455], 
            [-82.1866665813976, 40.4473247842115], 
            [-81.9446590187986, 40.2230968184635], 
            [-81.7300717853846, 40.1218241628549], 
            [-81.4273150185732, 40.1091796948871]
          ], 
          [
            [-79.9194037574774, 39.9966475272616], 
            [-79.9089896081838, 40.0087434087814], 
            [-79.7907017794635, 40.0615246196655], 
            [-79.6854361339704, 40.1361593562693], 
            [-79.7477231788815, 40.3057894806001], 
            [-79.8189674713716, 40.3671682102448], 
            [-79.8507315260391, 40.4040404141339], 
            [-79.9523279375842, 40.3314471385747], 
            [-79.8848068383649, 40.3013198500311], 
            [-79.838141017394, 40.2752844767972], 
            [-79.8425656818606, 40.2201110692705], 
            [-80.0218635181868, 40.2691780801044], 
            [-80.096857983609, 40.1494423428899], 
            [-80.0856973970172, 40.010551046094], 
            [-79.9194037574774, 39.9966475272616]
          ], 
          [
            [-109.920013797599, 39.8166032536373], 
            [-109.909392804234, 39.8284922910864], 
            [-109.861845647658, 39.8709672713226], 
            [-109.805808890967, 39.9336859908159], 
            [-109.774359599016, 40.1602881667655], 
            [-109.847798237299, 40.4345004518345], 
            [-110.058788182529, 40.6764180822288], 
            [-110.261585303919, 40.7049625639712], 
            [-110.365699817193, 40.6322343901051], 
            [-110.464148601577, 40.4774430795346], 
            [-110.446207126757, 40.1763860313903], 
            [-110.307046033348, 39.9771682117437], 
            [-110.104132000092, 39.8299132199192], 
            [-109.920013797599, 39.8166032536373]
          ], 
          [
            [-91.8701346989571, 39.749082154418], 
            [-91.8591090106722, 39.7605664969463], 
            [-91.7371609412244, 39.832952928435], 
            [-91.5938269935208, 39.930115682293], 
            [-91.403134746871, 40.1285870646414], 
            [-91.3357485459586, 40.2674873546578], 
            [-91.3415401799353, 40.5515831890131], 
            [-91.4060395570799, 40.7400091441068], 
            [-91.5522063692285, 40.981045438896], 
            [-91.8392609731154, 41.2956013109518], 
            [-91.8360054273086, 41.4549611775164], 
            [-91.7223131342437, 41.6756638008438], 
            [-91.5335544299929, 41.8155893179927], 
            [-91.336908671398, 41.8539813761397], 
            [-91.2040248458699, 41.8994600920098], 
            [-91.136278916139, 42.0391068193243], 
            [-91.1390218483795, 42.1737802957242], 
            [-91.2339542835633, 42.3580603761855], 
            [-91.5068805381063, 42.7177352352929], 
            [-91.6812590828404, 42.7984314024873], 
            [-91.7817673147097, 42.7466574322947], 
            [-91.9813718428362, 42.3743201187785], 
            [-92.1372243534211, 42.1812446687066], 
            [-92.4442618931718, 41.9436527773539], 
            [-92.4690202291002, 41.9178872007338], 
            [-92.5157310161734, 41.821605782481], 
            [-92.506081290619, 41.3486523184498], 
            [-92.7593483652348, 40.8183490875404], 
            [-92.8079657150457, 40.6950970011258], 
            [-92.902988082434, 40.3582019694454], 
            [-92.9607875103353, 40.3026688331002], 
            [-92.9839630394627, 40.2621363884836], 
            [-92.69250175755, 40.0365954125483], 
            [-92.4339736489647, 39.8900239054789], 
            [-92.1672707029805, 39.8034731517646], 
            [-91.9036704180553, 39.7605664969463], 
            [-91.8701346989571, 39.749082154418]
          ], 
          [
            [-75.913319743911, 39.5015167815743], 
            [-75.9022940556261, 39.5129921308822], 
            [-75.8123078916958, 39.5994529523919], 
            [-75.7897618880007, 39.7442168221487], 
            [-75.9449039341692, 39.8592221254008], 
            [-75.8117593052477, 40.1176782882225], 
            [-75.8123978239004, 40.1491635530556], 
            [-76.0373272608443, 40.2327375507974], 
            [-76.0888853937458, 40.259294530818], 
            [-76.196669140968, 40.3714849560659], 
            [-76.2522652298564, 40.5427968126229], 
            [-76.284442972665, 40.7733380191344], 
            [-76.3320530817842, 40.8435660777124], 
            [-76.4872221076141, 40.8404004641102], 
            [-76.5099479757184, 40.8408591183537], 
            [-76.5812102546495, 40.792556531259], 
            [-76.6220394755413, 40.6528648378421], 
            [-76.5467842067257, 40.2854378226974], 
            [-76.5861835055643, 40.1316897257004], 
            [-76.5545183763219, 40.00813186979], 
            [-76.5317295556744, 39.7518790459812], 
            [-76.420564357559, 39.6789979873673], 
            [-76.1903019408818, 39.6340498715044], 
            [-76.0327407184093, 39.5144939986991], 
            [-75.913319743911, 39.5015167815743]
          ], 
          [
            [-86.1310840822645, 39.4339956823549], 
            [-86.0864507291178, 39.5048262867039], 
            [-86.1658788522272, 39.7592984528614], 
            [-86.1869139948849, 39.9932211102661], 
            [-86.2417276735932, 40.088917969189], 
            [-86.293447684463, 40.1318875765505], 
            [-86.4023555842427, 40.1791109771899], 
            [-86.5015687923658, 40.1418340783801], 
            [-86.6541657571439, 40.0145800088604], 
            [-86.7489632940208, 39.8510382947816], 
            [-86.6812443439513, 39.6708321431889], 
            [-86.5409141318816, 39.5542620195766], 
            [-86.2888161759257, 39.4449314384352], 
            [-86.1310840822645, 39.4339956823549]
          ], 
          [
            [-119.980234899921, 39.3889846139489], 
            [-119.971034835389, 39.4023035734513], 
            [-119.944414902825, 39.420685716073], 
            [-119.903873464988, 39.4794024524613], 
            [-119.933416194202, 39.6111980983137], 
            [-120.031586188752, 39.6789800009264], 
            [-120.109215667769, 39.6615781193348], 
            [-120.146969207263, 39.5509974805494], 
            [-120.075005457136, 39.4404977807481], 
            [-119.980234899921, 39.3889846139489]
          ], 
          [
            [-75.4632000666297, 39.366483576356], 
            [-75.4708982633441, 39.3926628411173], 
            [-75.4908182466647, 39.3746044544321], 
            [-75.4632000666297, 39.366483576356]
          ], 
          [
            [-84.3531064107322, 39.366483576356], 
            [-84.3422785732974, 39.3781657697346], 
            [-84.3189141865405, 39.3998124513836], 
            [-84.2972675048914, 39.43546157729], 
            [-84.3647886041108, 39.467333550603], 
            [-84.3864352857598, 39.5063461409617], 
            [-84.2756208232423, 39.5414286939791], 
            [-84.3216211458991, 39.6283661561732], 
            [-84.4683635241573, 39.7373999610394], 
            [-84.6405657095398, 39.6189052882485], 
            [-84.6790117270095, 39.53149118537], 
            [-84.5740428577916, 39.3789571731351], 
            [-84.3531064107322, 39.366483576356]
          ], 
          [
            [-75.425887194938, 39.3701618035245], 
            [-75.4458071782586, 39.3520944236188], 
            [-75.4181889982236, 39.3439735455428], 
            [-75.425887194938, 39.3701618035245]
          ], 
          [
            [-75.3956789674103, 39.3439735455428], 
            [-75.4181889982236, 39.3439735455428], 
            [-75.4181889982236, 39.32147250795], 
            [-75.3956789674103, 39.32147250795], 
            [-75.3956789674103, 39.3439735455428]
          ], 
          [
            [-84.4881396159504, 39.0964081726991], 
            [-84.4979422262527, 39.1541176683958], 
            [-84.5754188205221, 39.24125298144], 
            [-84.6104743938781, 39.1456820276036], 
            [-84.4881396159504, 39.0964081726991]
          ], 
          [
            [-121.600669335421, 38.9838760050737], 
            [-121.590866725119, 38.9965834255847], 
            [-121.516375880043, 39.0540770839903], 
            [-121.478334557494, 39.1616809668033], 
            [-121.611074491495, 39.2187429506267], 
            [-121.737878899991, 39.142255610608], 
            [-121.717401337002, 39.0037060561896], 
            [-121.600669335421, 38.9838760050737]
          ], 
          [
            [-76.3822712248371, 38.946563133382], 
            [-76.4003386047427, 38.9664831167025], 
            [-76.4084594828188, 38.9388649366676], 
            [-76.3822712248371, 38.946563133382]
          ], 
          [
            [-120.677919950046, 38.7813217006361], 
            [-120.667703651602, 38.7936154330059], 
            [-120.580550352117, 38.8473769049203], 
            [-120.555180477197, 39.0226727581414], 
            [-120.632378281632, 39.2988005991684], 
            [-120.768310808897, 39.4564787335069], 
            [-120.962465445424, 39.5117330800177], 
            [-121.195758577396, 39.487946011899], 
            [-121.259106822322, 39.4116835023918], 
            [-121.300745433055, 39.2697974631824], 
            [-121.293577836348, 39.1994255130771], 
            [-121.228179137157, 39.108567006762], 
            [-121.048989219477, 39.0062601308005], 
            [-120.912723943055, 38.8422147963759], 
            [-120.800533517808, 38.7935614736831], 
            [-120.677919950046, 38.7813217006361]
          ], 
          [
            [-76.228406215974, 38.6462884954178], 
            [-76.2697840233139, 38.6998880893639], 
            [-76.3057299254956, 38.6594185972905], 
            [-76.228406215974, 38.6462884954178]
          ], 
          [
            [-90.182179164237, 38.5112462969791], 
            [-90.1729880929261, 38.5245652564815], 
            [-90.1280849431656, 38.5555648874097], 
            [-90.1545879638634, 38.6738077500277], 
            [-90.2728218332609, 38.7004906351348], 
            [-90.3123380439655, 38.6432577801226], 
            [-90.2790001757175, 38.563865629895], 
            [-90.182179164237, 38.5112462969791]
          ], 
          [
            [-76.7685480300674, 38.4437341909802], 
            [-76.7581338807739, 38.4558210792795], 
            [-76.7097773343564, 38.4974866696742], 
            [-76.642490058869, 38.5755927893758], 
            [-76.5780896071496, 38.7547917002768], 
            [-76.6725903677512, 38.8880802207257], 
            [-76.9860310804699, 39.0070245545397], 
            [-76.9805542092093, 38.9388649366676], 
            [-76.9848259889282, 38.8856340647604], 
            [-76.9320537712645, 38.7603135376397], 
            [-76.8827529366986, 38.5433341075831], 
            [-76.839018905598, 38.4649491980471], 
            [-76.7685480300674, 38.4437341909802]
          ], 
          [
            [-75.4857011042225, 38.421224160167], 
            [-75.4758984939203, 38.433931580678], 
            [-75.3829805401198, 38.4535368012824], 
            [-75.2501057078121, 38.5116060257976], 
            [-75.1705516796163, 38.6146683322778], 
            [-75.1852466018491, 38.7141423437942], 
            [-75.3307119428019, 38.7736774632444], 
            [-75.5798960953285, 38.8160085519532], 
            [-75.7962549931734, 38.8361353793443], 
            [-75.8450072412911, 38.7170291675621], 
            [-75.8208334646926, 38.5534604738219], 
            [-75.7594187621661, 38.4706239201579], 
            [-75.579887102108, 38.4327354823567], 
            [-75.4857011042225, 38.421224160167]
          ], 
          [
            [-76.3698605806012, 38.4999957781827], 
            [-76.3220975867342, 38.6300557324861], 
            [-76.3863181740444, 38.6853910179812], 
            [-76.4272912864636, 38.7588206630432], 
            [-76.3962287029922, 38.8144976909158], 
            [-76.4084594828188, 38.9388649366676], 
            [-76.4334516424793, 38.9188460279219], 
            [-76.4634710123773, 38.8138411858221], 
            [-76.5002802637231, 38.7512303849743], 
            [-76.4691996938108, 38.5013357680314], 
            [-76.3848252994479, 38.4337697027097], 
            [-76.3409383835995, 38.421224160167], 
            [-76.3698605806012, 38.4999957781827]
          ], 
          [
            [-76.5061798163454, 38.1098159152724], 
            [-76.526099799666, 38.0917575285871], 
            [-76.498481619631, 38.0836366505111], 
            [-76.5061798163454, 38.1098159152724]
          ], 
          [
            [-75.9225108152219, 38.0028055850098], 
            [-75.9041286726001, 38.0741128300431], 
            [-75.9900319144413, 38.075632684301], 
            [-75.9358297747243, 37.9936055204785], 
            [-75.9225108152219, 38.0028055850098]
          ], 
          [
            [-75.752098280711, 37.933791611194], 
            [-75.7701656606167, 37.9537115945146], 
            [-75.7782865386927, 37.9260934144796], 
            [-75.752098280711, 37.933791611194]
          ], 
          [
            [-75.7782865386927, 37.9035833836663], 
            [-75.7782865386927, 37.9260934144796], 
            [-75.8007875762855, 37.9260934144796], 
            [-75.8007875762855, 37.9035833836663], 
            [-75.7782865386927, 37.9035833836663]
          ], 
          [
            [-116.109184091573, 37.8585723152602], 
            [-116.098158403288, 37.8700476645681], 
            [-115.975913557565, 37.893915671671], 
            [-115.792406894063, 37.9409412214602], 
            [-115.550992884014, 38.065308467212], 
            [-115.44336202154, 38.210504011551], 
            [-115.397001970065, 38.3533613185701], 
            [-115.352458549123, 38.9450972384469], 
            [-115.307294595969, 39.165637983806], 
            [-115.23842451368, 39.366834311954], 
            [-115.146981448035, 39.5443514906289], 
            [-115.002586300317, 39.7346480355785], 
            [-114.847210430417, 39.8839265020065], 
            [-114.575363362329, 40.0621541450978], 
            [-113.98689198148, 40.3034872161622], 
            [-113.796901206026, 40.4629819810337], 
            [-113.687309821491, 40.6888826857874], 
            [-113.612513206919, 41.0719848841951], 
            [-113.623125207063, 41.5920448369997], 
            [-113.721726876194, 41.8801066815782], 
            [-114.163042190645, 41.7670079410637], 
            [-114.460061282802, 41.7410984729163], 
            [-114.698786319933, 41.7899946125614], 
            [-114.95423874712, 41.9005212920241], 
            [-115.179905628142, 42.0826879656771], 
            [-115.428487234898, 42.3831694477119], 
            [-115.646446925985, 42.5925855793611], 
            [-115.850143369421, 42.5508660296437], 
            [-115.992901751015, 42.5229960394358], 
            [-116.317314192696, 42.5296150496949], 
            [-116.559915307845, 42.599825121832], 
            [-116.748305290057, 42.696870963824], 
            [-116.930435990828, 42.8438921319164], 
            [-117.15570717015, 42.953186740176], 
            [-117.448310591061, 43.1167554339162], 
            [-117.700651363969, 43.2391801440485], 
            [-117.903493451462, 43.2710611105819], 
            [-118.1142675594, 43.1989174960457], 
            [-118.495076486591, 42.9250379601339], 
            [-118.646288495418, 42.8258966977744], 
            [-119.047574985597, 42.63121146124], 
            [-119.212285818336, 42.5463694194133], 
            [-119.347480901522, 42.4056435056433], 
            [-119.567518026536, 41.7745532530303], 
            [-119.660076251518, 41.5463502838386], 
            [-119.726365279534, 41.3420872675135], 
            [-119.720897401494, 41.0741072842239], 
            [-119.63905010208, 40.8723353899663], 
            [-119.317011870601, 40.8144730095219], 
            [-119.100248277836, 40.7700734801071], 
            [-118.788003663438, 40.6797096009174], 
            [-118.529520520955, 40.5748666367859], 
            [-118.282953395583, 40.4328636857106], 
            [-118.029038809094, 40.2060906385722], 
            [-117.888969400417, 40.0171340834713], 
            [-117.782516649824, 39.7976995042288], 
            [-117.727370221958, 39.6277815968433], 
            [-117.681199028113, 39.3912688919459], 
            [-117.65108073279, 38.837358457327], 
            [-117.623336647668, 38.6747250585147], 
            [-117.528647029437, 38.4558840318227], 
            [-117.346561294768, 38.2389675543093], 
            [-117.256862913892, 38.1527855226339], 
            [-117.077538097905, 38.0198567310034], 
            [-116.900506553135, 37.9339714756032], 
            [-116.706531781017, 37.8710189323779], 
            [-116.109184091573, 37.8585723152602]
          ], 
          [
            [-77.4662420734129, 37.4984747747911], 
            [-77.4064551437898, 37.6331572444114], 
            [-77.4184880727663, 37.6889421909294], 
            [-77.5016483823669, 37.6425461665724], 
            [-77.5666783595186, 37.5167939648697], 
            [-77.4662420734129, 37.4984747747911]
          ], 
          [
            [-76.3465771328284, 37.3472807524048], 
            [-76.3714074145205, 37.3073148806773], 
            [-76.3184283527862, 37.2959204703535], 
            [-76.3465771328284, 37.3472807524048]
          ], 
          [
            [-122.118310111922, 36.9808339982904], 
            [-122.107895962628, 36.9929298798102], 
            [-122.07162630451, 37.0241723276908], 
            [-122.035536510801, 37.0660627485971], 
            [-122.040914456637, 37.1329813020456], 
            [-122.092922250561, 37.1777945196015], 
            [-122.195579862121, 37.169547736439], 
            [-122.241256428841, 37.0517185619621], 
            [-122.118310111922, 36.9808339982904]
          ], 
          [
            [-83.8804767026377, 35.540443836414], 
            [-83.8706740923354, 35.553151256925], 
            [-83.8022806507314, 35.6059324678092], 
            [-83.7806429623028, 35.7322242627396], 
            [-83.8730123296552, 35.8428318811865], 
            [-84.0669960949937, 35.8141614943576], 
            [-84.0928336173775, 35.6650808787796], 
            [-84.0244491689939, 35.5517213348718], 
            [-83.8804767026377, 35.540443836414]
          ], 
          [
            [-119.732660533857, 35.4954327680079], 
            [-119.721841689642, 35.5071149613864], 
            [-119.603940569402, 35.5627560163771], 
            [-119.45517471654, 35.6538483464241], 
            [-119.348632033741, 35.7688356632353], 
            [-119.313054853599, 36.0291444294719], 
            [-119.267818954681, 36.2889405821422], 
            [-119.116355135681, 36.336892433639], 
            [-119.044957958443, 36.3860223970161], 
            [-119.046675663551, 36.4294326721802], 
            [-119.037124863422, 36.6703160822215], 
            [-119.099798616813, 36.8843727156284], 
            [-119.217924567565, 37.1076114271257], 
            [-119.109538274572, 37.2651186902754], 
            [-119.069167707923, 37.4033804616391], 
            [-119.124431047655, 37.5610585959775], 
            [-119.067450002815, 37.7785146667186], 
            [-119.01679119196, 38.0438326567518], 
            [-119.024327510706, 38.2339583305126], 
            [-119.120339132345, 38.3734881459612], 
            [-119.310123063728, 38.418688071997], 
            [-119.550673724613, 38.4091552583086], 
            [-119.720978340478, 38.3645308983823], 
            [-119.958920967429, 38.3360583624036], 
            [-120.086687650515, 38.2481406391792], 
            [-120.18107149925, 38.0481583957934], 
            [-120.248061998462, 37.9215608313673], 
            [-120.362887437305, 37.8151710333166], 
            [-120.579381233457, 37.7635949139742], 
            [-120.854196064297, 37.8835285020388], 
            [-120.978302506655, 37.914411221101], 
            [-121.174678468636, 37.6466650615434], 
            [-121.236264042352, 37.5161824258783], 
            [-121.228332021905, 37.3160562909651], 
            [-120.991693411921, 37.1215958849422], 
            [-120.848863084564, 36.9674340998039], 
            [-120.756133988393, 36.8815218647423], 
            [-120.346654674374, 36.9425768384504], 
            [-120.184497916246, 37.1175849086167], 
            [-120.096373348951, 37.1992433504004], 
            [-119.931833387401, 37.1927232655663], 
            [-119.879384925674, 37.005106700314], 
            [-119.971673354042, 36.8306831894777], 
            [-120.104440267704, 36.7449508188253], 
            [-120.128623037523, 36.7188524930482], 
            [-120.12582614596, 36.6482647056517], 
            [-120.275833063245, 36.5382416465348], 
            [-120.309404755225, 36.4671142659107], 
            [-120.305825453482, 36.3768133392643], 
            [-120.236928391532, 36.2466184866539], 
            [-120.247126703534, 35.9894483543582], 
            [-120.06434849089, 35.7368737577178], 
            [-119.896867746249, 35.5474225754916], 
            [-119.732660533857, 35.4954327680079]
          ], 
          [
            [-76.498481619631, 35.3378895319764], 
            [-76.5061798163454, 35.3640777899581], 
            [-76.526099799666, 35.3460104100525], 
            [-76.498481619631, 35.3378895319764]
          ], 
          [
            [-106.566603765751, 35.1578452583521], 
            [-106.580363393056, 35.2678503310281], 
            [-106.629835098811, 35.3074654671577], 
            [-106.705036408304, 35.2981125178785], 
            [-106.689073441986, 35.1697972483444], 
            [-106.566603765751, 35.1578452583521]
          ], 
          [
            [-118.967454384512, 35.1578452583521], 
            [-118.909744888816, 35.2351689678737], 
            [-118.890130674991, 35.3016378602991], 
            [-118.968479611645, 35.407308200713], 
            [-119.0913539828, 35.3891508886027], 
            [-119.157310261659, 35.2824733074972], 
            [-119.089132657346, 35.1694555059669], 
            [-118.967454384512, 35.1578452583521]
          ], 
          [
            [-76.1608851167547, 35.0228030599134], 
            [-76.129642668874, 35.0590727180316], 
            [-76.0812771292361, 35.1007383084263], 
            [-76.0197005487413, 35.1722164246484], 
            [-75.9238777847319, 35.164518227934], 
            [-75.6775534763118, 35.2600711953295], 
            [-75.6538743268387, 35.2581646325918], 
            [-75.6103291533677, 35.2824643142767], 
            [-75.5636363527354, 35.3032926128639], 
            [-75.5352627421818, 35.3669016611828], 
            [-75.5445077728154, 35.4819789101986], 
            [-75.5186252843293, 35.5283569481147], 
            [-75.4977969857422, 35.5858326200794], 
            [-75.5493461254233, 35.7262077982514], 
            [-75.6103291533677, 35.7534212833656], 
            [-75.6311574519548, 35.7775950599641], 
            [-75.6590364353831, 35.8016159518148], 
            [-75.702131947831, 35.7981535619374], 
            [-75.6946136155259, 35.7045251437205], 
            [-75.7249747278014, 35.5653370706494], 
            [-75.9148755710507, 35.5221965920991], 
            [-76.030762209908, 35.3608042577104], 
            [-76.1054598990551, 35.3274753826829], 
            [-76.1518379369712, 35.3016018874172], 
            [-76.2058961851608, 35.3059456128998], 
            [-76.2867632235439, 35.2994435145067], 
            [-76.4450439036532, 35.3281408809969], 
            [-76.4393511951015, 35.2572383308843], 
            [-76.5289776302134, 35.0965924337939], 
            [-76.6019126481501, 35.0337568024345], 
            [-76.549347274557, 35.0123889106198], 
            [-76.4698921717862, 35.1046233796653], 
            [-76.2802611251507, 35.0349798804172], 
            [-76.1608851167547, 35.0228030599134]
          ], 
          [
            [-106.589113796564, 34.7752376870697], 
            [-106.579922725254, 34.7885566465721], 
            [-106.532087785623, 34.821579752104], 
            [-106.512401626034, 34.9403712011701], 
            [-106.590381840649, 35.0601249248255], 
            [-106.677741984205, 35.1204424544558], 
            [-106.713427082993, 35.025060358249], 
            [-106.733338073094, 34.8756739731754], 
            [-106.664737787419, 34.7871626974006], 
            [-106.589113796564, 34.7752376870697]
          ], 
          [
            [-116.851889203324, 33.784976195695], 
            [-116.826933016545, 33.8431173659737], 
            [-116.850576193137, 33.9369526282613], 
            [-116.958009204761, 33.9740136897801], 
            [-117.018416666596, 33.8843332953453], 
            [-116.948710214805, 33.7957141009251], 
            [-116.851889203324, 33.784976195695]
          ], 
          [
            [-110.347623444067, 35.2478673951642], 
            [-110.381815668258, 35.258695232599], 
            [-110.539727626329, 35.3276012877693], 
            [-111.017879171786, 35.7836295108933], 
            [-111.243905781626, 35.9494195300873], 
            [-111.552013514612, 36.0629499451839], 
            [-111.924593645081, 36.0914134879422], 
            [-112.246029330789, 36.0434886161068], 
            [-112.787421202526, 35.882680841048], 
            [-112.936780607939, 35.6927440249169], 
            [-113.023187470126, 35.5096510495564], 
            [-113.013726602201, 35.2708720531028], 
            [-112.918335512774, 34.998710222299], 
            [-112.688783560513, 34.5649042469335], 
            [-112.534028222824, 34.4215163399072], 
            [-112.296652168763, 34.3290750267911], 
            [-111.954729926845, 34.2337648763481], 
            [-111.646379376907, 34.1846439061914], 
            [-111.186834804583, 34.2028641708449], 
            [-110.714510865984, 34.2771301854098], 
            [-110.272053412535, 34.3997617396127], 
            [-109.918161194184, 34.5301274634118], 
            [-109.616573546032, 34.78695585333], 
            [-109.582417294722, 34.7855978770405], 
            [-109.548279029853, 34.78695585333], 
            [-109.469894120317, 34.7302266186636], 
            [-109.460694055786, 34.7169166523816], 
            [-109.434074123222, 34.6985255165395], 
            [-109.382192234384, 34.6233871595898], 
            [-109.346111433895, 34.631472064784], 
            [-109.302602233306, 34.6217234138046], 
            [-109.289840853473, 34.6402044818514], 
            [-109.257483246255, 34.6091149187186], 
            [-109.167578021309, 34.3874590140223], 
            [-109.121622664754, 34.1631141364083], 
            [-109.066656101298, 33.7133092218432], 
            [-108.93338556729, 33.6446459836253], 
            [-108.455090130305, 33.7057818963175], 
            [-108.166057017917, 33.7116814489398], 
            [-107.912933834829, 33.6704745127886], 
            [-107.635870698874, 33.586630718433], 
            [-107.667239051841, 33.7890051584613], 
            [-107.75993217513, 33.9800661271501], 
            [-107.960274147334, 34.3175547113809], 
            [-108.136604220908, 34.5661093384753], 
            [-108.314013480937, 34.7507671341959], 
            [-108.857716610333, 35.2206269303886], 
            [-109.496172310504, 35.8869166478851], 
            [-109.816465857213, 36.2836975346136], 
            [-110.134079424226, 36.739635825533], 
            [-110.375430481731, 37.0313938837208], 
            [-110.810954162205, 37.3618677559923], 
            [-111.054328694314, 37.5094554969737], 
            [-111.190863767349, 37.5122433953165], 
            [-111.193552740267, 37.3804297630232], 
            [-111.124538766451, 37.2054486725183], 
            [-110.792338195851, 36.5995484304158], 
            [-110.602050644122, 36.1663899669235], 
            [-110.456081682823, 35.7399134662336], 
            [-110.403669193978, 35.5069171105363], 
            [-110.347623444067, 35.2478673951642]
          ], 
          [
            [-117.347019949011, 33.5374018296308], 
            [-117.336398955647, 33.5492908670799], 
            [-117.257771229159, 33.6195459053193], 
            [-117.213245794658, 33.7637342089666], 
            [-117.141929556404, 33.8274511759311], 
            [-117.086387426838, 33.8896213089763], 
            [-117.091567521824, 33.9764868254068], 
            [-117.355491562685, 34.1240026206245], 
            [-117.549232511071, 34.3408381591538], 
            [-117.668869322861, 34.3807500715586], 
            [-117.699976872435, 34.1151532916911], 
            [-117.74847731038, 33.9799941813864], 
            [-117.739097381439, 33.8226847690869], 
            [-117.547173063586, 33.7006287809935], 
            [-117.458940577645, 33.5490660365684], 
            [-117.347019949011, 33.5374018296308]
          ], 
          [
            [-111.990567910381, 33.3798585935993], 
            [-112.00597329703, 33.4337369773797], 
            [-112.04558843316, 33.3955967294056], 
            [-111.990567910381, 33.3798585935993]
          ], 
          [
            [-115.253955805416, 33.0647811147567], 
            [-115.243541656122, 33.0768680030559], 
            [-115.115442223879, 33.100232389813], 
            [-114.986371523827, 33.1722500992627], 
            [-114.83535736585, 33.382565552958], 
            [-114.75416657153, 33.5645073960995], 
            [-114.774167493835, 33.8134037655714], 
            [-114.891807810682, 33.9636175269274], 
            [-115.041320100842, 34.0572639315853], 
            [-115.26203171739, 34.0395293008366], 
            [-115.419395089012, 33.9517284894783], 
            [-115.604043891512, 33.7936006941168], 
            [-115.761641086867, 33.56725032834], 
            [-115.814934911317, 33.6291056986692], 
            [-115.946811496154, 33.6688107670034], 
            [-116.104822379649, 33.6561123397128], 
            [-116.307358697646, 33.5817384065023], 
            [-116.467240170997, 33.4494841064065], 
            [-116.45363342844, 33.2801687447918], 
            [-116.281125473562, 33.1315377902369], 
            [-116.087699287892, 33.1470870684135], 
            [-115.917367692365, 33.2804835075079], 
            [-115.892852173389, 33.1990588894562], 
            [-115.667904750004, 33.1378330445594], 
            [-115.551667375549, 33.0951422270322], 
            [-115.253955805416, 33.0647811147567]
          ], 
          [
            [-79.5593062170083, 32.9522489471313], 
            [-79.5670044137227, 32.9784282118925], 
            [-79.5869243970432, 32.9603698252074], 
            [-79.5593062170083, 32.9522489471313]
          ], 
          [
            [-112.0580890096, 32.7721956802865], 
            [-112.006512890258, 32.8502478406654], 
            [-112.030497809226, 32.9572671641484], 
            [-112.137022505584, 32.9333901638251], 
            [-112.188256882549, 32.8591871018034], 
            [-112.156411888897, 32.7833832465397], 
            [-112.0580890096, 32.7721956802865]
          ], 
          [
            [-114.74401322563, 31.6730802484548], 
            [-114.76393320895, 31.6550128685491], 
            [-114.736315028915, 31.6468919904731], 
            [-114.74401322563, 31.6730802484548]
          ], 
          [
            [-106.544102728158, 31.2642934124111], 
            [-106.533481734794, 31.2761734566398], 
            [-106.497823615667, 31.3080364367323], 
            [-106.446697157348, 31.3652513053036], 
            [-106.417190401016, 31.8048489146458], 
            [-106.488470666388, 31.837566250682], 
            [-106.554723721522, 31.8838453631731], 
            [-106.622172874978, 31.9050783566809], 
            [-106.658172736483, 31.3307083455138], 
            [-106.544102728158, 31.2642934124111]
          ], 
          [
            [-97.5866752848365, 30.274022927816], 
            [-97.5774842135256, 30.2873328940979], 
            [-97.4889099852076, 30.3100677554227], 
            [-97.4281338013338, 30.398102390513], 
            [-97.4705997883495, 30.4992131681533], 
            [-97.5702986303774, 30.5365170466245], 
            [-97.6316234006993, 30.52276641254], 
            [-97.7102241475263, 30.4618553303593], 
            [-97.7309085545861, 30.3093123249039], 
            [-97.6183763869606, 30.2873328940979], 
            [-97.5866752848365, 30.274022927816]
          ], 
          [
            [-89.7770705553618, 30.1389897225977], 
            [-89.792475942011, 30.1928591131576], 
            [-89.8320910781407, 30.1547188651836], 
            [-89.7770705553618, 30.1389897225977]
          ], 
          [
            [-90.0696469966116, 30.0489585925651], 
            [-90.059232847318, 30.0610544740848], 
            [-89.9900390090929, 30.0818827726719], 
            [-89.8409763799559, 30.2051798251888], 
            [-89.9955878261172, 30.2403073443086], 
            [-90.035050077499, 30.2861098161152], 
            [-90.0790898780953, 30.3240612064596], 
            [-90.1808931337111, 30.3547101017899], 
            [-90.2217943003667, 30.3514185831012], 
            [-90.3017800031446, 30.2585815682849], 
            [-90.4155892080755, 30.1605284856012], 
            [-90.367214675217, 30.0738338403595], 
            [-90.0696469966116, 30.0489585925651]
          ], 
          [
            [-89.5069951517048, 29.5988389152838], 
            [-89.5146933484193, 29.6250271732655], 
            [-89.5346133317398, 29.6069597933599], 
            [-89.5069951517048, 29.5988389152838]
          ], 
          [
            [-99.1846086827445, 29.1487192380025], 
            [-99.1741945334509, 29.1608061263018], 
            [-99.0824996576331, 29.1816434181093], 
            [-98.7895185214625, 29.2693902701449], 
            [-98.5130759177194, 29.2947961179466], 
            [-98.4412380726789, 29.3781812580587], 
            [-98.4765094833259, 29.4742198593591], 
            [-98.4973377819131, 29.5434136975841], 
            [-98.5403073892745, 29.6604334822195], 
            [-98.5727729151379, 29.8033177689], 
            [-98.5611716607435, 29.9476859369565], 
            [-98.5699580371336, 30.0570434977593], 
            [-98.6662574418274, 30.2296413848421], 
            [-98.8374074204161, 30.3525337424384], 
            [-99.0598007691901, 30.4759387136008], 
            [-99.510109304101, 29.8793284682343], 
            [-99.628720888758, 29.735940561208], 
            [-99.7222773612112, 29.6553343262183], 
            [-99.6082703054302, 29.3985149295204], 
            [-99.4800719477621, 29.217706232157], 
            [-99.3520354680624, 29.1605723025698], 
            [-99.1846086827445, 29.1487192380025]
          ], 
          [
            [-96.6787377335595, 28.514868066708], 
            [-96.6588177502389, 28.5329354466136], 
            [-96.6864359302739, 28.5410563246897], 
            [-96.6787377335595, 28.514868066708]
          ], 
          [
            [-98.4644136018062, 25.4127106280931], 
            [-98.4533879135213, 25.424185977401], 
            [-98.2483424870161, 25.6212004580348], 
            [-98.1302435159255, 25.7805153584971], 
            [-98.0932903730522, 25.9562698659617], 
            [-98.4199241401869, 26.6859078283837], 
            [-98.6319393125492, 26.9384734318035], 
            [-98.6567336213595, 27.5715331996975], 
            [-98.7270336257012, 27.8458444101914], 
            [-98.8557625833765, 28.0154925209632], 
            [-99.0448540367843, 28.1971645674909], 
            [-99.2890559451757, 28.3421262880978], 
            [-99.4476154151192, 28.3720377393503], 
            [-99.6286309565534, 28.3256417149933], 
            [-99.8383798373595, 28.1834588995087], 
            [-100.105928146067, 27.9674957033641], 
            [-100.493787758099, 27.5637990301012], 
            [-100.335632983076, 27.3029956367393], 
            [-100.135398929517, 27.0549446299908], 
            [-99.9228081910451, 26.873857142793], 
            [-99.4472736727417, 26.6042493866], 
            [-99.2702421279717, 26.4199872925795], 
            [-99.1163591326678, 26.0712391963319], 
            [-99.0108326837813, 25.8664006138973], 
            [-98.8271821287522, 25.6388991159016], 
            [-98.5453795656144, 25.4389798250589], 
            [-98.4644136018062, 25.4127106280931]
          ], 
          [
            [-80.6846099068217, 24.9400809199985], 
            [-80.6923081035361, 24.9662691779803], 
            [-80.7122280868567, 24.9482017980746], 
            [-80.6846099068217, 24.9400809199985]
          ], 
          [
            [-80.7235505514167, 24.9073006314191], 
            [-80.7430028872733, 24.9468258353441], 
            [-80.7521310060411, 24.8950698515924], 
            [-80.7235505514167, 24.9073006314191]
          ]
        ]
      }, 
      "properties" : {
        "OBJECTID" : 100, 
        "Id" : 100, 
        "gridcode" : 1, 
        "Unixtime" : 1791626400, 
        "Timestamp" : 1791626400000, 
        "Shape__Area" : 15557626618214.014, 
        "Shape__Length" : 79331458.200025052
      }
    }, 
    {
      "type" : "Feature", 
      "id" : 101, 
      "geometry" : 
      {
        "type" : "Polygon", 
        "coordinates" : 
        [
          [
            [-100.197380204932, 19.9887464834635], 
            [-102.089122115293, 19.9994304293709], 
            [-102.364602444447, 20.2455658801613], 
            [-102.53914286715, 20.4954425106634], 
            [-102.634875698954, 20.7256060019155], 
            [-102.683672913174, 20.9540068219574], 
            [-102.655937821273, 21.2372662868098], 
            [-102.55554650127, 21.4984114225492], 
            [-102.379980851435, 21.7235027374614], 
            [-102.216385178033, 21.8502801662967], 
            [-102.074670010013, 21.9272891131022], 
            [-101.872385502189, 21.9998733954409], 
            [-101.60401881042, 22.0315655043446], 
            [-101.237212327487, 21.9882451613852], 
            [-100.828038782963, 22.0426541451727], 
            [-100.65562076029, 22.0529333961594], 
            [-100.377325553132, 22.0157104566723], 
            [-100.177010560589, 21.923772763902], 
            [-99.9402640319594, 21.7122432254446], 
            [-99.830016142331, 21.4617640491716], 
            [-99.7923525350414, 21.2141986763279], 
            [-99.8342879220499, 20.9006680314046], 
            [-99.9778646867059, 20.5005326734442], 
            [-100.022893741553, 20.3069985691287], 
            [-100.098751556139, 20.1417121702805], 
            [-100.197380204932, 19.9887464834635]
          ]
        ]
      }, 
      "properties" : {
        "OBJECTID" : 101, 
        "Id" : 101, 
        "gridcode" : 1, 
        "Unixtime" : 1791626400, 
        "Timestamp" : 1791626400000, 
        "Shape__Area" : 67794001796.150391, 
        "Shape__Length" : 957597.41481933533
      }
    }
  ]
}