        Lon,        Lat, YearDay, Time,       Satellite,           Method, Ecosystem,        FRP
 -87.604446,  46.572498, 2026284, 0201,       GOES-EAST,             NGFS,        23,     11.570
 -98.055557,  46.629166, 2026284, 0201,       GOES-EAST,             NGFS,        94,      3.280
-119.800550,  45.793335, 2026284, 0201,       GOES-EAST,             NGFS,        52,      5.230
-119.751660,  45.788887, 2026284, 0201,       GOES-EAST,             NGFS,        52,      4.620
 -91.120834,  41.567223, 2026284, 0201,       GOES-EAST,             NGFS,        55,      2.680
-105.405280,  38.993057, 2026284, 0201,       GOES-EAST,             NGFS,        40,     10.580
 -94.340553,  37.848888, 2026284, 0201,       GOES-EAST,             NGFS,         1,     10.480
 -96.791115,  37.474998, 2026284, 0201,       GOES-EAST,             NGFS,         7,      5.280
-121.915280,  38.820000, 2026284, 0201,       GOES-EAST,             NGFS,        91,      6.730
-121.870550,  38.816387, 2026284, 0201,       GOES-EAST,             NGFS,        91,      5.710
 -92.068054,  36.556110, 2026284, 0201,       GOES-EAST,             NGFS,        57,      6.040
 -94.217499,  35.943333, 2026284, 0201,       GOES-EAST,             NGFS,        91,      1.770
 -92.948891,  33.999168, 2026284, 0201,       GOES-EAST,             NGFS,        26,      2.350
 -96.427223,  34.069168, 2026284, 0201,       GOES-EAST,             NGFS,        91,      2.870
 -97.357498,  34.079445, 2026284, 0201,       GOES-EAST,             NGFS,        91,      8.480
 -90.411392,  31.968889, 2026284, 0201,       GOES-EAST,             NGFS,        27,      3.230
 -89.365555,  31.662500, 2026284, 0201,       GOES-EAST,             NGFS,        27,      4.200
 -96.512779,  31.802221, 2026284, 0201,       GOES-EAST,             NGFS,        31,      9.190
 -94.776665,  31.603611, 2026284, 0201,       GOES-EAST,             NGFS,        27,      3.330
 -89.090279,  31.400278, 2026284, 0201,       GOES-EAST,             NGFS,        27,      3.370
 -96.097778,  31.530834, 2026284, 0201,       GOES-EAST,             NGFS,        31,     14.100
 -96.889442,  30.057501, 2026284, 0201,       GOES-EAST,             NGFS,        31,      2.360
 -96.865280,  30.056667, 2026284, 0201,       GOES-EAST,             NGFS,        31,      1.670
 -71.618057,  19.817223, 2026284, 0201,       GOES-EAST,             NGFS,        13,      5.940
-118.424450,  46.346390, 2026284, 0201,       GOES-WEST,             NGFS,        31,     32.110
-119.803060,  45.815277, 2026284, 0201,       GOES-WEST,             NGFS,        31,      9.290
-114.102500,  42.348888, 2026284, 0201,       GOES-WEST,             NGFS,        52,      3.060
-121.884160,  38.816387, 2026284, 0201,       GOES-WEST,             NGFS,        91,      9.930
-105.398330,  38.982498, 2026284, 0201,       GOES-WEST,             NGFS,        40,      3.830
 -91.192189,  41.566130, 2026284, 0206,       GOES-EAST,         ANALYSIS,        35,   -999.000
 -87.612778,  46.604443, 2026284, 0206,       GOES-EAST,             NGFS,        23,     10.270
 -96.781670,  37.448612, 2026284, 0206,       GOES-EAST,             NGFS,         7,      2.580
 -90.416115,  31.992500, 2026284, 0206,       GOES-EAST,             NGFS,        27,      1.760
 -98.055557,  46.629166, 2026284, 0206,       GOES-EAST,             NGFS,        94,      3.630
-119.800552,  45.793335, 2026284, 0206,       GOES-EAST,             NGFS,        52,      2.720
 -91.120834,  41.567223, 2026284, 0206,       GOES-EAST,             NGFS,        55,      1.780
-105.405281,  38.993057, 2026284, 0206,       GOES-EAST,             NGFS,        40,      4.040
 -94.340553,  37.848888, 2026284, 0206,       GOES-EAST,             NGFS,         1,      9.660
 -96.791115,  37.474998, 2026284, 0206,       GOES-EAST,             NGFS,         7,      2.660
-121.915276,  38.820000, 2026284, 0206,       GOES-EAST,             NGFS,        91,      4.740
-121.870552,  38.816387, 2026284, 0206,       GOES-EAST,             NGFS,        91,      4.480
 -92.068054,  36.556110, 2026284, 0206,       GOES-EAST,             NGFS,        57,      5.100
 -94.217499,  35.943333, 2026284, 0206,       GOES-EAST,             NGFS,        91,      1.040
 -92.948891,  33.999168, 2026284, 0206,       GOES-EAST,             NGFS,        26,      2.700
 -96.427223,  34.069168, 2026284, 0206,       GOES-EAST,             NGFS,        91,      2.360
 -97.357498,  34.079445, 2026284, 0206,       GOES-EAST,             NGFS,        91,      6.430
 -90.411392,  31.968889, 2026284, 0206,       GOES-EAST,             NGFS,        27,      1.390
 -89.365555,  31.662500, 2026284, 0206,       GOES-EAST,             NGFS,        27,      4.790
 -96.512779,  31.802221, 2026284, 0206,       GOES-EAST,             NGFS,        31,      9.500
 -94.776665,  31.603611, 2026284, 0206,       GOES-EAST,             NGFS,        27,      3.070
 -89.090279,  31.400278, 2026284, 0206,       GOES-EAST,             NGFS,        27,      3.460
 -96.097778,  31.530834, 2026284, 0206,       GOES-EAST,             NGFS,        31,     12.470
 -96.889442,  30.057501, 2026284, 0206,       GOES-EAST,             NGFS,        31,      2.300
 -96.865280,  30.056667, 2026284, 0206,       GOES-EAST,             NGFS,        31,      1.810
 -71.618057,  19.817223, 2026284, 0206,       GOES-EAST,             NGFS,        13,      3.470
-118.424446,  46.346390, 2026284, 0206,       GOES-WEST,             NGFS,        31,      4.790
-119.803055,  45.815277, 2026284, 0206,       GOES-WEST,             NGFS,        31,      8.160
-114.102501,  42.348888, 2026284, 0206,       GOES-WEST,             NGFS,        52,      3.980
-121.884163,  38.816387, 2026284, 0206,       GOES-WEST,             NGFS,        91,      9.450
-105.398331,  38.982498, 2026284, 0206,       GOES-WEST,             NGFS,        40,      5.620
 -87.641945,  46.605556, 2026284, 0211,       GOES-EAST,             NGFS,        23,      3.110
 -96.519722,  31.826111, 2026284, 0211,       GOES-EAST,             NGFS,        31,      4.440
 -87.612778,  46.604443, 2026284, 0211,       GOES-EAST,             NGFS,        23,      3.030
 -87.604446,  46.572498, 2026284, 0211,       GOES-EAST,             NGFS,        23,      3.460
 -91.120834,  41.567223, 2026284, 0211,       GOES-EAST,             NGFS,        55,      2.010
-105.405281,  38.993057, 2026284, 0211,       GOES-EAST,             NGFS,        40,      7.330
 -94.340553,  37.848888, 2026284, 0211,       GOES-EAST,             NGFS,         1,      8.390
 -96.791115,  37.474998, 2026284, 0211,       GOES-EAST,             NGFS,         7,      4.760
-121.915276,  38.820000, 2026284, 0211,       GOES-EAST,             NGFS,        91,     10.130
 -92.068054,  36.556110, 2026284, 0211,       GOES-EAST,             NGFS,        57,      6.840
 -94.217499,  35.943333, 2026284, 0211,       GOES-EAST,             NGFS,        91,      0.920
 -92.948891,  33.999168, 2026284, 0211,       GOES-EAST,             NGFS,        26,      2.190
 -96.427223,  34.069168, 2026284, 0211,       GOES-EAST,             NGFS,        91,      2.160
 -97.357498,  34.079445, 2026284, 0211,       GOES-EAST,             NGFS,        91,      6.910
 -90.411392,  31.968889, 2026284, 0211,       GOES-EAST,             NGFS,        27,      3.410
 -89.365555,  31.662500, 2026284, 0211,       GOES-EAST,             NGFS,        27,      3.550
 -96.512779,  31.802221, 2026284, 0211,       GOES-EAST,             NGFS,        31,      5.430
 -94.776665,  31.603611, 2026284, 0211,       GOES-EAST,             NGFS,        27,      3.780
 -89.090279,  31.400278, 2026284, 0211,       GOES-EAST,             NGFS,        27,      2.900
 -96.097778,  31.530834, 2026284, 0211,       GOES-EAST,             NGFS,        31,     14.890
-118.424446,  46.346390, 2026284, 0211,       GOES-WEST,             NGFS,        31,      0.920
-119.803055,  45.815277, 2026284, 0211,       GOES-WEST,             NGFS,        31,      2.290
-114.102501,  42.348888, 2026284, 0211,       GOES-WEST,             NGFS,        52,     40.560
-121.884163,  38.816387, 2026284, 0211,       GOES-WEST,             NGFS,        91,      8.700
-105.398331,  38.982498, 2026284, 0211,       GOES-WEST,             NGFS,        40,      4.470
 -87.604446,  46.572498, 2026284, 0216,       GOES-EAST,             NGFS,        23,      9.170
 -91.120834,  41.567223, 2026284, 0216,       GOES-EAST,             NGFS,        55,      2.000
-105.405281,  38.993057, 2026284, 0216,       GOES-EAST,             NGFS,        40,      3.800
 -94.340553,  37.848888, 2026284, 0216,       GOES-EAST,             NGFS,         1,      8.200
 -96.791115,  37.474998, 2026284, 0216,       GOES-EAST,             NGFS,         7,      4.740
-121.915276,  38.820000, 2026284, 0216,       GOES-EAST,             NGFS,        91,      5.320
-121.870552,  38.816387, 2026284, 0216,       GOES-EAST,             NGFS,        91,      5.370
 -92.068054,  36.556110, 2026284, 0216,       GOES-EAST,             NGFS,        57,      6.400
 -92.948891,  33.999168, 2026284, 0216,       GOES-EAST,             NGFS,        26,      1.640
 -96.427223,  34.069168, 2026284, 0216,       GOES-EAST,             NGFS,        91,      2.530
 -97.357498,  34.079445, 2026284, 0216,       GOES-EAST,             NGFS,        91,      6.570
 -90.411392,  31.968889, 2026284, 0216,       GOES-EAST,             NGFS,        27,      2.770
 -89.365555,  31.662500, 2026284, 0216,       GOES-EAST,             NGFS,        27,      3.590
 -96.519722,  31.826111, 2026284, 0216,       GOES-EAST,             NGFS,        31,      4.380
 -96.512779,  31.802221, 2026284, 0216,       GOES-EAST,             NGFS,        31,      5.240
 -94.776665,  31.603611, 2026284, 0216,       GOES-EAST,             NGFS,        27,      3.870
 -89.090279,  31.400278, 2026284, 0216,       GOES-EAST,             NGFS,        27,      2.740
 -96.097778,  31.530834, 2026284, 0216,       GOES-EAST,             NGFS,        31,     14.630
-118.424446,  46.346390, 2026284, 0216,       GOES-WEST,             NGFS,        31,      0.000
-119.803055,  45.815277, 2026284, 0216,       GOES-WEST,             NGFS,        31,      4.330
-114.102501,  42.348888, 2026284, 0216,       GOES-WEST,             NGFS,        52,     23.590
-121.884163,  38.816387, 2026284, 0216,       GOES-WEST,             NGFS,        91,      8.950
-105.398331,  38.982498, 2026284, 0216,       GOES-WEST,             NGFS,        40,      3.290
 -87.612778,  46.604443, 2026284, 0221,       GOES-EAST,             NGFS,        23,      6.670
 -87.604446,  46.572498, 2026284, 0221,       GOES-EAST,             NGFS,        23,      3.870
 -91.120834,  41.567223, 2026284, 0221,       GOES-EAST,             NGFS,        55,      1.590
-105.405281,  38.993057, 2026284, 0221,       GOES-EAST,             NGFS,        40,      3.490
 -94.340553,  37.848888, 2026284, 0221,       GOES-EAST,             NGFS,         1,      9.220
 -96.791115,  37.474998, 2026284, 0221,       GOES-EAST,             NGFS,         7,      4.120
-121.915276,  38.820000, 2026284, 0221,       GOES-EAST,             NGFS,        91,      9.980
 -92.068054,  36.556110, 2026284, 0221,       GOES-EAST,             NGFS,        57,      4.750
 -92.948891,  33.999168, 2026284, 0221,       GOES-EAST,             NGFS,        26,      1.620
 -96.427223,  34.069168, 2026284, 0221,       GOES-EAST,             NGFS,        91,      2.910
 -97.357498,  34.079445, 2026284, 0221,       GOES-EAST,             NGFS,        91,      7.160
 -90.416115,  31.992500, 2026284, 0221,       GOES-EAST,             NGFS,        27,      1.150
 -90.411392,  31.968889, 2026284, 0221,       GOES-EAST,             NGFS,        27,      1.390
 -89.365555,  31.662500, 2026284, 0221,       GOES-EAST,             NGFS,        27,      5.340
 -96.512779,  31.802221, 2026284, 0221,       GOES-EAST,             NGFS,        31,      6.880
 -94.776665,  31.603611, 2026284, 0221,       GOES-EAST,             NGFS,        27,      3.000
 -89.090279,  31.400278, 2026284, 0221,       GOES-EAST,             NGFS,        27,      2.660
 -96.097778,  31.530834, 2026284, 0221,       GOES-EAST,             NGFS,        31,     12.900
-119.803055,  45.815277, 2026284, 0221,       GOES-WEST,             NGFS,        31,      1.690
-114.102501,  42.348888, 2026284, 0221,       GOES-WEST,             NGFS,        52,      4.370
-121.884163,  38.816387, 2026284, 0221,       GOES-WEST,             NGFS,        91,      8.250
-105.398331,  38.982498, 2026284, 0221,       GOES-WEST,             NGFS,        40,      4.140
 -87.612778,  46.604443, 2026284, 0226,       GOES-EAST,             NGFS,        23,      6.660
 -87.604446,  46.572498, 2026284, 0226,       GOES-EAST,             NGFS,        23,      3.790
 -91.120834,  41.567223, 2026284, 0226,       GOES-EAST,             NGFS,        55,      1.960
-105.405281,  38.993057, 2026284, 0226,       GOES-EAST,             NGFS,        40,      3.320
 -94.340553,  37.848888, 2026284, 0226,       GOES-EAST,             NGFS,         1,      9.320
 -96.791115,  37.474998, 2026284, 0226,       GOES-EAST,             NGFS,         7,      4.470
-121.915276,  38.820000, 2026284, 0226,       GOES-EAST,             NGFS,        91,      3.830
-121.870552,  38.816387, 2026284, 0226,       GOES-EAST,             NGFS,        91,      3.990
 -92.068054,  36.556110, 2026284, 0226,       GOES-EAST,             NGFS,        57,      4.580
 -92.948891,  33.999168, 2026284, 0226,       GOES-EAST,             NGFS,        26,      1.910
 -96.427223,  34.069168, 2026284, 0226,       GOES-EAST,             NGFS,        91,      1.720
 -97.357498,  34.079445, 2026284, 0226,       GOES-EAST,             NGFS,        91,      6.230
 -90.416115,  31.992500, 2026284, 0226,       GOES-EAST,             NGFS,        27,      1.150
 -90.411392,  31.968889, 2026284, 0226,       GOES-EAST,             NGFS,        27,      1.390
 -89.365555,  31.662500, 2026284, 0226,       GOES-EAST,             NGFS,        27,      4.470
 -96.512779,  31.802221, 2026284, 0226,       GOES-EAST,             NGFS,        31,      8.190
 -94.776665,  31.603611, 2026284, 0226,       GOES-EAST,             NGFS,        27,      2.740
 -89.090279,  31.400278, 2026284, 0226,       GOES-EAST,             NGFS,        27,      2.970
 -96.097778,  31.530834, 2026284, 0226,       GOES-EAST,             NGFS,        31,     12.710
-119.803055,  45.815277, 2026284, 0226,       GOES-WEST,             NGFS,        31,      3.540
-114.102501,  42.348888, 2026284, 0226,       GOES-WEST,             NGFS,        52,      3.990
-121.884163,  38.816387, 2026284, 0226,       GOES-WEST,             NGFS,        91,      7.740
-105.398331,  38.982498, 2026284, 0226,       GOES-WEST,             NGFS,        40,      5.660
 -87.641945,  46.605556, 2026284, 0231,       GOES-EAST,             NGFS,        23,      4.470
 -87.604446,  46.572498, 2026284, 0231,       GOES-EAST,             NGFS,        23,      4.220
-105.405281,  38.993057, 2026284, 0231,       GOES-EAST,             NGFS,        40,      3.030
 -94.340553,  37.848888, 2026284, 0231,       GOES-EAST,             NGFS,         1,      7.620
 -96.791115,  37.474998, 2026284, 0231,       GOES-EAST,             NGFS,         7,      2.390
-121.915276,  38.820000, 2026284, 0231,       GOES-EAST,             NGFS,        91,      9.050
 -92.068054,  36.556110, 2026284, 0231,       GOES-EAST,             NGFS,        57,      6.310
 -92.948891,  33.999168, 2026284, 0231,       GOES-EAST,             NGFS,        26,      1.500
 -96.427223,  34.069168, 2026284, 0231,       GOES-EAST,             NGFS,        91,      1.960
 -97.357498,  34.079445, 2026284, 0231,       GOES-EAST,             NGFS,        91,      5.710
 -89.365555,  31.662500, 2026284, 0231,       GOES-EAST,             NGFS,        27,      4.010
 -96.519722,  31.826111, 2026284, 0231,       GOES-EAST,             NGFS,        31,      4.020
 -96.512779,  31.802221, 2026284, 0231,       GOES-EAST,             NGFS,        31,      4.470
 -94.776665,  31.603611, 2026284, 0231,       GOES-EAST,             NGFS,        27,      3.180
 -89.090279,  31.400278, 2026284, 0231,       GOES-EAST,             NGFS,        27,      2.060
 -96.097778,  31.530834, 2026284, 0231,       GOES-EAST,             NGFS,        31,     13.830
-119.803055,  45.815277, 2026284, 0231,       GOES-WEST,             NGFS,        31,      2.410
-114.102501,  42.348888, 2026284, 0231,       GOES-WEST,             NGFS,        52,      2.050
-121.884163,  38.816387, 2026284, 0231,       GOES-WEST,             NGFS,        91,      8.620
-105.398331,  38.982498, 2026284, 0231,       GOES-WEST,             NGFS,        40,      7.950
 -90.199165,  31.240833, 2026284, 0236,       GOES-EAST,             NGFS,        27,      3.880
 -87.641945,  46.605556, 2026284, 0236,       GOES-EAST,             NGFS,        23,      4.950
 -87.612778,  46.604443, 2026284, 0236,       GOES-EAST,             NGFS,        23,      6.410
-105.405281,  38.993057, 2026284, 0236,       GOES-EAST,             NGFS,        40,      5.960
 -94.340553,  37.848888, 2026284, 0236,       GOES-EAST,             NGFS,         1,      6.030
 -96.791115,  37.474998, 2026284, 0236,       GOES-EAST,             NGFS,         7,      2.560
-121.915276,  38.820000, 2026284, 0236,       GOES-EAST,             NGFS,        91,      9.450
 -92.068054,  36.556110, 2026284, 0236,       GOES-EAST,             NGFS,        57,      7.810
 -92.948891,  33.999168, 2026284, 0236,       GOES-EAST,             NGFS,        26,      1.410
 -97.357498,  34.079445, 2026284, 0236,       GOES-EAST,             NGFS,        91,      6.270
 -89.365555,  31.662500, 2026284, 0236,       GOES-EAST,             NGFS,        27,      5.680
 -96.519722,  31.826111, 2026284, 0236,       GOES-EAST,             NGFS,        31,      7.740
 -94.776665,  31.603611, 2026284, 0236,       GOES-EAST,             NGFS,        27,      4.450
 -89.090279,  31.400278, 2026284, 0236,       GOES-EAST,             NGFS,        27,      1.940
 -96.097778,  31.530834, 2026284, 0236,       GOES-EAST,             NGFS,        31,     12.390
-114.102501,  42.348888, 2026284, 0236,       GOES-WEST,             NGFS,        52,      2.600
-121.884163,  38.816387, 2026284, 0236,       GOES-WEST,             NGFS,        91,      7.720
-105.398331,  38.982498, 2026284, 0236,       GOES-WEST,             NGFS,        40,      3.850
 -90.194725,  31.217501, 2026284, 0241,       GOES-EAST,             NGFS,        27,      3.810
 -87.641945,  46.605556, 2026284, 0241,       GOES-EAST,             NGFS,        23,      3.480
 -87.612778,  46.604443, 2026284, 0241,       GOES-EAST,             NGFS,        23,      3.740
 -87.604446,  46.572498, 2026284, 0241,       GOES-EAST,             NGFS,        23,      4.070
-105.405281,  38.993057, 2026284, 0241,       GOES-EAST,             NGFS,        40,      6.040
 -94.340553,  37.848888, 2026284, 0241,       GOES-EAST,             NGFS,         1,      7.950
 -96.791115,  37.474998, 2026284, 0241,       GOES-EAST,             NGFS,         7,      2.040
-121.915276,  38.820000, 2026284, 0241,       GOES-EAST,             NGFS,        91,     10.840
 -92.068054,  36.556110, 2026284, 0241,       GOES-EAST,             NGFS,        57,      5.440
 -92.948891,  33.999168, 2026284, 0241,       GOES-EAST,             NGFS,        26,      1.270
 -97.357498,  34.079445, 2026284, 0241,       GOES-EAST,             NGFS,        91,      6.660
 -89.365555,  31.662500, 2026284, 0241,       GOES-EAST,             NGFS,        27,      5.390
 -96.519722,  31.826111, 2026284, 0241,       GOES-EAST,             NGFS,        31,      3.400
 -96.512779,  31.802221, 2026284, 0241,       GOES-EAST,             NGFS,        31,      3.040
 -94.776665,  31.603611, 2026284, 0241,       GOES-EAST,             NGFS,        27,      3.300
 -89.090279,  31.400278, 2026284, 0241,       GOES-EAST,             NGFS,        27,      1.620
 -96.097778,  31.530834, 2026284, 0241,       GOES-EAST,             NGFS,        31,     13.120
 -90.199165,  31.240833, 2026284, 0241,       GOES-EAST,             NGFS,        27,      3.400
-114.102501,  42.348888, 2026284, 0241,       GOES-WEST,             NGFS,        52,     16.150
-121.884163,  38.816387, 2026284, 0241,       GOES-WEST,             NGFS,        91,      7.520
-105.398331,  38.982498, 2026284, 0241,       GOES-WEST,             NGFS,        40,      4.250
 -87.641945,  46.605556, 2026284, 0246,       GOES-EAST,             NGFS,        23,      3.710
 -87.612778,  46.604443, 2026284, 0246,       GOES-EAST,             NGFS,        23,      3.860
 -87.604446,  46.572498, 2026284, 0246,       GOES-EAST,             NGFS,        23,      3.380
-105.405281,  38.993057, 2026284, 0246,       GOES-EAST,             NGFS,        40,      8.520
 -94.340553,  37.848888, 2026284, 0246,       GOES-EAST,             NGFS,         1,      7.300
 -96.791115,  37.474998, 2026284, 0246,       GOES-EAST,             NGFS,         7,      3.010
-121.915276,  38.820000, 2026284, 0246,       GOES-EAST,             NGFS,        91,      5.500
-121.870552,  38.816387, 2026284, 0246,       GOES-EAST,             NGFS,        91,      5.860
 -92.068054,  36.556110, 2026284, 0246,       GOES-EAST,             NGFS,        57,      6.470
 -92.948891,  33.999168, 2026284, 0246,       GOES-EAST,             NGFS,        26,      2.090
 -97.357498,  34.079445, 2026284, 0246,       GOES-EAST,             NGFS,        91,      6.450
 -89.365555,  31.662500, 2026284, 0246,       GOES-EAST,             NGFS,        27,      6.710
 -96.519722,  31.826111, 2026284, 0246,       GOES-EAST,             NGFS,        31,      3.450
 -96.512779,  31.802221, 2026284, 0246,       GOES-EAST,             NGFS,        31,      3.190
 -94.776665,  31.603611, 2026284, 0246,       GOES-EAST,             NGFS,        27,      3.680
 -89.090279,  31.400278, 2026284, 0246,       GOES-EAST,             NGFS,        27,      2.390
 -96.097778,  31.530834, 2026284, 0246,       GOES-EAST,             NGFS,        31,     10.810
 -90.199165,  31.240833, 2026284, 0246,       GOES-EAST,             NGFS,        27,      6.630
-114.102501,  42.348888, 2026284, 0246,       GOES-WEST,             NGFS,        52,      5.510
-121.884163,  38.816387, 2026284, 0246,       GOES-WEST,             NGFS,        91,      7.890
-105.398331,  38.982498, 2026284, 0246,       GOES-WEST,             NGFS,        40,      3.450
 -87.641945,  46.605556, 2026284, 0251,       GOES-EAST,             NGFS,        23,      3.620
 -87.612778,  46.604443, 2026284, 0251,       GOES-EAST,             NGFS,        23,      3.580
 -87.604446,  46.572498, 2026284, 0251,       GOES-EAST,             NGFS,        23,      3.150
-105.405281,  38.993057, 2026284, 0251,       GOES-EAST,             NGFS,        40,      2.810
 -94.340553,  37.848888, 2026284, 0251,       GOES-EAST,             NGFS,         1,      7.370
 -96.791115,  37.474998, 2026284, 0251,       GOES-EAST,             NGFS,         7,      2.560
-121.915276,  38.820000, 2026284, 0251,       GOES-EAST,             NGFS,        91,      6.210
-121.870552,  38.816387, 2026284, 0251,       GOES-EAST,             NGFS,        91,      6.040
 -92.068054,  36.556110, 2026284, 0251,       GOES-EAST,             NGFS,        57,      5.700
 -92.948891,  33.999168, 2026284, 0251,       GOES-EAST,             NGFS,        26,      1.710
 -97.357498,  34.079445, 2026284, 0251,       GOES-EAST,             NGFS,        91,      5.240
 -89.365555,  31.662500, 2026284, 0251,       GOES-EAST,             NGFS,        27,      4.920
 -96.519722,  31.826111, 2026284, 0251,       GOES-EAST,             NGFS,        31,      7.240
 -94.776665,  31.603611, 2026284, 0251,       GOES-EAST,             NGFS,        27,      3.020
 -89.090279,  31.400278, 2026284, 0251,       GOES-EAST,             NGFS,        27,      2.270
 -96.097778,  31.530834, 2026284, 0251,       GOES-EAST,             NGFS,        31,     12.500
 -90.199165,  31.240833, 2026284, 0251,       GOES-EAST,             NGFS,        27,      3.650
 -90.194725,  31.217501, 2026284, 0251,       GOES-EAST,             NGFS,        27,      3.420
-114.102501,  42.348888, 2026284, 0251,       GOES-WEST,             NGFS,        52,      6.170
-121.884163,  38.816387, 2026284, 0251,       GOES-WEST,             NGFS,        91,      8.020
-105.398331,  38.982498, 2026284, 0251,       GOES-WEST,             NGFS,        40,      1.940
 -87.641945,  46.605556, 2026284, 0256,       GOES-EAST,             NGFS,        23,      3.410
 -87.612778,  46.604443, 2026284, 0256,       GOES-EAST,             NGFS,        23,      3.220
 -87.604446,  46.572498, 2026284, 0256,       GOES-EAST,             NGFS,        23,      3.580
-105.405281,  38.993057, 2026284, 0256,       GOES-EAST,             NGFS,        40,      5.760
 -94.340553,  37.848888, 2026284, 0256,       GOES-EAST,             NGFS,         1,      6.470
 -96.791115,  37.474998, 2026284, 0256,       GOES-EAST,             NGFS,         7,      1.910
-121.915276,  38.820000, 2026284, 0256,       GOES-EAST,             NGFS,        91,      5.940
-121.870552,  38.816387, 2026284, 0256,       GOES-EAST,             NGFS,        91,      6.090
 -92.068054,  36.556110, 2026284, 0256,       GOES-EAST,             NGFS,        57,      6.390
 -92.948891,  33.999168, 2026284, 0256,       GOES-EAST,             NGFS,        26,      1.210
 -97.357498,  34.079445, 2026284, 0256,       GOES-EAST,             NGFS,        91,      5.180
 -89.365555,  31.662500, 2026284, 0256,       GOES-EAST,             NGFS,        27,      5.170
 -96.512779,  31.802221, 2026284, 0256,       GOES-EAST,             NGFS,        31,      7.140
 -94.776665,  31.603611, 2026284, 0256,       GOES-EAST,             NGFS,        27,      3.610
 -89.090279,  31.400278, 2026284, 0256,       GOES-EAST,             NGFS,        27,      2.160
 -96.097778,  31.530834, 2026284, 0256,       GOES-EAST,             NGFS,        31,     13.110
 -90.194725,  31.217501, 2026284, 0256,       GOES-EAST,             NGFS,        27,      7.130
-114.102501,  42.348888, 2026284, 0256,       GOES-WEST,             NGFS,        52,      5.980
-121.884163,  38.816387, 2026284, 0256,       GOES-WEST,             NGFS,        91,      8.050
-105.398331,  38.982498, 2026284, 0256,       GOES-WEST,             NGFS,        40,      3.340
 -87.641945,  46.605556, 2026284, 0301,       GOES-EAST,             NGFS,        23,      3.430
 -87.612778,  46.604443, 2026284, 0301,       GOES-EAST,             NGFS,        23,      3.580
 -87.604446,  46.572498, 2026284, 0301,       GOES-EAST,             NGFS,        23,      3.780
-105.405281,  38.993057, 2026284, 0301,       GOES-EAST,             NGFS,        40,      4.730
 -94.340553,  37.848888, 2026284, 0301,       GOES-EAST,             NGFS,         1,      6.540
 -96.791115,  37.474998, 2026284, 0301,       GOES-EAST,             NGFS,         7,      1.620
-121.915276,  38.820000, 2026284, 0301,       GOES-EAST,             NGFS,        91,      3.750
 -92.068054,  36.556110, 2026284, 0301,       GOES-EAST,             NGFS,        57,      4.540
 -92.948891,  33.999168, 2026284, 0301,       GOES-EAST,             NGFS,        26,      1.570
 -97.357498,  34.079445, 2026284, 0301,       GOES-EAST,             NGFS,        91,      4.580
 -89.365555,  31.662500, 2026284, 0301,       GOES-EAST,             NGFS,        27,      7.550
 -96.512779,  31.802221, 2026284, 0301,       GOES-EAST,             NGFS,        31,      5.830
 -94.776665,  31.603611, 2026284, 0301,       GOES-EAST,             NGFS,        27,      1.840
 -89.090279,  31.400278, 2026284, 0301,       GOES-EAST,             NGFS,        27,      2.780
 -96.097778,  31.530834, 2026284, 0301,       GOES-EAST,             NGFS,        31,     10.120
 -90.194725,  31.217501, 2026284, 0301,       GOES-EAST,             NGFS,        27,      5.500
-114.102501,  42.348888, 2026284, 0301,       GOES-WEST,             NGFS,        52,      2.450
-121.884163,  38.816387, 2026284, 0301,       GOES-WEST,             NGFS,        91,      7.610
-105.398331,  38.982498, 2026284, 0301,       GOES-WEST,             NGFS,        40,      3.070
 -87.641945,  46.605556, 2026284, 0306,       GOES-EAST,             NGFS,        23,      4.610
 -87.612778,  46.604443, 2026284, 0306,       GOES-EAST,             NGFS,        23,      6.700
-105.405281,  38.993057, 2026284, 0306,       GOES-EAST,             NGFS,        40,      4.780
 -94.340553,  37.848888, 2026284, 0306,       GOES-EAST,             NGFS,         1,      4.870
 -96.791115,  37.474998, 2026284, 0306,       GOES-EAST,             NGFS,         7,      2.030
-121.915276,  38.820000, 2026284, 0306,       GOES-EAST,             NGFS,        91,      5.470
 -92.068054,  36.556110, 2026284, 0306,       GOES-EAST,             NGFS,        57,      5.710
 -92.948891,  33.999168, 2026284, 0306,       GOES-EAST,             NGFS,        26,      1.680
 -97.357498,  34.079445, 2026284, 0306,       GOES-EAST,             NGFS,        91,      3.690
 -89.365555,  31.662500, 2026284, 0306,       GOES-EAST,             NGFS,        27,      7.570
 -96.512779,  31.802221, 2026284, 0306,       GOES-EAST,             NGFS,        31,      6.590
 -94.776665,  31.603611, 2026284, 0306,       GOES-EAST,             NGFS,        27,      3.040
 -89.090279,  31.400278, 2026284, 0306,       GOES-EAST,             NGFS,        27,      2.290
 -96.097778,  31.530834, 2026284, 0306,       GOES-EAST,             NGFS,        31,      9.800
 -90.199165,  31.240833, 2026284, 0306,       GOES-EAST,             NGFS,        27,      2.390
 -90.194725,  31.217501, 2026284, 0306,       GOES-EAST,             NGFS,        27,      2.210
-121.294720,  38.541943, 2026284, 0306,       GOES-WEST,             NGFS,        43,     13.210
-114.102501,  42.348888, 2026284, 0306,       GOES-WEST,             NGFS,        52,      2.300
-121.884163,  38.816387, 2026284, 0306,       GOES-WEST,             NGFS,        91,      6.710
-105.398331,  38.982498, 2026284, 0306,       GOES-WEST,             NGFS,        40,      2.770
 -87.604446,  46.572498, 2026284, 0311,       GOES-EAST,             NGFS,        23,     10.160
-105.405281,  38.993057, 2026284, 0311,       GOES-EAST,             NGFS,        40,      4.460
 -94.340553,  37.848888, 2026284, 0311,       GOES-EAST,             NGFS,         1,      7.160
 -96.791115,  37.474998, 2026284, 0311,       GOES-EAST,             NGFS,         7,      1.590
-121.915276,  38.820000, 2026284, 0311,       GOES-EAST,             NGFS,        91,      3.880
 -92.068054,  36.556110, 2026284, 0311,       GOES-EAST,             NGFS,        57,      4.260
 -92.948891,  33.999168, 2026284, 0311,       GOES-EAST,             NGFS,        26,      1.390
 -97.357498,  34.079445, 2026284, 0311,       GOES-EAST,             NGFS,        91,      5.100
 -89.365555,  31.662500, 2026284, 0311,       GOES-EAST,             NGFS,        27,      6.320
 -96.512779,  31.802221, 2026284, 0311,       GOES-EAST,             NGFS,        31,      5.290
 -94.776665,  31.603611, 2026284, 0311,       GOES-EAST,             NGFS,        27,      2.160
 -89.090279,  31.400278, 2026284, 0311,       GOES-EAST,             NGFS,        27,      2.490
 -96.097778,  31.530834, 2026284, 0311,       GOES-EAST,             NGFS,        31,     10.920
 -90.194725,  31.217501, 2026284, 0311,       GOES-EAST,             NGFS,        27,      3.990
-114.102501,  42.348888, 2026284, 0311,       GOES-WEST,             NGFS,        52,      3.460
-121.884163,  38.816387, 2026284, 0311,       GOES-WEST,             NGFS,        91,      7.330
-105.398331,  38.982498, 2026284, 0311,       GOES-WEST,             NGFS,        40,      2.860
 -87.641945,  46.605556, 2026284, 0316,       GOES-EAST,             NGFS,        23,      4.900
 -87.612778,  46.604443, 2026284, 0316,       GOES-EAST,             NGFS,        23,      6.410
-105.405281,  38.993057, 2026284, 0316,       GOES-EAST,             NGFS,        40,      3.870
 -94.340553,  37.848888, 2026284, 0316,       GOES-EAST,             NGFS,         1,      5.530
 -96.791115,  37.474998, 2026284, 0316,       GOES-EAST,             NGFS,         7,      2.340
-121.915276,  38.820000, 2026284, 0316,       GOES-EAST,             NGFS,        91,      3.000
 -92.068054,  36.556110, 2026284, 0316,       GOES-EAST,             NGFS,        57,      6.190
 -92.948891,  33.999168, 2026284, 0316,       GOES-EAST,             NGFS,        26,      1.240
 -97.357498,  34.079445, 2026284, 0316,       GOES-EAST,             NGFS,        91,      5.060
 -89.365555,  31.662500, 2026284, 0316,       GOES-EAST,             NGFS,        27,      6.730
 -96.519722,  31.826111, 2026284, 0316,       GOES-EAST,             NGFS,        31,      5.480
 -94.776665,  31.603611, 2026284, 0316,       GOES-EAST,             NGFS,        27,      4.340
 -89.090279,  31.400278, 2026284, 0316,       GOES-EAST,             NGFS,        27,      1.920
 -96.097778,  31.530834, 2026284, 0316,       GOES-EAST,             NGFS,        31,     10.270
 -90.199165,  31.240833, 2026284, 0316,       GOES-EAST,             NGFS,        27,      3.390
-114.102501,  42.348888, 2026284, 0316,       GOES-WEST,             NGFS,        52,      2.870
-121.884163,  38.816387, 2026284, 0316,       GOES-WEST,             NGFS,        91,      7.880
-105.398331,  38.982498, 2026284, 0316,       GOES-WEST,             NGFS,        40,      2.570
 -87.641945,  46.605556, 2026284, 0321,       GOES-EAST,             NGFS,        23,      3.690
 -87.612778,  46.604443, 2026284, 0321,       GOES-EAST,             NGFS,        23,      5.910
-105.405281,  38.993057, 2026284, 0321,       GOES-EAST,             NGFS,        40,      1.540
 -94.340553,  37.848888, 2026284, 0321,       GOES-EAST,             NGFS,         1,      5.980
 -96.791115,  37.474998, 2026284, 0321,       GOES-EAST,             NGFS,         7,      1.850
 -92.068054,  36.556110, 2026284, 0321,       GOES-EAST,             NGFS,        57,      5.660
 -92.948891,  33.999168, 2026284, 0321,       GOES-EAST,             NGFS,        26,      0.920
 -97.357498,  34.079445, 2026284, 0321,       GOES-EAST,             NGFS,        91,      4.670
 -89.365555,  31.662500, 2026284, 0321,       GOES-EAST,             NGFS,        27,      5.420
 -96.512779,  31.802221, 2026284, 0321,       GOES-EAST,             NGFS,        31,      5.780
 -94.776665,  31.603611, 2026284, 0321,       GOES-EAST,             NGFS,        27,      3.070
 -89.090279,  31.400278, 2026284, 0321,       GOES-EAST,             NGFS,        27,      1.960
 -96.097778,  31.530834, 2026284, 0321,       GOES-EAST,             NGFS,        31,     11.780
 -90.194725,  31.217501, 2026284, 0321,       GOES-EAST,             NGFS,        27,      3.170
-114.102501,  42.348888, 2026284, 0321,       GOES-WEST,             NGFS,        52,      7.670
-121.884163,  38.816387, 2026284, 0321,       GOES-WEST,             NGFS,        91,      6.070
 -87.612778,  46.604443, 2026284, 0326,       GOES-EAST,             NGFS,        23,     11.040
-105.405281,  38.993057, 2026284, 0326,       GOES-EAST,             NGFS,        40,      4.380
 -94.340553,  37.848888, 2026284, 0326,       GOES-EAST,             NGFS,         1,      6.990
 -96.791115,  37.474998, 2026284, 0326,       GOES-EAST,             NGFS,         7,      2.120
 -92.068054,  36.556110, 2026284, 0326,       GOES-EAST,             NGFS,        57,      4.530
 -92.948891,  33.999168, 2026284, 0326,       GOES-EAST,             NGFS,        26,      1.290
 -97.357498,  34.079445, 2026284, 0326,       GOES-EAST,             NGFS,        91,      5.410
 -89.365555,  31.662500, 2026284, 0326,       GOES-EAST,             NGFS,        27,      6.650
 -96.519722,  31.826111, 2026284, 0326,       GOES-EAST,             NGFS,        31,      4.570
 -94.776665,  31.603611, 2026284, 0326,       GOES-EAST,             NGFS,        27,      3.230
 -89.090279,  31.400278, 2026284, 0326,       GOES-EAST,             NGFS,        27,      1.780
 -96.097778,  31.530834, 2026284, 0326,       GOES-EAST,             NGFS,        31,     10.990
 -90.199165,  31.240833, 2026284, 0326,       GOES-EAST,             NGFS,        27,      1.210
 -90.194725,  31.217501, 2026284, 0326,       GOES-EAST,             NGFS,        27,      1.540
-114.102501,  42.348888, 2026284, 0326,       GOES-WEST,             NGFS,        52,      3.910
-121.884163,  38.816387, 2026284, 0326,       GOES-WEST,             NGFS,        91,      5.170
 -90.701111,  35.908054, 2026284, 0331,       GOES-EAST,             NGFS,        91,      5.320
 -87.612778,  46.604443, 2026284, 0331,       GOES-EAST,             NGFS,        23,     11.500
-105.405281,  38.993057, 2026284, 0331,       GOES-EAST,             NGFS,        40,      2.370
 -94.340553,  37.848888, 2026284, 0331,       GOES-EAST,             NGFS,         1,      6.510
 -96.791115,  37.474998, 2026284, 0331,       GOES-EAST,             NGFS,         7,      1.690
 -92.068054,  36.556110, 2026284, 0331,       GOES-EAST,             NGFS,        57,      4.420
 -92.948891,  33.999168, 2026284, 0331,       GOES-EAST,             NGFS,        26,      1.060
 -97.357498,  34.079445, 2026284, 0331,       GOES-EAST,             NGFS,        91,      5.140
 -89.365555,  31.662500, 2026284, 0331,       GOES-EAST,             NGFS,        27,      6.590
 -96.519722,  31.826111, 2026284, 0331,       GOES-EAST,             NGFS,        31,      2.140
 -96.512779,  31.802221, 2026284, 0331,       GOES-EAST,             NGFS,        31,      2.330
 -94.776665,  31.603611, 2026284, 0331,       GOES-EAST,             NGFS,        27,      3.070
 -96.097778,  31.530834, 2026284, 0331,       GOES-EAST,             NGFS,        31,     10.490
 -90.199165,  31.240833, 2026284, 0331,       GOES-EAST,             NGFS,        27,      1.290
 -90.194725,  31.217501, 2026284, 0331,       GOES-EAST,             NGFS,        27,      1.180
-114.102501,  42.348888, 2026284, 0331,       GOES-WEST,             NGFS,        52,      4.830
-121.884163,  38.816387, 2026284, 0331,       GOES-WEST,             NGFS,        91,      5.240
 -87.641945,  46.605556, 2026284, 0336,       GOES-EAST,             NGFS,        23,      4.740
 -87.612778,  46.604443, 2026284, 0336,       GOES-EAST,             NGFS,        23,      6.640
-105.405281,  38.993057, 2026284, 0336,       GOES-EAST,             NGFS,        40,      7.850
 -94.340553,  37.848888, 2026284, 0336,       GOES-EAST,             NGFS,         1,      4.790
 -96.791115,  37.474998, 2026284, 0336,       GOES-EAST,             NGFS,         7,      1.870
 -92.068054,  36.556110, 2026284, 0336,       GOES-EAST,             NGFS,        57,      4.330
 -90.701111,  35.908054, 2026284, 0336,       GOES-EAST,             NGFS,        91,      6.530
 -97.357498,  34.079445, 2026284, 0336,       GOES-EAST,             NGFS,        91,      4.180
 -89.365555,  31.662500, 2026284, 0336,       GOES-EAST,             NGFS,        27,      6.430
 -96.519722,  31.826111, 2026284, 0336,       GOES-EAST,             NGFS,        31,      5.210
 -94.776665,  31.603611, 2026284, 0336,       GOES-EAST,             NGFS,        27,      2.550
 -96.097778,  31.530834, 2026284, 0336,       GOES-EAST,             NGFS,        31,      9.940
-114.102501,  42.348888, 2026284, 0336,       GOES-WEST,             NGFS,        52,     14.280
-121.884163,  38.816387, 2026284, 0336,       GOES-WEST,             NGFS,        91,      3.740
 -87.641945,  46.605556, 2026284, 0341,       GOES-EAST,             NGFS,        23,      3.320
 -87.612778,  46.604443, 2026284, 0341,       GOES-EAST,             NGFS,        23,      3.550
 -87.604446,  46.572498, 2026284, 0341,       GOES-EAST,             NGFS,        23,      3.470
-105.405281,  38.993057, 2026284, 0341,       GOES-EAST,             NGFS,        40,      4.300
 -94.340553,  37.848888, 2026284, 0341,       GOES-EAST,             NGFS,         1,      5.180
 -96.791115,  37.474998, 2026284, 0341,       GOES-EAST,             NGFS,         7,      1.450
 -92.068054,  36.556110, 2026284, 0341,       GOES-EAST,             NGFS,        57,      4.000
 -90.701111,  35.908054, 2026284, 0341,       GOES-EAST,             NGFS,        91,      5.610
 -97.357498,  34.079445, 2026284, 0341,       GOES-EAST,             NGFS,        91,      3.700
 -89.365555,  31.662500, 2026284, 0341,       GOES-EAST,             NGFS,        27,      5.570
 -96.512779,  31.802221, 2026284, 0341,       GOES-EAST,             NGFS,        31,      4.880
 -94.776665,  31.603611, 2026284, 0341,       GOES-EAST,             NGFS,        27,      1.950
 -96.097778,  31.530834, 2026284, 0341,       GOES-EAST,             NGFS,        31,     10.970
-114.102501,  42.348888, 2026284, 0341,       GOES-WEST,             NGFS,        52,      4.490
-121.884163,  38.816387, 2026284, 0341,       GOES-WEST,             NGFS,        91,      2.180
 -87.641945,  46.605556, 2026284, 0346,       GOES-EAST,             NGFS,        23,     10.320
-105.405281,  38.993057, 2026284, 0346,       GOES-EAST,             NGFS,        40,      7.220
 -94.340553,  37.848888, 2026284, 0346,       GOES-EAST,             NGFS,         1,      4.110
 -96.791115,  37.474998, 2026284, 0346,       GOES-EAST,             NGFS,         7,      1.980
 -92.068054,  36.556110, 2026284, 0346,       GOES-EAST,             NGFS,        57,      4.540
 -90.701111,  35.908054, 2026284, 0346,       GOES-EAST,             NGFS,        91,      5.610
 -97.357498,  34.079445, 2026284, 0346,       GOES-EAST,             NGFS,        91,      3.510
 -89.365555,  31.662500, 2026284, 0346,       GOES-EAST,             NGFS,        27,      5.370
 -96.519722,  31.826111, 2026284, 0346,       GOES-EAST,             NGFS,        31,      4.890
 -94.776665,  31.603611, 2026284, 0346,       GOES-EAST,             NGFS,        27,      2.750
 -96.097778,  31.530834, 2026284, 0346,       GOES-EAST,             NGFS,        31,     11.050
-114.102501,  42.348888, 2026284, 0346,       GOES-WEST,             NGFS,        52,      0.930
-121.884163,  38.816387, 2026284, 0346,       GOES-WEST,             NGFS,        91,      3.010
 -87.612778,  46.604443, 2026284, 0351,       GOES-EAST,             NGFS,        23,     10.890
-105.405281,  38.993057, 2026284, 0351,       GOES-EAST,             NGFS,        40,      2.820
 -94.340553,  37.848888, 2026284, 0351,       GOES-EAST,             NGFS,         1,      4.660
 -96.791115,  37.474998, 2026284, 0351,       GOES-EAST,             NGFS,         7,      2.060
 -92.068054,  36.556110, 2026284, 0351,       GOES-EAST,             NGFS,        57,      4.410
 -90.701111,  35.908054, 2026284, 0351,       GOES-EAST,             NGFS,        91,      4.820
 -97.357498,  34.079445, 2026284, 0351,       GOES-EAST,             NGFS,        91,      4.440
 -89.365555,  31.662500, 2026284, 0351,       GOES-EAST,             NGFS,        27,      5.240
 -96.519722,  31.826111, 2026284, 0351,       GOES-EAST,             NGFS,        31,      4.790
 -94.776665,  31.603611, 2026284, 0351,       GOES-EAST,             NGFS,        27,      2.680
 -96.097778,  31.530834, 2026284, 0351,       GOES-EAST,             NGFS,        31,     10.490
-114.102501,  42.348888, 2026284, 0351,       GOES-WEST,             NGFS,        52,      2.500
-121.884163,  38.816387, 2026284, 0351,       GOES-WEST,             NGFS,        91,      3.140
 -87.641945,  46.605556, 2026284, 0356,       GOES-EAST,             NGFS,        23,      3.730
 -87.612778,  46.604443, 2026284, 0356,       GOES-EAST,             NGFS,        23,      6.780
-105.405281,  38.993057, 2026284, 0356,       GOES-EAST,             NGFS,        40,      7.420
 -94.340553,  37.848888, 2026284, 0356,       GOES-EAST,             NGFS,         1,      6.260
 -92.068054,  36.556110, 2026284, 0356,       GOES-EAST,             NGFS,        57,      3.830
 -90.701111,  35.908054, 2026284, 0356,       GOES-EAST,             NGFS,        91,      4.990
 -97.357498,  34.079445, 2026284, 0356,       GOES-EAST,             NGFS,        91,      3.900
 -89.365555,  31.662500, 2026284, 0356,       GOES-EAST,             NGFS,        27,      5.740
 -96.519722,  31.826111, 2026284, 0356,       GOES-EAST,             NGFS,        31,      3.930
 -94.776665,  31.603611, 2026284, 0356,       GOES-EAST,             NGFS,        27,      2.460
 -96.097778,  31.530834, 2026284, 0356,       GOES-EAST,             NGFS,        31,      9.990
-114.102501,  42.348888, 2026284, 0356,       GOES-WEST,             NGFS,        52,      3.090
-121.884163,  38.816387, 2026284, 0356,       GOES-WEST,             NGFS,        91,      3.000
 -87.612778,  46.604443, 2026284, 0401,       GOES-EAST,             NGFS,        23,     10.810
-105.405281,  38.993057, 2026284, 0401,       GOES-EAST,             NGFS,        40,      3.130
 -94.340553,  37.848888, 2026284, 0401,       GOES-EAST,             NGFS,         1,      5.720
 -92.068054,  36.556110, 2026284, 0401,       GOES-EAST,             NGFS,        57,      4.850
 -90.701111,  35.908054, 2026284, 0401,       GOES-EAST,             NGFS,        91,      5.460
 -97.357498,  34.079445, 2026284, 0401,       GOES-EAST,             NGFS,        91,      4.120
 -89.365555,  31.662500, 2026284, 0401,       GOES-EAST,             NGFS,        27,      5.370
 -96.519722,  31.826111, 2026284, 0401,       GOES-EAST,             NGFS,        31,      2.160
 -94.776665,  31.603611, 2026284, 0401,       GOES-EAST,             NGFS,        27,      3.050
 -96.097778,  31.530834, 2026284, 0401,       GOES-EAST,             NGFS,        31,     10.560
-114.102501,  42.348888, 2026284, 0401,       GOES-WEST,             NGFS,        52,      7.300
-121.884163,  38.816387, 2026284, 0401,       GOES-WEST,             NGFS,        91,      3.520
 -97.056114,  48.868057, 2026284, 0406,       GOES-EAST,             NGFS,        30,     36.180
 -87.641945,  46.605556, 2026284, 0406,       GOES-EAST,             NGFS,        23,      4.970
 -87.612778,  46.604443, 2026284, 0406,       GOES-EAST,             NGFS,        23,      7.070
-105.405281,  38.993057, 2026284, 0406,       GOES-EAST,             NGFS,        40,      8.990
 -94.340553,  37.848888, 2026284, 0406,       GOES-EAST,             NGFS,         1,      5.610
 -92.068054,  36.556110, 2026284, 0406,       GOES-EAST,             NGFS,        57,      4.100
 -90.701111,  35.908054, 2026284, 0406,       GOES-EAST,             NGFS,        91,      5.480
 -97.357498,  34.079445, 2026284, 0406,       GOES-EAST,             NGFS,        91,      4.100
 -89.365555,  31.662500, 2026284, 0406,       GOES-EAST,             NGFS,        27,      5.340
 -96.519722,  31.826111, 2026284, 0406,       GOES-EAST,             NGFS,        31,      2.060
 -94.776665,  31.603611, 2026284, 0406,       GOES-EAST,             NGFS,        27,      2.750
 -96.097778,  31.530834, 2026284, 0406,       GOES-EAST,             NGFS,        31,     10.490
 -97.008888,  48.871666, 2026284, 0406,       GOES-WEST,             NGFS,        30,     31.970
 -97.050278,  48.834167, 2026284, 0406,       GOES-WEST,             NGFS,        30,     31.040
-114.102501,  42.348888, 2026284, 0406,       GOES-WEST,             NGFS,        52,      3.240
-121.884163,  38.816387, 2026284, 0406,       GOES-WEST,             NGFS,        91,      3.320
 -96.073608,  31.530001, 2026284, 0411,       GOES-EAST,             NGFS,        31,      5.030
 -97.056114,  48.868057, 2026284, 0411,       GOES-EAST,             NGFS,        30,     50.870
 -87.612778,  46.604443, 2026284, 0411,       GOES-EAST,             NGFS,        23,     11.590
-105.405281,  38.993057, 2026284, 0411,       GOES-EAST,             NGFS,        40,      7.990
 -94.340553,  37.848888, 2026284, 0411,       GOES-EAST,             NGFS,         1,      5.330
 -92.068054,  36.556110, 2026284, 0411,       GOES-EAST,             NGFS,        57,      3.940
 -90.701111,  35.908054, 2026284, 0411,       GOES-EAST,             NGFS,        91,      4.220
 -97.357498,  34.079445, 2026284, 0411,       GOES-EAST,             NGFS,        91,      5.090
 -89.365555,  31.662500, 2026284, 0411,       GOES-EAST,             NGFS,        27,      5.450
 -96.519722,  31.826111, 2026284, 0411,       GOES-EAST,             NGFS,        31,      1.610
 -94.776665,  31.603611, 2026284, 0411,       GOES-EAST,             NGFS,        27,      2.640
 -96.097778,  31.530834, 2026284, 0411,       GOES-EAST,             NGFS,        31,      4.820
 -97.008888,  48.871666, 2026284, 0411,       GOES-WEST,             NGFS,        30,     34.620
 -97.050278,  48.834167, 2026284, 0411,       GOES-WEST,             NGFS,        30,     65.210
-114.102501,  42.348888, 2026284, 0411,       GOES-WEST,             NGFS,        52,      2.650
-121.884163,  38.816387, 2026284, 0411,       GOES-WEST,             NGFS,        91,      2.030
 -97.056114,  48.868057, 2026284, 0416,       GOES-EAST,             NGFS,        30,      8.300
 -87.612778,  46.604443, 2026284, 0416,       GOES-EAST,             NGFS,        23,     10.550
-105.405281,  38.993057, 2026284, 0416,       GOES-EAST,             NGFS,        40,      1.270
 -94.340553,  37.848888, 2026284, 0416,       GOES-EAST,             NGFS,         1,      5.180
 -92.068054,  36.556110, 2026284, 0416,       GOES-EAST,             NGFS,        57,      3.720
 -90.701111,  35.908054, 2026284, 0416,       GOES-EAST,             NGFS,        91,      4.220
 -97.357498,  34.079445, 2026284, 0416,       GOES-EAST,             NGFS,        91,      3.480
 -89.365555,  31.662500, 2026284, 0416,       GOES-EAST,             NGFS,        27,      5.820
 -94.776665,  31.603611, 2026284, 0416,       GOES-EAST,             NGFS,        27,      2.560
 -96.097778,  31.530834, 2026284, 0416,       GOES-EAST,             NGFS,        31,      7.780
 -97.050278,  48.834167, 2026284, 0416,       GOES-WEST,             NGFS,        30,     19.920
-114.102501,  42.348888, 2026284, 0416,       GOES-WEST,             NGFS,        52,      4.310
-121.884163,  38.816387, 2026284, 0416,       GOES-WEST,             NGFS,        91,      2.590
 -97.056114,  48.868057, 2026284, 0421,       GOES-EAST,             NGFS,        30,      4.800
 -87.612778,  46.604443, 2026284, 0421,       GOES-EAST,             NGFS,        23,     10.990
-105.405281,  38.993057, 2026284, 0421,       GOES-EAST,             NGFS,        40,      2.380
 -94.340553,  37.848888, 2026284, 0421,       GOES-EAST,             NGFS,         1,      4.240
 -92.068054,  36.556110, 2026284, 0421,       GOES-EAST,             NGFS,        57,      4.100
 -90.701111,  35.908054, 2026284, 0421,       GOES-EAST,             NGFS,        91,      4.020
 -97.357498,  34.079445, 2026284, 0421,       GOES-EAST,             NGFS,        91,      3.320
 -89.365555,  31.662500, 2026284, 0421,       GOES-EAST,             NGFS,        27,      5.030
 -94.776665,  31.603611, 2026284, 0421,       GOES-EAST,             NGFS,        27,      3.340
 -96.097778,  31.530834, 2026284, 0421,       GOES-EAST,             NGFS,        31,      4.130
 -96.073608,  31.530001, 2026284, 0421,       GOES-EAST,             NGFS,        31,      4.310
 -97.008888,  48.871666, 2026284, 0421,       GOES-WEST,             NGFS,        30,      6.640
 -97.050278,  48.834167, 2026284, 0421,       GOES-WEST,             NGFS,        30,      5.670
-114.102501,  42.348888, 2026284, 0421,       GOES-WEST,             NGFS,        52,      4.150
-121.884163,  38.816387, 2026284, 0421,       GOES-WEST,             NGFS,        91,      2.540
 -92.447777,  18.435833, 2026284, 0426,       GOES-EAST,             NGFS,        93,     24.750
 -97.056114,  48.868057, 2026284, 0426,       GOES-EAST,             NGFS,        30,      1.820
 -87.612778,  46.604443, 2026284, 0426,       GOES-EAST,             NGFS,        23,     12.430
-105.405281,  38.993057, 2026284, 0426,       GOES-EAST,             NGFS,        40,      1.830
 -94.340553,  37.848888, 2026284, 0426,       GOES-EAST,             NGFS,         1,      5.500
 -92.068054,  36.556110, 2026284, 0426,       GOES-EAST,             NGFS,        57,      3.410
 -90.701111,  35.908054, 2026284, 0426,       GOES-EAST,             NGFS,        91,      4.390
 -97.357498,  34.079445, 2026284, 0426,       GOES-EAST,             NGFS,        91,      3.630
 -89.365555,  31.662500, 2026284, 0426,       GOES-EAST,             NGFS,        27,      6.050
 -94.776665,  31.603611, 2026284, 0426,       GOES-EAST,             NGFS,        27,      2.740
 -96.073608,  31.530001, 2026284, 0426,       GOES-EAST,             NGFS,        31,      7.210
 -97.050278,  48.834167, 2026284, 0426,       GOES-WEST,             NGFS,        30,      6.200
-114.102501,  42.348888, 2026284, 0426,       GOES-WEST,             NGFS,        52,      3.190
-121.884163,  38.816387, 2026284, 0426,       GOES-WEST,             NGFS,        91,      2.450
 -97.056114,  48.868057, 2026284, 0431,       GOES-EAST,             NGFS,        30,      2.840
 -87.612778,  46.604443, 2026284, 0431,       GOES-EAST,             NGFS,        23,     11.110
-105.405281,  38.993057, 2026284, 0431,       GOES-EAST,             NGFS,        40,      4.680
 -94.340553,  37.848888, 2026284, 0431,       GOES-EAST,             NGFS,         1,      5.430
 -92.068054,  36.556110, 2026284, 0431,       GOES-EAST,             NGFS,        57,      3.870
 -90.701111,  35.908054, 2026284, 0431,       GOES-EAST,             NGFS,        91,      3.560
 -97.357498,  34.079445, 2026284, 0431,       GOES-EAST,             NGFS,        91,      3.230
 -89.365555,  31.662500, 2026284, 0431,       GOES-EAST,             NGFS,        27,      4.420
 -94.776665,  31.603611, 2026284, 0431,       GOES-EAST,             NGFS,        27,      3.190
 -96.097778,  31.530834, 2026284, 0431,       GOES-EAST,             NGFS,        31,      4.680
 -96.073608,  31.530001, 2026284, 0431,       GOES-EAST,             NGFS,        31,      4.290
 -92.447777,  18.435833, 2026284, 0431,       GOES-EAST,             NGFS,        93,     16.530
 -97.008888,  48.871666, 2026284, 0431,       GOES-WEST,             NGFS,        30,      6.460
 -97.050278,  48.834167, 2026284, 0431,       GOES-WEST,             NGFS,        30,      5.290
-114.102501,  42.348888, 2026284, 0431,       GOES-WEST,             NGFS,        52,     15.200
 -97.056114,  48.868057, 2026284, 0436,       GOES-EAST,             NGFS,        30,      5.470
 -87.612778,  46.604443, 2026284, 0436,       GOES-EAST,             NGFS,        23,     11.890
-105.405281,  38.993057, 2026284, 0436,       GOES-EAST,             NGFS,        40,      9.650
 -94.340553,  37.848888, 2026284, 0436,       GOES-EAST,             NGFS,         1,      4.560
 -92.068054,  36.556110, 2026284, 0436,       GOES-EAST,             NGFS,        57,      3.710
 -90.701111,  35.908054, 2026284, 0436,       GOES-EAST,             NGFS,        91,      4.290
 -97.357498,  34.079445, 2026284, 0436,       GOES-EAST,             NGFS,        91,      2.900
 -89.365555,  31.662500, 2026284, 0436,       GOES-EAST,             NGFS,        27,      4.780
 -94.776665,  31.603611, 2026284, 0436,       GOES-EAST,             NGFS,        27,      2.730
 -96.097778,  31.530834, 2026284, 0436,       GOES-EAST,             NGFS,        31,      8.070
 -92.447777,  18.435833, 2026284, 0436,       GOES-EAST,             NGFS,        93,     25.310
 -97.008888,  48.871666, 2026284, 0436,       GOES-WEST,             NGFS,        30,      4.500
 -97.050278,  48.834167, 2026284, 0436,       GOES-WEST,             NGFS,        30,      4.220
-114.102501,  42.348888, 2026284, 0436,       GOES-WEST,             NGFS,        52,      1.300
 -97.056114,  48.868057, 2026284, 0441,       GOES-EAST,             NGFS,        30,     19.090
 -87.612778,  46.604443, 2026284, 0441,       GOES-EAST,             NGFS,        23,     14.570
-105.405281,  38.993057, 2026284, 0441,       GOES-EAST,             NGFS,        40,      0.880
 -94.340553,  37.848888, 2026284, 0441,       GOES-EAST,             NGFS,         1,      6.130
 -92.068054,  36.556110, 2026284, 0441,       GOES-EAST,             NGFS,        57,      2.910
 -90.701111,  35.908054, 2026284, 0441,       GOES-EAST,             NGFS,        91,      5.710
 -97.357498,  34.079445, 2026284, 0441,       GOES-EAST,             NGFS,        91,      2.930
 -89.365555,  31.662500, 2026284, 0441,       GOES-EAST,             NGFS,        27,      5.530
 -94.776665,  31.603611, 2026284, 0441,       GOES-EAST,             NGFS,        27,      2.250
 -96.097778,  31.530834, 2026284, 0441,       GOES-EAST,             NGFS,        31,      7.710
 -92.447777,  18.435833, 2026284, 0441,       GOES-EAST,             NGFS,        93,     26.580
 -97.008888,  48.871666, 2026284, 0441,       GOES-WEST,             NGFS,        30,     12.650
 -97.050278,  48.834167, 2026284, 0441,       GOES-WEST,             NGFS,        30,     16.140
-114.102501,  42.348888, 2026284, 0441,       GOES-WEST,             NGFS,        52,      4.990
 -97.056114,  48.868057, 2026284, 0446,       GOES-EAST,             NGFS,        30,      4.230
 -87.612778,  46.604443, 2026284, 0446,       GOES-EAST,             NGFS,        23,     14.220
-105.405281,  38.993057, 2026284, 0446,       GOES-EAST,             NGFS,        40,      0.760
 -94.340553,  37.848888, 2026284, 0446,       GOES-EAST,             NGFS,         1,      6.940
 -92.068054,  36.556110, 2026284, 0446,       GOES-EAST,             NGFS,        57,      2.260
 -90.701111,  35.908054, 2026284, 0446,       GOES-EAST,             NGFS,        91,      5.030
 -97.357498,  34.079445, 2026284, 0446,       GOES-EAST,             NGFS,        91,      2.730
 -89.365555,  31.662500, 2026284, 0446,       GOES-EAST,             NGFS,        27,      5.120
 -94.776665,  31.603611, 2026284, 0446,       GOES-EAST,             NGFS,        27,      2.130
 -96.097778,  31.530834, 2026284, 0446,       GOES-EAST,             NGFS,        31,      7.190
 -92.447777,  18.435833, 2026284, 0446,       GOES-EAST,             NGFS,        93,     22.580
 -97.008888,  48.871666, 2026284, 0446,       GOES-WEST,             NGFS,        30,      3.280
 -97.050278,  48.834167, 2026284, 0446,       GOES-WEST,             NGFS,        30,      3.730
 -87.641945,  46.605556, 2026284, 0451,       GOES-EAST,             NGFS,        23,      4.920
 -87.612778,  46.604443, 2026284, 0451,       GOES-EAST,             NGFS,        23,      8.370
-105.405281,  38.993057, 2026284, 0451,       GOES-EAST,             NGFS,        40,     12.720
 -94.340553,  37.848888, 2026284, 0451,       GOES-EAST,             NGFS,         1,      7.440
 -92.068054,  36.556110, 2026284, 0451,       GOES-EAST,             NGFS,        57,      3.630
 -90.701111,  35.908054, 2026284, 0451,       GOES-EAST,             NGFS,        91,      5.030
 -97.357498,  34.079445, 2026284, 0451,       GOES-EAST,             NGFS,        91,      3.100
 -89.365555,  31.662500, 2026284, 0451,       GOES-EAST,             NGFS,        27,      4.450
 -94.776665,  31.603611, 2026284, 0451,       GOES-EAST,             NGFS,        27,      2.640
 -96.097778,  31.530834, 2026284, 0451,       GOES-EAST,             NGFS,        31,      9.140
 -92.447777,  18.435833, 2026284, 0451,       GOES-EAST,             NGFS,        93,     27.850
 -97.050278,  48.834167, 2026284, 0451,       GOES-WEST,             NGFS,        30,      4.510
 -87.612778,  46.604443, 2026284, 0456,       GOES-EAST,             NGFS,        23,     12.260
-105.405281,  38.993057, 2026284, 0456,       GOES-EAST,             NGFS,        40,      7.530
 -94.340553,  37.848888, 2026284, 0456,       GOES-EAST,             NGFS,         1,      6.440
 -92.068054,  36.556110, 2026284, 0456,       GOES-EAST,             NGFS,        57,      3.420
 -90.701111,  35.908054, 2026284, 0456,       GOES-EAST,             NGFS,        91,      4.790
 -97.357498,  34.079445, 2026284, 0456,       GOES-EAST,             NGFS,        91,      3.580
 -89.365555,  31.662500, 2026284, 0456,       GOES-EAST,             NGFS,        27,      4.310
 -94.776665,  31.603611, 2026284, 0456,       GOES-EAST,             NGFS,        27,      2.790
 -96.097778,  31.530834, 2026284, 0456,       GOES-EAST,             NGFS,        31,      8.810
 -92.447777,  18.435833, 2026284, 0456,       GOES-EAST,             NGFS,        93,     28.700
 -97.050278,  48.834167, 2026284, 0456,       GOES-WEST,             NGFS,        30,      1.460
-114.087780,  42.364166, 2026284, 0501,       GOES-EAST,             NGFS,        40,     15.320
 -87.641945,  46.605556, 2026284, 0501,       GOES-EAST,             NGFS,        23,      5.220
 -87.612778,  46.604443, 2026284, 0501,       GOES-EAST,             NGFS,        23,      8.310
 -94.340553,  37.848888, 2026284, 0501,       GOES-EAST,             NGFS,         1,      6.130
 -92.068054,  36.556110, 2026284, 0501,       GOES-EAST,             NGFS,        57,      3.400
 -90.701111,  35.908054, 2026284, 0501,       GOES-EAST,             NGFS,        91,      4.350
 -97.357498,  34.079445, 2026284, 0501,       GOES-EAST,             NGFS,        91,      2.650
 -89.365555,  31.662500, 2026284, 0501,       GOES-EAST,             NGFS,        27,      4.810
 -94.776665,  31.603611, 2026284, 0501,       GOES-EAST,             NGFS,        27,      2.410
 -96.097778,  31.530834, 2026284, 0501,       GOES-EAST,             NGFS,        31,      6.630
 -92.447777,  18.435833, 2026284, 0501,       GOES-EAST,             NGFS,        93,     19.840
 -97.050278,  48.834167, 2026284, 0501,       GOES-WEST,             NGFS,        30,      2.350
-114.102501,  42.348888, 2026284, 0501,       GOES-WEST,             NGFS,        52,     23.460
 -89.929726,  46.424168, 2026284, 0506,       GOES-EAST,             NGFS,        23,      4.480
 -87.612778,  46.604443, 2026284, 0506,       GOES-EAST,             NGFS,        23,     13.300
-114.087776,  42.364166, 2026284, 0506,       GOES-EAST,             NGFS,        40,     15.510
 -94.340553,  37.848888, 2026284, 0506,       GOES-EAST,             NGFS,         1,      7.350
 -92.068054,  36.556110, 2026284, 0506,       GOES-EAST,             NGFS,        57,      1.960
 -90.701111,  35.908054, 2026284, 0506,       GOES-EAST,             NGFS,        91,      6.250
 -97.357498,  34.079445, 2026284, 0506,       GOES-EAST,             NGFS,        91,      2.460
 -89.365555,  31.662500, 2026284, 0506,       GOES-EAST,             NGFS,        27,      4.770
 -94.776665,  31.603611, 2026284, 0506,       GOES-EAST,             NGFS,        27,      2.130
 -96.097778,  31.530834, 2026284, 0506,       GOES-EAST,             NGFS,        31,      3.520
 -96.073608,  31.530001, 2026284, 0506,       GOES-EAST,             NGFS,        31,      3.700
 -92.447777,  18.435833, 2026284, 0506,       GOES-EAST,             NGFS,        93,     11.170
-114.102501,  42.348888, 2026284, 0506,       GOES-WEST,             NGFS,        52,     13.650
 -87.612778,  46.604443, 2026284, 0511,       GOES-EAST,             NGFS,        23,     12.210
 -89.929726,  46.424168, 2026284, 0511,       GOES-EAST,             NGFS,        23,      3.190
-114.087776,  42.364166, 2026284, 0511,       GOES-EAST,             NGFS,        40,     21.130
 -94.340553,  37.848888, 2026284, 0511,       GOES-EAST,             NGFS,         1,      4.780
 -92.068054,  36.556110, 2026284, 0511,       GOES-EAST,             NGFS,        57,      3.070
 -90.701111,  35.908054, 2026284, 0511,       GOES-EAST,             NGFS,        91,      4.950
 -97.357498,  34.079445, 2026284, 0511,       GOES-EAST,             NGFS,        91,      2.580
 -89.365555,  31.662500, 2026284, 0511,       GOES-EAST,             NGFS,        27,      4.150
 -94.776665,  31.603611, 2026284, 0511,       GOES-EAST,             NGFS,        27,      2.110
 -96.097778,  31.530834, 2026284, 0511,       GOES-EAST,             NGFS,        31,      8.560
 -92.447777,  18.435833, 2026284, 0511,       GOES-EAST,             NGFS,        93,      9.050
-114.102501,  42.348888, 2026284, 0511,       GOES-WEST,             NGFS,        52,     18.790
 -87.612778,  46.604443, 2026284, 0516,       GOES-EAST,             NGFS,        23,      6.650
 -87.604446,  46.572498, 2026284, 0516,       GOES-EAST,             NGFS,        23,      4.010
 -89.929726,  46.424168, 2026284, 0516,       GOES-EAST,             NGFS,        23,      2.920
 -94.340553,  37.848888, 2026284, 0516,       GOES-EAST,             NGFS,         1,      5.920
 -92.068054,  36.556110, 2026284, 0516,       GOES-EAST,             NGFS,        57,      2.710
 -90.701111,  35.908054, 2026284, 0516,       GOES-EAST,             NGFS,        91,      4.350
 -97.357498,  34.079445, 2026284, 0516,       GOES-EAST,             NGFS,        91,      2.560
 -89.365555,  31.662500, 2026284, 0516,       GOES-EAST,             NGFS,        27,      3.330
 -94.776665,  31.603611, 2026284, 0516,       GOES-EAST,             NGFS,        27,      1.960
 -96.097778,  31.530834, 2026284, 0516,       GOES-EAST,             NGFS,        31,      4.750
 -96.073608,  31.530001, 2026284, 0516,       GOES-EAST,             NGFS,        31,      4.500
 -92.447777,  18.435833, 2026284, 0516,       GOES-EAST,             NGFS,        93,      8.990
-114.102501,  42.348888, 2026284, 0516,       GOES-WEST,             NGFS,        52,      4.170
 -93.228333,  36.952221, 2026284, 0521,       GOES-EAST,             NGFS,        57,      6.140
 -87.641945,  46.605556, 2026284, 0521,       GOES-EAST,             NGFS,        23,      3.480
 -87.612778,  46.604443, 2026284, 0521,       GOES-EAST,             NGFS,        23,      4.140
 -87.604446,  46.572498, 2026284, 0521,       GOES-EAST,             NGFS,        23,      3.600
 -89.929726,  46.424168, 2026284, 0521,       GOES-EAST,             NGFS,        23,      3.730
 -94.340553,  37.848888, 2026284, 0521,       GOES-EAST,             NGFS,         1,      5.540
 -92.068054,  36.556110, 2026284, 0521,       GOES-EAST,             NGFS,        57,      2.850
 -90.701111,  35.908054, 2026284, 0521,       GOES-EAST,             NGFS,        91,      4.370
 -97.357498,  34.079445, 2026284, 0521,       GOES-EAST,             NGFS,        91,      2.300
 -89.365555,  31.662500, 2026284, 0521,       GOES-EAST,             NGFS,        27,      3.770
 -94.776665,  31.603611, 2026284, 0521,       GOES-EAST,             NGFS,        27,      1.920
 -96.097778,  31.530834, 2026284, 0521,       GOES-EAST,             NGFS,        31,      8.630
 -92.447777,  18.435833, 2026284, 0521,       GOES-EAST,             NGFS,        93,      4.220
-114.102501,  42.348888, 2026284, 0521,       GOES-WEST,             NGFS,        52,      0.720
 -87.612778,  46.604443, 2026284, 0526,       GOES-EAST,             NGFS,        23,     12.080
 -89.929726,  46.424168, 2026284, 0526,       GOES-EAST,             NGFS,        23,      3.480
 -94.340553,  37.848888, 2026284, 0526,       GOES-EAST,             NGFS,         1,      5.130
 -93.228333,  36.952221, 2026284, 0526,       GOES-EAST,             NGFS,        57,      5.700
 -92.068054,  36.556110, 2026284, 0526,       GOES-EAST,             NGFS,        57,      2.720
 -90.701111,  35.908054, 2026284, 0526,       GOES-EAST,             NGFS,        91,      3.640
 -97.357498,  34.079445, 2026284, 0526,       GOES-EAST,             NGFS,        91,      2.720
 -89.365555,  31.662500, 2026284, 0526,       GOES-EAST,             NGFS,        27,      4.220
 -94.776665,  31.603611, 2026284, 0526,       GOES-EAST,             NGFS,        27,      2.290
 -96.097778,  31.530834, 2026284, 0526,       GOES-EAST,             NGFS,        31,      3.380
 -96.073608,  31.530001, 2026284, 0526,       GOES-EAST,             NGFS,        31,      3.830
 -92.447777,  18.435833, 2026284, 0526,       GOES-EAST,             NGFS,        93,      3.780
-114.102501,  42.348888, 2026284, 0526,       GOES-WEST,             NGFS,        52,      2.820
 -87.641945,  46.605556, 2026284, 0531,       GOES-EAST,             NGFS,        23,     11.600
 -89.929726,  46.424168, 2026284, 0531,       GOES-EAST,             NGFS,        23,      3.630
 -94.340553,  37.848888, 2026284, 0531,       GOES-EAST,             NGFS,         1,      4.530
 -93.228333,  36.952221, 2026284, 0531,       GOES-EAST,             NGFS,        57,      2.090
 -92.068054,  36.556110, 2026284, 0531,       GOES-EAST,             NGFS,        57,      2.220
 -90.701111,  35.908054, 2026284, 0531,       GOES-EAST,             NGFS,        91,      5.280
 -89.365555,  31.662500, 2026284, 0531,       GOES-EAST,             NGFS,        27,      3.980
 -94.776665,  31.603611, 2026284, 0531,       GOES-EAST,             NGFS,        27,      2.060
 -96.097778,  31.530834, 2026284, 0531,       GOES-EAST,             NGFS,        31,      7.340
-114.102501,  42.348888, 2026284, 0531,       GOES-WEST,             NGFS,        52,      0.000
 -87.612778,  46.604443, 2026284, 0536,       GOES-EAST,             NGFS,        23,     11.210
 -89.929726,  46.424168, 2026284, 0536,       GOES-EAST,             NGFS,        23,      4.400
 -94.340553,  37.848888, 2026284, 0536,       GOES-EAST,             NGFS,         1,      5.530
 -92.068054,  36.556110, 2026284, 0536,       GOES-EAST,             NGFS,        57,      1.650
 -90.701111,  35.908054, 2026284, 0536,       GOES-EAST,             NGFS,        91,      5.010
 -89.365555,  31.662500, 2026284, 0536,       GOES-EAST,             NGFS,        27,      4.660
 -94.776665,  31.603611, 2026284, 0536,       GOES-EAST,             NGFS,        27,      1.850
 -96.097778,  31.530834, 2026284, 0536,       GOES-EAST,             NGFS,        31,      3.740
 -96.073608,  31.530001, 2026284, 0536,       GOES-EAST,             NGFS,        31,      3.260
-114.102501,  42.348888, 2026284, 0536,       GOES-WEST,             NGFS,        52,      1.290
 -87.641945,  46.605556, 2026284, 0541,       GOES-EAST,             NGFS,        23,      4.420
 -87.612778,  46.604443, 2026284, 0541,       GOES-EAST,             NGFS,        23,      7.270
 -89.929726,  46.424168, 2026284, 0541,       GOES-EAST,             NGFS,        23,      3.650
 -94.340553,  37.848888, 2026284, 0541,       GOES-EAST,             NGFS,         1,      5.480
 -90.701111,  35.908054, 2026284, 0541,       GOES-EAST,             NGFS,        91,      4.180
 -89.365555,  31.662500, 2026284, 0541,       GOES-EAST,             NGFS,        27,      4.040
 -96.097778,  31.530834, 2026284, 0541,       GOES-EAST,             NGFS,        31,      7.080
-114.102501,  42.348888, 2026284, 0541,       GOES-WEST,             NGFS,        52,      2.130
 -87.641945,  46.605556, 2026284, 0546,       GOES-EAST,             NGFS,        23,      3.700
 -87.612778,  46.604443, 2026284, 0546,       GOES-EAST,             NGFS,        23,      6.880
 -89.929726,  46.424168, 2026284, 0546,       GOES-EAST,             NGFS,        23,      3.410
 -94.340553,  37.848888, 2026284, 0546,       GOES-EAST,             NGFS,         1,      4.540
 -90.701111,  35.908054, 2026284, 0546,       GOES-EAST,             NGFS,        91,      4.800
 -89.365555,  31.662500, 2026284, 0546,       GOES-EAST,             NGFS,        27,      3.530
 -96.097778,  31.530834, 2026284, 0546,       GOES-EAST,             NGFS,        31,      8.070
-114.102501,  42.348888, 2026284, 0546,       GOES-WEST,             NGFS,        52,      1.580
 -57.172157,  48.355648, 2026284, 0550,       SUOMI NPP,            VIIRS,        62,      1.218
 -87.641945,  46.605556, 2026284, 0551,       GOES-EAST,             NGFS,        23,      4.650
 -87.612778,  46.604443, 2026284, 0551,       GOES-EAST,             NGFS,        23,      7.450
 -89.929726,  46.424168, 2026284, 0551,       GOES-EAST,             NGFS,        23,      3.530
 -94.340553,  37.848888, 2026284, 0551,       GOES-EAST,             NGFS,         1,      5.710
 -90.701111,  35.908054, 2026284, 0551,       GOES-EAST,             NGFS,        91,      4.330
 -89.365555,  31.662500, 2026284, 0551,       GOES-EAST,             NGFS,        27,      3.590
 -96.097778,  31.530834, 2026284, 0551,       GOES-EAST,             NGFS,        31,      7.570
-114.102501,  42.348888, 2026284, 0551,       GOES-WEST,             NGFS,        52,      3.260
 -87.641945,  46.605556, 2026284, 0556,       GOES-EAST,             NGFS,        23,      4.650
 -87.612778,  46.604443, 2026284, 0556,       GOES-EAST,             NGFS,        23,      7.160
 -89.929726,  46.424168, 2026284, 0556,       GOES-EAST,             NGFS,        23,      3.590
 -94.340553,  37.848888, 2026284, 0556,       GOES-EAST,             NGFS,         1,      3.900
 -90.701111,  35.908054, 2026284, 0556,       GOES-EAST,             NGFS,        91,      3.670
 -89.365555,  31.662500, 2026284, 0556,       GOES-EAST,             NGFS,        27,      3.320
 -96.097778,  31.530834, 2026284, 0556,       GOES-EAST,             NGFS,        31,      8.530
-114.102501,  42.348888, 2026284, 0556,       GOES-WEST,             NGFS,        52,      2.760
 -71.613930,  19.816019, 2026284, 0556,       SUOMI NPP,            VIIRS,        13,      0.734
 -71.714439,  18.029795, 2026284, 0556,       SUOMI NPP,            VIIRS,        93,      0.727
 -87.641945,  46.605556, 2026284, 0601,       GOES-EAST,             NGFS,        23,      4.310
 -87.612778,  46.604443, 2026284, 0601,       GOES-EAST,             NGFS,        23,      6.350
 -89.929726,  46.424168, 2026284, 0601,       GOES-EAST,             NGFS,        23,      3.230
 -94.340553,  37.848888, 2026284, 0601,       GOES-EAST,             NGFS,         1,      5.510
 -90.701111,  35.908054, 2026284, 0601,       GOES-EAST,             NGFS,        91,      5.300
 -89.365555,  31.662500, 2026284, 0601,       GOES-EAST,             NGFS,        27,      2.920
 -96.097778,  31.530834, 2026284, 0601,       GOES-EAST,             NGFS,        31,      9.540
-114.102501,  42.348888, 2026284, 0601,       GOES-WEST,             NGFS,        52,      0.000
 -87.604446,  46.572498, 2026284, 0606,       GOES-EAST,             NGFS,        23,     12.620
 -89.929726,  46.424168, 2026284, 0606,       GOES-EAST,             NGFS,        23,      3.110
 -94.340553,  37.848888, 2026284, 0606,       GOES-EAST,             NGFS,         1,      5.850
 -90.701111,  35.908054, 2026284, 0606,       GOES-EAST,             NGFS,        91,      5.400
 -89.365555,  31.662500, 2026284, 0606,       GOES-EAST,             NGFS,        27,      3.570
 -96.097778,  31.530834, 2026284, 0606,       GOES-EAST,             NGFS,        31,      8.280
-114.102501,  42.348888, 2026284, 0606,       GOES-WEST,             NGFS,        52,      1.270
 -87.641945,  46.605556, 2026284, 0611,       GOES-EAST,             NGFS,        23,      4.830
 -87.612778,  46.604443, 2026284, 0611,       GOES-EAST,             NGFS,        23,      8.900
 -89.929726,  46.424168, 2026284, 0611,       GOES-EAST,             NGFS,        23,      3.600
 -94.340553,  37.848888, 2026284, 0611,       GOES-EAST,             NGFS,         1,      4.180
 -90.701111,  35.908054, 2026284, 0611,       GOES-EAST,             NGFS,        91,      4.990
 -89.365555,  31.662500, 2026284, 0611,       GOES-EAST,             NGFS,        27,      4.030
 -96.097778,  31.530834, 2026284, 0611,       GOES-EAST,             NGFS,        31,      7.720
-114.102501,  42.348888, 2026284, 0611,       GOES-WEST,             NGFS,        52,      1.910
 -87.612778,  46.604443, 2026284, 0616,       GOES-EAST,             NGFS,        23,     12.820
 -89.929726,  46.424168, 2026284, 0616,       GOES-EAST,             NGFS,        23,      3.430
 -94.340553,  37.848888, 2026284, 0616,       GOES-EAST,             NGFS,         1,      5.500
 -90.701111,  35.908054, 2026284, 0616,       GOES-EAST,             NGFS,        91,      4.520
 -89.365555,  31.662500, 2026284, 0616,       GOES-EAST,             NGFS,        27,      3.490
 -96.097778,  31.530834, 2026284, 0616,       GOES-EAST,             NGFS,        31,      4.370
 -96.073608,  31.530001, 2026284, 0616,       GOES-EAST,             NGFS,        31,      3.700
-114.102501,  42.348888, 2026284, 0616,       GOES-WEST,             NGFS,        52,      1.930
 -71.613403,  19.817621, 2026284, 0616,         NOAA 20,            VIIRS,        13,      1.395
 -71.714203,  18.028452, 2026284, 0616,         NOAA 20,            VIIRS,        93,      2.395
 -87.612778,  46.604443, 2026284, 0621,       GOES-EAST,             NGFS,        23,     12.730
 -89.929726,  46.424168, 2026284, 0621,       GOES-EAST,             NGFS,        23,      3.540
 -94.340553,  37.848888, 2026284, 0621,       GOES-EAST,             NGFS,         1,      4.950
 -90.701111,  35.908054, 2026284, 0621,       GOES-EAST,             NGFS,        91,      4.620
 -89.365555,  31.662500, 2026284, 0621,       GOES-EAST,             NGFS,        27,      3.360
 -96.097778,  31.530834, 2026284, 0621,       GOES-EAST,             NGFS,        31,      6.390
-114.102501,  42.348888, 2026284, 0621,       GOES-WEST,             NGFS,        52,      1.170
 -87.641945,  46.605556, 2026284, 0626,       GOES-EAST,             NGFS,        23,      4.530
 -87.612778,  46.604443, 2026284, 0626,       GOES-EAST,             NGFS,        23,      7.770
 -89.929726,  46.424168, 2026284, 0626,       GOES-EAST,             NGFS,        23,      3.030
 -94.340553,  37.848888, 2026284, 0626,       GOES-EAST,             NGFS,         1,      4.540
 -90.701111,  35.908054, 2026284, 0626,       GOES-EAST,             NGFS,        91,      5.740
 -89.365555,  31.662500, 2026284, 0626,       GOES-EAST,             NGFS,        27,      3.800
 -96.097778,  31.530834, 2026284, 0626,       GOES-EAST,             NGFS,        31,      7.480
-114.102501,  42.348888, 2026284, 0626,       GOES-WEST,             NGFS,        52,      0.860
 -87.641945,  46.605556, 2026284, 0631,       GOES-EAST,             NGFS,        23,      4.530
 -87.612778,  46.604443, 2026284, 0631,       GOES-EAST,             NGFS,        23,      8.380
 -89.929726,  46.424168, 2026284, 0631,       GOES-EAST,             NGFS,        23,      3.310
 -94.340553,  37.848888, 2026284, 0631,       GOES-EAST,             NGFS,         1,      3.690
 -90.701111,  35.908054, 2026284, 0631,       GOES-EAST,             NGFS,        91,      5.090
 -89.365555,  31.662500, 2026284, 0631,       GOES-EAST,             NGFS,        27,      3.090
 -96.097778,  31.530834, 2026284, 0631,       GOES-EAST,             NGFS,        31,      7.030
-114.102501,  42.348888, 2026284, 0631,       GOES-WEST,             NGFS,        52,      2.020
 -87.641945,  46.605556, 2026284, 0636,       GOES-EAST,             NGFS,        23,      4.850
 -87.612778,  46.604443, 2026284, 0636,       GOES-EAST,             NGFS,        23,      7.510
 -89.929726,  46.424168, 2026284, 0636,       GOES-EAST,             NGFS,        23,      3.510
 -94.340553,  37.848888, 2026284, 0636,       GOES-EAST,             NGFS,         1,      3.340
 -90.701111,  35.908054, 2026284, 0636,       GOES-EAST,             NGFS,        91,      6.230
 -89.365555,  31.662500, 2026284, 0636,       GOES-EAST,             NGFS,        27,      3.320
 -96.097778,  31.530834, 2026284, 0636,       GOES-EAST,             NGFS,        31,      6.870
-114.102501,  42.348888, 2026284, 0636,       GOES-WEST,             NGFS,        52,      2.880
 -87.641945,  46.605556, 2026284, 0641,       GOES-EAST,             NGFS,        23,      3.720
 -87.612778,  46.604443, 2026284, 0641,       GOES-EAST,             NGFS,        23,      6.680
 -89.929726,  46.424168, 2026284, 0641,       GOES-EAST,             NGFS,        23,      3.580
 -94.340553,  37.848888, 2026284, 0641,       GOES-EAST,             NGFS,         1,      3.970
 -90.701111,  35.908054, 2026284, 0641,       GOES-EAST,             NGFS,        91,      5.890
 -89.365555,  31.662500, 2026284, 0641,       GOES-EAST,             NGFS,        27,      2.970
 -96.097778,  31.530834, 2026284, 0641,       GOES-EAST,             NGFS,        31,      6.770
-114.102501,  42.348888, 2026284, 0641,       GOES-WEST,             NGFS,        52,      0.700
 -87.641945,  46.605556, 2026284, 0646,       GOES-EAST,             NGFS,        23,      4.880
 -87.612778,  46.604443, 2026284, 0646,       GOES-EAST,             NGFS,        23,      8.640
 -89.929726,  46.424168, 2026284, 0646,       GOES-EAST,             NGFS,        23,      3.620
 -94.340553,  37.848888, 2026284, 0646,       GOES-EAST,             NGFS,         1,      4.160
 -90.701111,  35.908054, 2026284, 0646,       GOES-EAST,             NGFS,        91,      6.430
 -89.365555,  31.662500, 2026284, 0646,       GOES-EAST,             NGFS,        27,      2.920
 -96.097778,  31.530834, 2026284, 0646,       GOES-EAST,             NGFS,        31,      5.950
-114.102501,  42.348888, 2026284, 0646,       GOES-WEST,             NGFS,        52,      1.140
 -87.612778,  46.604443, 2026284, 0651,       GOES-EAST,             NGFS,        23,      7.810
 -87.604446,  46.572498, 2026284, 0651,       GOES-EAST,             NGFS,        23,      4.450
 -89.929726,  46.424168, 2026284, 0651,       GOES-EAST,             NGFS,        23,      3.650
 -94.340553,  37.848888, 2026284, 0651,       GOES-EAST,             NGFS,         1,      4.910
 -90.701111,  35.908054, 2026284, 0651,       GOES-EAST,             NGFS,        91,      4.450
 -89.365555,  31.662500, 2026284, 0651,       GOES-EAST,             NGFS,        27,      2.780
 -96.097778,  31.530834, 2026284, 0651,       GOES-EAST,             NGFS,        31,      6.510
-114.102501,  42.348888, 2026284, 0651,       GOES-WEST,             NGFS,        52,      1.960
 -88.179726,  46.632057, 2026284, 0653,         NOAA 21,            VIIRS,        23,      1.531
 -88.174118,  46.631916, 2026284, 0653,         NOAA 21,            VIIRS,        23,      1.531
 -88.169098,  46.635944, 2026284, 0653,         NOAA 21,            VIIRS,        23,      1.537
 -88.175079,  46.630402, 2026284, 0653,         NOAA 21,            VIIRS,        23,      1.537
 -87.622505,  46.595306, 2026284, 0653,         NOAA 21,            VIIRS,        23,      2.136
 -87.617271,  46.595123, 2026284, 0653,         NOAA 21,            VIIRS,        23,      1.675
 -87.623192,  46.589745, 2026284, 0653,         NOAA 21,            VIIRS,        23,      2.136
 -87.617752,  46.589554, 2026284, 0653,         NOAA 21,            VIIRS,        23,      1.675
 -89.927391,  46.425571, 2026284, 0653,         NOAA 21,            VIIRS,        23,      2.055
 -78.761536,  44.525642, 2026284, 0653,         NOAA 21,            VIIRS,        55,      0.951
 -87.604446,  46.572498, 2026284, 0656,       GOES-EAST,             NGFS,        23,     10.230
 -89.929726,  46.424168, 2026284, 0656,       GOES-EAST,             NGFS,        23,      2.460
 -94.340553,  37.848888, 2026284, 0656,       GOES-EAST,             NGFS,         1,      4.830
 -90.701111,  35.908054, 2026284, 0656,       GOES-EAST,             NGFS,        91,      4.410
 -89.365555,  31.662500, 2026284, 0656,       GOES-EAST,             NGFS,        27,      2.330
 -96.097778,  31.530834, 2026284, 0656,       GOES-EAST,             NGFS,        31,      6.620
-114.102501,  42.348888, 2026284, 0656,       GOES-WEST,             NGFS,        52,      3.410
 -91.786880,  38.771130, 2026284, 0658,         NOAA 21,            VIIRS,        26,      1.080
 -91.786209,  38.771282, 2026284, 0658,         NOAA 21,            VIIRS,        26,      1.620
 -92.069054,  36.559734, 2026284, 0658,         NOAA 21,            VIIRS,        57,      1.951
 -90.698853,  35.905346, 2026284, 0658,         NOAA 21,            VIIRS,        91,      2.732
 -90.693192,  35.905087, 2026284, 0658,         NOAA 21,            VIIRS,        26,      2.732
 -88.551971,  33.428036, 2026284, 0658,         NOAA 21,            VIIRS,        26,      0.419
 -88.960991,  33.176659, 2026284, 0658,         NOAA 21,            VIIRS,        26,      0.578
 -94.476471,  32.913128, 2026284, 0658,         NOAA 21,            VIIRS,        27,      0.745
 -90.041351,  32.575710, 2026284, 0658,         NOAA 21,            VIIRS,        57,      0.570
 -90.402946,  31.977173, 2026284, 0658,         NOAA 21,            VIIRS,        27,      1.433
 -89.366570,  31.664316, 2026284, 0658,         NOAA 21,            VIIRS,        27,      3.138
 -88.435387,  31.464449, 2026284, 0658,         NOAA 21,            VIIRS,        27,      0.386
 -88.434875,  31.466192, 2026284, 0658,         NOAA 21,            VIIRS,        27,      0.357
 -87.641945,  46.605556, 2026284, 0701,       GOES-EAST,             NGFS,        23,      3.330
 -87.612778,  46.604443, 2026284, 0701,       GOES-EAST,             NGFS,        23,      3.760
 -87.604446,  46.572498, 2026284, 0701,       GOES-EAST,             NGFS,        23,      3.870
 -89.929726,  46.424168, 2026284, 0701,       GOES-EAST,             NGFS,        23,      3.200
 -94.340553,  37.848888, 2026284, 0701,       GOES-EAST,             NGFS,         1,      4.310
 -90.701111,  35.908054, 2026284, 0701,       GOES-EAST,             NGFS,        91,      5.040
 -89.365555,  31.662500, 2026284, 0701,       GOES-EAST,             NGFS,        27,      2.340
 -96.097778,  31.530834, 2026284, 0701,       GOES-EAST,             NGFS,        31,      6.330
-114.102501,  42.348888, 2026284, 0701,       GOES-WEST,             NGFS,        52,      0.720
 -89.092697,  31.396654, 2026284, 0701,         NOAA 21,            VIIRS,        27,      0.964
 -71.614876,  19.814705, 2026284, 0701,         NOAA 21,            VIIRS,        13,      0.640
 -71.713287,  18.030817, 2026284, 0701,         NOAA 21,            VIIRS,        93,      2.988
 -71.716217,  18.026905, 2026284, 0701,         NOAA 21,            VIIRS,        93,      2.819
 -88.225510,  18.310539, 2026284, 0701,         NOAA 21,            VIIRS,        93,      1.193
 -88.226074,  18.306265, 2026284, 0701,         NOAA 21,            VIIRS,        33,      1.193
 -87.641945,  46.605556, 2026284, 0706,       GOES-EAST,             NGFS,        23,      3.620
 -87.612778,  46.604443, 2026284, 0706,       GOES-EAST,             NGFS,        23,      3.320
 -87.604446,  46.572498, 2026284, 0706,       GOES-EAST,             NGFS,        23,      3.200
 -89.929726,  46.424168, 2026284, 0706,       GOES-EAST,             NGFS,        23,      3.150
 -94.340553,  37.848888, 2026284, 0706,       GOES-EAST,             NGFS,         1,      4.290
 -90.701111,  35.908054, 2026284, 0706,       GOES-EAST,             NGFS,        91,      4.730
 -89.365555,  31.662500, 2026284, 0706,       GOES-EAST,             NGFS,        27,      1.960
 -96.097778,  31.530834, 2026284, 0706,       GOES-EAST,             NGFS,        31,      7.300
-114.102501,  42.348888, 2026284, 0706,       GOES-WEST,             NGFS,        52,      1.460
 -87.612778,  46.604443, 2026284, 0711,       GOES-EAST,             NGFS,        23,      7.640
 -87.604446,  46.572498, 2026284, 0711,       GOES-EAST,             NGFS,        23,      3.850
 -89.929726,  46.424168, 2026284, 0711,       GOES-EAST,             NGFS,        23,      3.530
 -94.340553,  37.848888, 2026284, 0711,       GOES-EAST,             NGFS,         1,      5.430
 -90.701111,  35.908054, 2026284, 0711,       GOES-EAST,             NGFS,        91,      4.530
 -89.365555,  31.662500, 2026284, 0711,       GOES-EAST,             NGFS,        27,      2.870
 -96.097778,  31.530834, 2026284, 0711,       GOES-EAST,             NGFS,        31,      6.200
 -87.612778,  46.604443, 2026284, 0716,       GOES-EAST,             NGFS,        23,      7.160
 -87.604446,  46.572498, 2026284, 0716,       GOES-EAST,             NGFS,        23,      4.480
 -89.929726,  46.424168, 2026284, 0716,       GOES-EAST,             NGFS,        23,      3.860
 -94.340553,  37.848888, 2026284, 0716,       GOES-EAST,             NGFS,         1,      5.080
 -90.701111,  35.908054, 2026284, 0716,       GOES-EAST,             NGFS,        91,      4.380
 -89.365555,  31.662500, 2026284, 0716,       GOES-EAST,             NGFS,        27,      2.490
 -96.097778,  31.530834, 2026284, 0716,       GOES-EAST,             NGFS,        31,      2.960
 -96.073608,  31.530001, 2026284, 0716,       GOES-EAST,             NGFS,        31,      2.940
 -87.612778,  46.604443, 2026284, 0721,       GOES-EAST,             NGFS,        23,     11.600
 -89.929726,  46.424168, 2026284, 0721,       GOES-EAST,             NGFS,        23,      4.100
 -94.340553,  37.848888, 2026284, 0721,       GOES-EAST,             NGFS,         1,      4.380
 -90.701111,  35.908054, 2026284, 0721,       GOES-EAST,             NGFS,        91,      4.060
 -89.365555,  31.662500, 2026284, 0721,       GOES-EAST,             NGFS,        27,      2.830
 -96.097778,  31.530834, 2026284, 0721,       GOES-EAST,             NGFS,        31,      5.900
 -87.604446,  46.572498, 2026284, 0726,       GOES-EAST,             NGFS,        23,      9.020
 -89.929726,  46.424168, 2026284, 0726,       GOES-EAST,             NGFS,        23,      2.880
 -94.340553,  37.848888, 2026284, 0726,       GOES-EAST,             NGFS,         1,      3.690
 -90.701111,  35.908054, 2026284, 0726,       GOES-EAST,             NGFS,        91,      3.780
 -89.365555,  31.662500, 2026284, 0726,       GOES-EAST,             NGFS,        27,      2.280
 -96.097778,  31.530834, 2026284, 0726,       GOES-EAST,             NGFS,        31,      6.780
 -87.641945,  46.605556, 2026284, 0731,       GOES-EAST,             NGFS,        23,      3.350
 -87.612778,  46.604443, 2026284, 0731,       GOES-EAST,             NGFS,        23,      6.510
 -89.929726,  46.424168, 2026284, 0731,       GOES-EAST,             NGFS,        23,      3.300
 -94.340553,  37.848888, 2026284, 0731,       GOES-EAST,             NGFS,         1,      3.500
 -90.701111,  35.908054, 2026284, 0731,       GOES-EAST,             NGFS,        91,      4.380
 -89.365555,  31.662500, 2026284, 0731,       GOES-EAST,             NGFS,        27,      2.190
 -96.097778,  31.530834, 2026284, 0731,       GOES-EAST,             NGFS,        31,      3.570
 -87.614166,  46.598991, 2026284, 0731,       SUOMI NPP,            VIIRS,        23,      1.806
 -87.620415,  46.595264, 2026284, 0731,       SUOMI NPP,            VIIRS,        23,      1.806
 -87.614914,  46.594799, 2026284, 0731,       SUOMI NPP,            VIIRS,        23,      1.806
 -87.621330,  46.595272, 2026284, 0731,       SUOMI NPP,            VIIRS,        23,      3.197
 -87.615837,  46.594784, 2026284, 0731,       SUOMI NPP,            VIIRS,        23,      1.896
 -87.627785,  46.591591, 2026284, 0731,       SUOMI NPP,            VIIRS,        23,      3.197
 -87.622200,  46.591091, 2026284, 0731,       SUOMI NPP,            VIIRS,        23,      3.197
 -87.616623,  46.590595, 2026284, 0731,       SUOMI NPP,            VIIRS,        23,      1.896
 -88.176735,  46.634720, 2026284, 0731,       SUOMI NPP,            VIIRS,        23,      1.243
 -88.170876,  46.634232, 2026284, 0731,       SUOMI NPP,            VIIRS,        23,      1.243
 -88.165009,  46.633736, 2026284, 0731,       SUOMI NPP,            VIIRS,        23,      0.574
 -88.177490,  46.630417, 2026284, 0731,       SUOMI NPP,            VIIRS,        23,      1.243
 -88.171654,  46.629929, 2026284, 0731,       SUOMI NPP,            VIIRS,        23,      1.243
 -89.933273,  46.428051, 2026284, 0731,       SUOMI NPP,            VIIRS,        23,      1.176
 -89.926178,  46.427567, 2026284, 0731,       SUOMI NPP,            VIIRS,        23,      3.124
 -78.994026,  44.474751, 2026284, 0731,       SUOMI NPP,            VIIRS,        25,      0.550
 -91.785507,  38.771824, 2026284, 0731,       SUOMI NPP,            VIIRS,        26,      1.651
 -91.786461,  38.772263, 2026284, 0731,       SUOMI NPP,            VIIRS,        26,      1.167
 -94.249107,  38.814747, 2026284, 0731,       SUOMI NPP,            VIIRS,        30,      2.059
 -94.244690,  38.814491, 2026284, 0731,       SUOMI NPP,            VIIRS,        30,      1.909
 -83.757492,  37.218090, 2026284, 0731,       SUOMI NPP,            VIIRS,        26,      0.506
 -83.753143,  37.217434, 2026284, 0731,       SUOMI NPP,            VIIRS,        26,      0.506
 -94.334351,  37.854610, 2026284, 0731,       SUOMI NPP,            VIIRS,         1,      1.254
 -94.334877,  37.849171, 2026284, 0731,       SUOMI NPP,            VIIRS,         1,      1.254
 -94.330513,  37.848915, 2026284, 0731,       SUOMI NPP,            VIIRS,         1,      1.254
 -92.070641,  36.563931, 2026284, 0731,       SUOMI NPP,            VIIRS,        26,      0.851
 -92.071152,  36.559200, 2026284, 0731,       SUOMI NPP,            VIIRS,        57,      0.851
 -87.612778,  46.604443, 2026284, 0736,       GOES-EAST,             NGFS,        23,      6.140
 -87.604446,  46.572498, 2026284, 0736,       GOES-EAST,             NGFS,        23,      3.770
 -89.929726,  46.424168, 2026284, 0736,       GOES-EAST,             NGFS,        23,      3.180
 -94.340553,  37.848888, 2026284, 0736,       GOES-EAST,             NGFS,         1,      4.220
 -90.701111,  35.908054, 2026284, 0736,       GOES-EAST,             NGFS,        91,      3.950
 -89.365555,  31.662500, 2026284, 0736,       GOES-EAST,             NGFS,        27,      2.030
 -96.097778,  31.530834, 2026284, 0736,       GOES-EAST,             NGFS,        31,      3.300
 -90.694687,  35.903793, 2026284, 0737,       SUOMI NPP,            VIIRS,        26,      4.216
 -94.395416,  36.014526, 2026284, 0737,       SUOMI NPP,            VIIRS,        57,      0.347
 -94.392174,  36.017323, 2026284, 0737,       SUOMI NPP,            VIIRS,        57,      0.474
 -94.348442,  35.855156, 2026284, 0737,       SUOMI NPP,            VIIRS,        26,      0.378
 -95.216049,  34.905865, 2026284, 0737,       SUOMI NPP,            VIIRS,        31,      0.183
 -80.646690,  32.834652, 2026284, 0737,       SUOMI NPP,            VIIRS,        27,      0.858
 -89.959328,  34.149769, 2026284, 0737,       SUOMI NPP,            VIIRS,        26,      0.661
 -89.961098,  34.150906, 2026284, 0737,       SUOMI NPP,            VIIRS,        57,      0.496
 -88.553032,  33.426807, 2026284, 0737,       SUOMI NPP,            VIIRS,        26,      0.967
 -97.362389,  34.074818, 2026284, 0737,       SUOMI NPP,            VIIRS,        91,      1.654
 -97.361549,  34.076767, 2026284, 0737,       SUOMI NPP,            VIIRS,        91,      1.020
 -88.960213,  33.176060, 2026284, 0737,       SUOMI NPP,            VIIRS,        26,      0.310
 -90.742195,  32.937828, 2026284, 0737,       SUOMI NPP,            VIIRS,        57,      0.424
 -90.038681,  32.572914, 2026284, 0737,       SUOMI NPP,            VIIRS,        57,      0.890
 -94.476852,  32.907959, 2026284, 0737,       SUOMI NPP,            VIIRS,        27,      0.526
 -89.147171,  32.211617, 2026284, 0737,       SUOMI NPP,            VIIRS,        27,      0.738
 -95.665634,  32.826260, 2026284, 0737,       SUOMI NPP,            VIIRS,        31,      1.234
 -90.403397,  31.979834, 2026284, 0737,       SUOMI NPP,            VIIRS,        27,      1.492
 -89.368149,  31.663357, 2026284, 0737,       SUOMI NPP,            VIIRS,        27,      1.600
 -89.362679,  31.662701, 2026284, 0737,       SUOMI NPP,            VIIRS,        27,      1.812
 -88.433670,  31.466316, 2026284, 0737,       SUOMI NPP,            VIIRS,        27,      0.382
 -89.092934,  31.396395, 2026284, 0737,       SUOMI NPP,            VIIRS,        27,      1.008
 -96.510643,  31.811098, 2026284, 0737,       SUOMI NPP,            VIIRS,        31,      0.973
 -94.781425,  31.598667, 2026284, 0737,       SUOMI NPP,            VIIRS,        27,      1.054
 -94.777771,  31.598375, 2026284, 0737,       SUOMI NPP,            VIIRS,        27,      1.167
 -96.089920,  31.527979, 2026284, 0737,       SUOMI NPP,            VIIRS,        31,      3.014
 -96.085579,  31.527695, 2026284, 0737,       SUOMI NPP,            VIIRS,        31,      2.025
 -97.112419,  29.726913, 2026284, 0737,       SUOMI NPP,            VIIRS,        31,      0.508
 -95.585228,  29.333750, 2026284, 0737,       SUOMI NPP,            VIIRS,        31,      3.069
 -95.581383,  29.333439, 2026284, 0737,       SUOMI NPP,            VIIRS,        31,      3.069
 -88.225494,  18.310188, 2026284, 0737,       SUOMI NPP,            VIIRS,        93,      1.129
 -88.226067,  18.306877, 2026284, 0737,       SUOMI NPP,            VIIRS,        33,      1.129
 -87.612778,  46.604443, 2026284, 0741,       GOES-EAST,             NGFS,        23,     10.320
 -89.929726,  46.424168, 2026284, 0741,       GOES-EAST,             NGFS,        23,      4.090
 -94.340553,  37.848888, 2026284, 0741,       GOES-EAST,             NGFS,         1,      4.170
 -90.701111,  35.908054, 2026284, 0741,       GOES-EAST,             NGFS,        91,      3.730
 -89.365555,  31.662500, 2026284, 0741,       GOES-EAST,             NGFS,        27,      2.820
 -96.097778,  31.530834, 2026284, 0741,       GOES-EAST,             NGFS,        31,      2.630
 -87.612778,  46.604443, 2026284, 0746,       GOES-EAST,             NGFS,        23,     10.210
 -89.929726,  46.424168, 2026284, 0746,       GOES-EAST,             NGFS,        23,      3.180
 -94.340553,  37.848888, 2026284, 0746,       GOES-EAST,             NGFS,         1,      3.750
 -90.701111,  35.908054, 2026284, 0746,       GOES-EAST,             NGFS,        91,      2.630
 -89.365555,  31.662500, 2026284, 0746,       GOES-EAST,             NGFS,        27,      2.400
 -96.097778,  31.530834, 2026284, 0746,       GOES-EAST,             NGFS,        31,      2.700
 -91.944344,  47.954815, 2026284, 0749,         NOAA 20,            VIIRS,        23,      0.574
 -87.623314,  46.598171, 2026284, 0749,         NOAA 20,            VIIRS,        23,      2.522
 -87.618279,  46.597431, 2026284, 0749,         NOAA 20,            VIIRS,        23,      2.522
 -87.613251,  46.596695, 2026284, 0749,         NOAA 20,            VIIRS,        23,      1.573
 -87.624336,  46.594875, 2026284, 0749,         NOAA 20,            VIIRS,        23,      3.597
 -87.619293,  46.594135, 2026284, 0749,         NOAA 20,            VIIRS,        23,      3.597
 -87.625366,  46.591579, 2026284, 0749,         NOAA 20,            VIIRS,        23,      3.597
 -87.620316,  46.590843, 2026284, 0749,         NOAA 20,            VIIRS,        23,      3.597
 -88.169083,  46.638401, 2026284, 0749,         NOAA 20,            VIIRS,        23,      0.982
 -88.180359,  46.636517, 2026284, 0749,         NOAA 20,            VIIRS,        23,      0.450
 -88.175217,  46.635796, 2026284, 0749,         NOAA 20,            VIIRS,        23,      0.982
 -88.170074,  46.635075, 2026284, 0749,         NOAA 20,            VIIRS,        23,      0.982
 -88.176208,  46.632469, 2026284, 0749,         NOAA 20,            VIIRS,        23,      2.883
 -88.171066,  46.631748, 2026284, 0749,         NOAA 20,            VIIRS,        23,      2.883
 -89.930870,  46.430443, 2026284, 0749,         NOAA 20,            VIIRS,        23,      2.074
 -89.925255,  46.429741, 2026284, 0749,         NOAA 20,            VIIRS,        23,      1.666
 -89.931793,  46.426964, 2026284, 0749,         NOAA 20,            VIIRS,        23,      2.074
 -89.926186,  46.426270, 2026284, 0749,         NOAA 20,            VIIRS,        23,      1.666
 -97.371231,  42.405197, 2026284, 0749,         NOAA 20,            VIIRS,        35,      0.934
 -87.604446,  46.572498, 2026284, 0751,       GOES-EAST,             NGFS,        23,      8.130
 -89.929726,  46.424168, 2026284, 0751,       GOES-EAST,             NGFS,        23,      2.620
 -94.340553,  37.848888, 2026284, 0751,       GOES-EAST,             NGFS,         1,      4.220
 -90.701111,  35.908054, 2026284, 0751,       GOES-EAST,             NGFS,        91,      3.630
 -89.365555,  31.662500, 2026284, 0751,       GOES-EAST,             NGFS,        27,      1.700
 -91.023567,  38.743160, 2026284, 0755,         NOAA 20,            VIIRS,        25,      0.258
 -91.790352,  38.775429, 2026284, 0755,         NOAA 20,            VIIRS,        57,      0.685
 -91.785545,  38.774784, 2026284, 0755,         NOAA 20,            VIIRS,        26,      0.685
 -83.758980,  37.218861, 2026284, 0755,         NOAA 20,            VIIRS,        26,      1.052
 -94.248436,  38.818146, 2026284, 0755,         NOAA 20,            VIIRS,        30,      3.547
 -95.669380,  38.909542, 2026284, 0755,         NOAA 20,            VIIRS,         7,      0.713
 -91.885956,  38.376049, 2026284, 0755,         NOAA 20,            VIIRS,        26,      1.419
 -96.916641,  38.372597, 2026284, 0755,         NOAA 20,            VIIRS,        91,      1.912
 -94.334145,  37.851616, 2026284, 0755,         NOAA 20,            VIIRS,         1,      6.915
 -96.790901,  37.469746, 2026284, 0755,         NOAA 20,            VIIRS,         7,      0.753
 -92.126251,  36.604584, 2026284, 0755,         NOAA 20,            VIIRS,        26,      0.654
 -92.074150,  36.562363, 2026284, 0755,         NOAA 20,            VIIRS,        26,      1.828
 -92.069565,  36.561733, 2026284, 0755,         NOAA 20,            VIIRS,        26,      0.916
 -90.697517,  35.904087, 2026284, 0755,         NOAA 20,            VIIRS,        91,      5.639
 -94.394653,  36.015980, 2026284, 0755,         NOAA 20,            VIIRS,        57,      0.429
 -91.047600,  35.446770, 2026284, 0755,         NOAA 20,            VIIRS,        35,      0.741
 -94.348885,  35.853722, 2026284, 0755,         NOAA 20,            VIIRS,        26,      1.199
 -95.079788,  35.869926, 2026284, 0755,         NOAA 20,            VIIRS,        57,      0.431
 -98.249611,  35.986736, 2026284, 0755,         NOAA 20,            VIIRS,        41,      0.902
 -88.521591,  34.049694, 2026284, 0755,         NOAA 20,            VIIRS,        26,      1.060
 -88.567268,  34.029690, 2026284, 0755,         NOAA 20,            VIIRS,        57,      0.228
 -95.216316,  34.909573, 2026284, 0755,         NOAA 20,            VIIRS,        31,      1.263
 -89.961525,  34.149185, 2026284, 0755,         NOAA 20,            VIIRS,        26,      0.712
 -96.028824,  34.948833, 2026284, 0755,         NOAA 20,            VIIRS,        91,      0.858
 -96.029137,  34.950401, 2026284, 0755,         NOAA 20,            VIIRS,        91,      0.465
 -96.029823,  34.946445, 2026284, 0755,         NOAA 20,            VIIRS,        91,      0.465
 -96.219498,  34.675705, 2026284, 0755,         NOAA 20,            VIIRS,        30,      0.882
 -97.788681,  34.753132, 2026284, 0755,         NOAA 20,            VIIRS,        91,      0.482
 -92.954842,  34.001823, 2026284, 0755,         NOAA 20,            VIIRS,        57,      1.148
 -96.361504,  34.348740, 2026284, 0755,         NOAA 20,            VIIRS,        91,      0.418
 -97.363548,  34.078533, 2026284, 0755,         NOAA 20,            VIIRS,        91,      0.894
 -97.364166,  34.074306, 2026284, 0755,         NOAA 20,            VIIRS,        91,      0.894
 -90.042473,  32.575516, 2026284, 0755,         NOAA 20,            VIIRS,        57,      0.656
 -89.147697,  32.215839, 2026284, 0755,         NOAA 20,            VIIRS,        27,      0.475
 -89.144257,  32.211754, 2026284, 0755,         NOAA 20,            VIIRS,        27,      0.548
 -94.477837,  32.911232, 2026284, 0755,         NOAA 20,            VIIRS,        27,      0.418
 -95.670677,  32.829487, 2026284, 0755,         NOAA 20,            VIIRS,        31,      0.925
 -95.665192,  32.828827, 2026284, 0755,         NOAA 20,            VIIRS,        31,      0.925
 -90.407425,  31.980421, 2026284, 0755,         NOAA 20,            VIIRS,        27,      1.099
 -90.403381,  31.979759, 2026284, 0755,         NOAA 20,            VIIRS,        27,      1.023
 -89.367615,  31.664913, 2026284, 0755,         NOAA 20,            VIIRS,        27,      2.042
 -89.363411,  31.664183, 2026284, 0755,         NOAA 20,            VIIRS,        27,      1.512
 -88.437225,  31.467573, 2026284, 0755,         NOAA 20,            VIIRS,        27,      0.391
 -96.616295,  32.521667, 2026284, 0755,         NOAA 20,            VIIRS,        41,      0.901
 -89.091866,  31.397833, 2026284, 0755,         NOAA 20,            VIIRS,        27,      0.643
 -89.092667,  31.394453, 2026284, 0755,         NOAA 20,            VIIRS,        94,      0.643
 -95.822777,  32.139763, 2026284, 0755,         NOAA 20,            VIIRS,        31,      0.722
 -90.423325,  31.280142, 2026284, 0755,         NOAA 20,            VIIRS,        27,      0.574
 -96.511032,  31.812744, 2026284, 0755,         NOAA 20,            VIIRS,        31,      1.426
 -94.782318,  31.602825, 2026284, 0755,         NOAA 20,            VIIRS,        27,      0.647
 -94.777542,  31.602209, 2026284, 0755,         NOAA 20,            VIIRS,        27,      0.647
 -94.782967,  31.599249, 2026284, 0755,         NOAA 20,            VIIRS,        27,      1.276
 -93.257072,  31.368521, 2026284, 0755,         NOAA 20,            VIIRS,        56,      0.505
 -96.093300,  31.533556, 2026284, 0755,         NOAA 20,            VIIRS,        31,      2.704
 -96.093925,  31.529741, 2026284, 0755,         NOAA 20,            VIIRS,        31,      1.201
 -96.088486,  31.529106, 2026284, 0755,         NOAA 20,            VIIRS,        31,      1.201
 -96.960854,  31.512676, 2026284, 0755,         NOAA 20,            VIIRS,        94,      1.143
 -95.948151,  31.147121, 2026284, 0755,         NOAA 20,            VIIRS,        31,      0.720
 -97.620140,  31.299582, 2026284, 0755,         NOAA 20,            VIIRS,        94,      0.420
 -91.951195,  30.227234, 2026284, 0755,         NOAA 20,            VIIRS,        27,      0.512
 -93.893509,  30.065947, 2026284, 0755,         NOAA 20,            VIIRS,        27,      0.731
 -97.114182,  29.728275, 2026284, 0755,         NOAA 20,            VIIRS,        31,      0.686
 -95.586395,  29.333986, 2026284, 0755,         NOAA 20,            VIIRS,        31,     10.559
-101.094950,  29.915577, 2026284, 0755,         NOAA 20,            VIIRS,        40,      0.380
 -87.604446,  46.572498, 2026284, 0756,       GOES-EAST,             NGFS,        23,      8.970
 -89.929726,  46.424168, 2026284, 0756,       GOES-EAST,             NGFS,        23,      2.810
 -94.340553,  37.848888, 2026284, 0756,       GOES-EAST,             NGFS,         1,      4.450
 -90.701111,  35.908054, 2026284, 0756,       GOES-EAST,             NGFS,        91,      3.690
 -89.365555,  31.662500, 2026284, 0756,       GOES-EAST,             NGFS,        27,      2.180
 -87.604446,  46.572498, 2026284, 0801,       GOES-EAST,             NGFS,        23,      8.700
 -89.929726,  46.424168, 2026284, 0801,       GOES-EAST,             NGFS,        23,      2.600
 -94.340553,  37.848888, 2026284, 0801,       GOES-EAST,             NGFS,         1,      3.840
 -90.701111,  35.908054, 2026284, 0801,       GOES-EAST,             NGFS,        91,      4.470
 -89.365555,  31.662500, 2026284, 0801,       GOES-EAST,             NGFS,        27,      1.840
 -88.228073,  18.309290, 2026284, 0801,         NOAA 20,            VIIRS,        33,      1.368
 -95.522087,  17.851917, 2026284, 0801,         NOAA 20,            VIIRS,        92,      0.320
 -87.612778,  46.604443, 2026284, 0806,       GOES-EAST,             NGFS,        23,     10.890
 -89.929726,  46.424168, 2026284, 0806,       GOES-EAST,             NGFS,        23,      3.030
 -94.340553,  37.848888, 2026284, 0806,       GOES-EAST,             NGFS,         1,      4.030
 -90.701111,  35.908054, 2026284, 0806,       GOES-EAST,             NGFS,        91,      2.610
 -89.365555,  31.662500, 2026284, 0806,       GOES-EAST,             NGFS,        27,      2.680
 -87.612778,  46.604443, 2026284, 0811,       GOES-EAST,             NGFS,        23,      6.840
 -87.604446,  46.572498, 2026284, 0811,       GOES-EAST,             NGFS,        23,      4.260
 -89.929726,  46.424168, 2026284, 0811,       GOES-EAST,             NGFS,        23,      3.340
 -94.340553,  37.848888, 2026284, 0811,       GOES-EAST,             NGFS,         1,      4.580
 -90.701111,  35.908054, 2026284, 0811,       GOES-EAST,             NGFS,        91,      3.020
 -89.365555,  31.662500, 2026284, 0811,       GOES-EAST,             NGFS,        27,      1.830
 -87.641945,  46.605556, 2026284, 0816,       GOES-EAST,             NGFS,        23,      3.570
 -87.612778,  46.604443, 2026284, 0816,       GOES-EAST,             NGFS,        23,      3.400
 -87.604446,  46.572498, 2026284, 0816,       GOES-EAST,             NGFS,        23,      3.280
 -89.929726,  46.424168, 2026284, 0816,       GOES-EAST,             NGFS,        23,      2.030
 -94.340553,  37.848888, 2026284, 0816,       GOES-EAST,             NGFS,         1,      3.200
 -90.701111,  35.908054, 2026284, 0816,       GOES-EAST,             NGFS,        91,      3.760
 -89.365555,  31.662500, 2026284, 0816,       GOES-EAST,             NGFS,        27,      2.060
 -90.304443,  46.054722, 2026284, 0821,       GOES-EAST,             NGFS,        23,      3.970
 -87.641945,  46.605556, 2026284, 0821,       GOES-EAST,             NGFS,        23,      4.340
 -87.612778,  46.604443, 2026284, 0821,       GOES-EAST,             NGFS,        23,      7.440
 -89.929726,  46.424168, 2026284, 0821,       GOES-EAST,             NGFS,        23,      2.870
 -94.340553,  37.848888, 2026284, 0821,       GOES-EAST,             NGFS,         1,      3.610
 -90.701111,  35.908054, 2026284, 0821,       GOES-EAST,             NGFS,        91,      3.990
 -89.365555,  31.662500, 2026284, 0821,       GOES-EAST,             NGFS,        27,      1.910
 -87.641945,  46.605556, 2026284, 0826,       GOES-EAST,             NGFS,        23,      4.810
 -87.612778,  46.604443, 2026284, 0826,       GOES-EAST,             NGFS,        23,      7.290
 -89.929726,  46.424168, 2026284, 0826,       GOES-EAST,             NGFS,        23,      3.060
 -94.340553,  37.848888, 2026284, 0826,       GOES-EAST,             NGFS,         1,      3.290
 -90.701111,  35.908054, 2026284, 0826,       GOES-EAST,             NGFS,        91,      3.330
 -89.365555,  31.662500, 2026284, 0826,       GOES-EAST,             NGFS,        27,      2.050
 -87.612778,  46.604443, 2026284, 0831,       GOES-EAST,             NGFS,        23,     13.780
 -89.929726,  46.424168, 2026284, 0831,       GOES-EAST,             NGFS,        23,      3.190
 -94.340553,  37.848888, 2026284, 0831,       GOES-EAST,             NGFS,         1,      5.280
 -90.701111,  35.908054, 2026284, 0831,       GOES-EAST,             NGFS,        91,      3.270
 -89.365555,  31.662500, 2026284, 0831,       GOES-EAST,             NGFS,        27,      2.360
-118.710710,  54.714787, 2026284, 0834,         NOAA 21,            VIIRS,        60,      2.016
-117.157420,  51.440960, 2026284, 0834,         NOAA 21,            VIIRS,        21,      5.821
-117.148370,  51.441124, 2026284, 0834,         NOAA 21,            VIIRS,        21,      5.821
-117.139860,  51.441273, 2026284, 0834,         NOAA 21,            VIIRS,        21,      6.155
-117.138650,  51.434528, 2026284, 0834,         NOAA 21,            VIIRS,        21,      6.155
 -91.943901,  47.954197, 2026284, 0834,         NOAA 21,            VIIRS,        23,      0.992
 -87.622093,  46.595718, 2026284, 0834,         NOAA 21,            VIIRS,        23,      3.831
 -87.614838,  46.593803, 2026284, 0834,         NOAA 21,            VIIRS,        23,      2.359
 -87.624481,  46.591160, 2026284, 0834,         NOAA 21,            VIIRS,        23,      3.831
 -87.617355,  46.589268, 2026284, 0834,         NOAA 21,            VIIRS,        23,      2.359
 -88.166328,  46.633797, 2026284, 0834,         NOAA 21,            VIIRS,        23,      2.359
 -88.175613,  46.631138, 2026284, 0834,         NOAA 21,            VIIRS,        23,      2.359
 -97.308022,  48.375744, 2026284, 0834,         NOAA 21,            VIIRS,        30,      0.365
 -97.343040,  48.361073, 2026284, 0834,         NOAA 21,            VIIRS,        30,      0.503
 -89.930870,  46.426170, 2026284, 0834,         NOAA 21,            VIIRS,        23,      2.441
 -89.925140,  46.424767, 2026284, 0834,         NOAA 21,            VIIRS,        23,      2.441
 -89.929642,  46.428837, 2026284, 0834,         NOAA 21,            VIIRS,        23,      1.544
 -89.923904,  46.427464, 2026284, 0834,         NOAA 21,            VIIRS,        23,      2.038
 -89.931778,  46.424698, 2026284, 0834,         NOAA 21,            VIIRS,        23,      1.544
 -94.353058,  43.473476, 2026284, 0834,         NOAA 21,            VIIRS,        35,     10.175
-118.476260,  45.746647, 2026284, 0834,         NOAA 21,            VIIRS,        31,      1.717
 -87.612778,  46.604443, 2026284, 0836,       GOES-EAST,             NGFS,        23,     13.150
 -89.929726,  46.424168, 2026284, 0836,       GOES-EAST,             NGFS,        23,      2.750
 -94.340553,  37.848888, 2026284, 0836,       GOES-EAST,             NGFS,         1,      5.280
 -90.701111,  35.908054, 2026284, 0836,       GOES-EAST,             NGFS,        91,      3.060
 -89.365555,  31.662500, 2026284, 0836,       GOES-EAST,             NGFS,        27,      2.330
-103.091870,  41.560230, 2026284, 0839,         NOAA 21,            VIIRS,        38,      0.698
 -91.886963,  38.376244, 2026284, 0839,         NOAA 21,            VIIRS,        26,      0.990
 -94.247208,  38.813427, 2026284, 0839,         NOAA 21,            VIIRS,        30,      3.536
 -94.334755,  37.852421, 2026284, 0839,         NOAA 21,            VIIRS,         1,      5.680
 -96.916939,  38.371052, 2026284, 0839,         NOAA 21,            VIIRS,        91,      1.669
 -92.073570,  36.561245, 2026284, 0839,         NOAA 21,            VIIRS,        26,      1.499
 -92.070190,  36.560410, 2026284, 0839,         NOAA 21,            VIIRS,        26,      1.021
 -90.694870,  35.905338, 2026284, 0839,         NOAA 21,            VIIRS,        26,      1.684
 -90.697006,  35.900070, 2026284, 0839,         NOAA 21,            VIIRS,        91,      1.684
 -90.696289,  35.904518, 2026284, 0839,         NOAA 21,            VIIRS,        91,      2.846
 -94.597260,  36.752224, 2026284, 0839,         NOAA 21,            VIIRS,        57,      2.162
 -94.351891,  35.852158, 2026284, 0839,         NOAA 21,            VIIRS,        26,      0.551
 -95.214577,  34.908176, 2026284, 0839,         NOAA 21,            VIIRS,        31,      0.483
 -96.029884,  34.946583, 2026284, 0839,         NOAA 21,            VIIRS,        91,      0.908
 -96.032784,  34.946301, 2026284, 0839,         NOAA 21,            VIIRS,        91,      1.021
 -92.954834,  34.000168, 2026284, 0839,         NOAA 21,            VIIRS,        57,      0.702
 -96.220802,  34.677341, 2026284, 0839,         NOAA 21,            VIIRS,        91,      0.631
 -96.288788,  34.346340, 2026284, 0839,         NOAA 21,            VIIRS,        91,      1.042
 -96.359749,  34.347141, 2026284, 0839,         NOAA 21,            VIIRS,        91,      0.425
 -97.312119,  34.256927, 2026284, 0839,         NOAA 21,            VIIRS,        91,      0.393
 -97.364075,  34.075550, 2026284, 0839,         NOAA 21,            VIIRS,        91,      1.066
 -89.363754,  31.662960, 2026284, 0839,         NOAA 21,            VIIRS,        27,      1.684
 -94.476349,  32.910759, 2026284, 0839,         NOAA 21,            VIIRS,        27,      0.753
 -95.669411,  32.828579, 2026284, 0839,         NOAA 21,            VIIRS,        31,      0.574
 -95.664200,  32.827423, 2026284, 0839,         NOAA 21,            VIIRS,        31,      0.571
 -94.781723,  31.600325, 2026284, 0839,         NOAA 21,            VIIRS,        27,      1.420
 -96.508255,  31.813095, 2026284, 0839,         NOAA 21,            VIIRS,        31,      1.206
 -96.090073,  31.532019, 2026284, 0839,         NOAA 21,            VIIRS,        31,      4.136
 -96.084824,  31.530851, 2026284, 0839,         NOAA 21,            VIIRS,        31,      1.156
 -96.086182,  31.526436, 2026284, 0839,         NOAA 21,            VIIRS,        31,      1.156
 -96.093170,  31.530432, 2026284, 0839,         NOAA 21,            VIIRS,        31,      5.521
 -96.082634,  31.528147, 2026284, 0839,         NOAA 21,            VIIRS,        31,      1.823
 -96.958298,  31.514975, 2026284, 0839,         NOAA 21,            VIIRS,        94,      0.989
 -96.501747,  29.742144, 2026284, 0839,         NOAA 21,            VIIRS,        27,      0.911
 -97.113503,  29.725174, 2026284, 0839,         NOAA 21,            VIIRS,        31,      0.665
 -95.584068,  29.329546, 2026284, 0839,         NOAA 21,            VIIRS,        31,      7.438
-106.035800,  28.566620, 2026284, 0839,         NOAA 21,            VIIRS,        40,      0.664
 -87.612778,  46.604443, 2026284, 0841,       GOES-EAST,             NGFS,        23,     11.800
 -89.929726,  46.424168, 2026284, 0841,       GOES-EAST,             NGFS,        23,      2.880
 -94.340553,  37.848888, 2026284, 0841,       GOES-EAST,             NGFS,         1,      5.000
 -90.701111,  35.908054, 2026284, 0841,       GOES-EAST,             NGFS,        91,      3.380
 -89.365555,  31.662500, 2026284, 0841,       GOES-EAST,             NGFS,        27,      1.530
 -87.641945,  46.605556, 2026284, 0846,       GOES-EAST,             NGFS,        23,     10.090
 -89.929726,  46.424168, 2026284, 0846,       GOES-EAST,             NGFS,        23,      2.550
 -94.340553,  37.848888, 2026284, 0846,       GOES-EAST,             NGFS,         1,      4.160
 -90.701111,  35.908054, 2026284, 0846,       GOES-EAST,             NGFS,        91,      3.610
 -89.365555,  31.662500, 2026284, 0846,       GOES-EAST,             NGFS,        27,      1.780
 -95.591110,  29.334999, 2026284, 0851,       GOES-EAST,             NGFS,        31,      8.810
 -87.641945,  46.605556, 2026284, 0851,       GOES-EAST,             NGFS,        23,      5.000
 -87.612778,  46.604443, 2026284, 0851,       GOES-EAST,             NGFS,        23,      7.390
 -89.929726,  46.424168, 2026284, 0851,       GOES-EAST,             NGFS,        23,      2.570
 -94.340553,  37.848888, 2026284, 0851,       GOES-EAST,             NGFS,         1,      3.660
 -90.701111,  35.908054, 2026284, 0851,       GOES-EAST,             NGFS,        91,      3.200
 -89.365555,  31.662500, 2026284, 0851,       GOES-EAST,             NGFS,        27,      1.920
 -87.641945,  46.605556, 2026284, 0856,       GOES-EAST,             NGFS,        23,      5.120
 -87.612778,  46.604443, 2026284, 0856,       GOES-EAST,             NGFS,        23,      7.840
 -89.929726,  46.424168, 2026284, 0856,       GOES-EAST,             NGFS,        23,      2.390
 -90.701111,  35.908054, 2026284, 0856,       GOES-EAST,             NGFS,        91,      3.650
 -89.365555,  31.662500, 2026284, 0856,       GOES-EAST,             NGFS,        27,      2.050
 -95.591110,  29.334999, 2026284, 0856,       GOES-EAST,             NGFS,        31,      7.640
 -87.612778,  46.604443, 2026284, 0901,       GOES-EAST,             NGFS,        23,     12.950
 -90.701111,  35.908054, 2026284, 0901,       GOES-EAST,             NGFS,        91,      2.940
 -89.365555,  31.662500, 2026284, 0901,       GOES-EAST,             NGFS,        27,      2.160
 -95.591110,  29.334999, 2026284, 0901,       GOES-EAST,             NGFS,        31,      7.210
 -87.641945,  46.605556, 2026284, 0906,       GOES-EAST,             NGFS,        23,      4.260
 -87.612778,  46.604443, 2026284, 0906,       GOES-EAST,             NGFS,        23,      7.820
 -90.701111,  35.908054, 2026284, 0906,       GOES-EAST,             NGFS,        91,      1.920
 -89.365555,  31.662500, 2026284, 0906,       GOES-EAST,             NGFS,        27,      2.120
 -95.591110,  29.334999, 2026284, 0906,       GOES-EAST,             NGFS,        31,      7.030
 -87.641945,  46.605556, 2026284, 0911,       GOES-EAST,             NGFS,        23,      3.490
 -87.612778,  46.604443, 2026284, 0911,       GOES-EAST,             NGFS,        23,      3.970
 -87.604446,  46.572498, 2026284, 0911,       GOES-EAST,             NGFS,        23,      3.800
 -90.701111,  35.908054, 2026284, 0911,       GOES-EAST,             NGFS,        91,      2.350
 -89.365555,  31.662500, 2026284, 0911,       GOES-EAST,             NGFS,        27,      1.810
 -95.591110,  29.334999, 2026284, 0911,       GOES-EAST,             NGFS,        31,      8.140
-121.131100,  56.910835, 2026284, 0911,       SUOMI NPP,            VIIRS,        60,      1.951
-121.131060,  56.904469, 2026284, 0911,       SUOMI NPP,            VIIRS,        60,      1.951
-121.124740,  56.910267, 2026284, 0911,       SUOMI NPP,            VIIRS,        21,      4.373
-124.777350,  55.478401, 2026284, 0911,       SUOMI NPP,            VIIRS,        22,      3.823
-124.764370,  55.478931, 2026284, 0911,       SUOMI NPP,            VIIRS,        22,      4.737
-124.769250,  55.477486, 2026284, 0911,       SUOMI NPP,            VIIRS,        22,      4.773
-124.295250,  54.093788, 2026284, 0911,       SUOMI NPP,            VIIRS,         5,      1.147
 -87.617683,  46.596134, 2026284, 0911,       SUOMI NPP,            VIIRS,        23,      1.057
 -87.621460,  46.590454, 2026284, 0911,       SUOMI NPP,            VIIRS,        23,      2.290
 -88.172318,  46.628372, 2026284, 0911,       SUOMI NPP,            VIIRS,        23,      0.613
 -88.175545,  46.633709, 2026284, 0911,       SUOMI NPP,            VIIRS,        23,      0.935
 -88.169456,  46.631756, 2026284, 0911,       SUOMI NPP,            VIIRS,        23,      0.935
-117.152530,  51.442574, 2026284, 0911,       SUOMI NPP,            VIIRS,        21,      0.446
-117.142560,  51.442211, 2026284, 0911,       SUOMI NPP,            VIIRS,        21,      3.213
-117.137890,  51.442039, 2026284, 0911,       SUOMI NPP,            VIIRS,        21,      1.845
-117.142590,  51.436859, 2026284, 0911,       SUOMI NPP,            VIIRS,        21,      2.682
-117.137660,  51.436684, 2026284, 0911,       SUOMI NPP,            VIIRS,        21,      2.499
-119.915060,  51.006245, 2026284, 0911,       SUOMI NPP,            VIIRS,        22,      1.617
-119.920310,  51.004360, 2026284, 0911,       SUOMI NPP,            VIIRS,        22,      1.230
-119.914410,  51.004272, 2026284, 0911,       SUOMI NPP,            VIIRS,        22,      1.230
 -89.923660,  46.427166, 2026284, 0911,       SUOMI NPP,            VIIRS,        23,      0.903
 -89.932083,  46.423489, 2026284, 0911,       SUOMI NPP,            VIIRS,        23,      0.705
 -94.351608,  43.474121, 2026284, 0911,       SUOMI NPP,            VIIRS,        35,      1.536
-118.477070,  45.744335, 2026284, 0911,       SUOMI NPP,            VIIRS,        31,      1.686
 -87.612778,  46.604443, 2026284, 0916,       GOES-EAST,             NGFS,        23,      6.330
 -87.604446,  46.572498, 2026284, 0916,       GOES-EAST,             NGFS,        23,      3.770
 -90.701111,  35.908054, 2026284, 0916,       GOES-EAST,             NGFS,        91,      3.070
 -89.365555,  31.662500, 2026284, 0916,       GOES-EAST,             NGFS,        27,      1.580
 -95.591110,  29.334999, 2026284, 0916,       GOES-EAST,             NGFS,        31,      6.540
 -91.786575,  38.771297, 2026284, 0916,       SUOMI NPP,            VIIRS,        26,      0.727
 -94.243996,  38.814602, 2026284, 0916,       SUOMI NPP,            VIIRS,        30,      0.966
 -94.331947,  37.851383, 2026284, 0916,       SUOMI NPP,            VIIRS,         1,      1.935
 -94.331718,  37.853188, 2026284, 0916,       SUOMI NPP,            VIIRS,         1,      2.359
 -96.913574,  38.372044, 2026284, 0916,       SUOMI NPP,            VIIRS,        91,      0.572
 -94.347031,  35.852287, 2026284, 0916,       SUOMI NPP,            VIIRS,        26,      0.440
 -94.346451,  35.853447, 2026284, 0916,       SUOMI NPP,            VIIRS,        26,      0.322
-121.884250,  38.818176, 2026284, 0916,       SUOMI NPP,            VIIRS,        91,      1.143
 -97.362000,  34.076054, 2026284, 0916,       SUOMI NPP,            VIIRS,        91,      0.932
 -95.665306,  32.828716, 2026284, 0916,       SUOMI NPP,            VIIRS,        31,      1.199
 -96.507019,  31.813444, 2026284, 0916,       SUOMI NPP,            VIIRS,        31,      0.636
 -96.087181,  31.534184, 2026284, 0916,       SUOMI NPP,            VIIRS,        31,      0.916
 -96.089539,  31.528152, 2026284, 0916,       SUOMI NPP,            VIIRS,        31,      0.916
 -96.083809,  31.526545, 2026284, 0916,       SUOMI NPP,            VIIRS,        31,      0.916
 -96.089462,  31.530567, 2026284, 0916,       SUOMI NPP,            VIIRS,        31,      2.261
 -96.083717,  31.528994, 2026284, 0916,       SUOMI NPP,            VIIRS,        31,      1.712
 -95.585205,  29.330488, 2026284, 0916,       SUOMI NPP,            VIIRS,        31,      3.650
 -95.582069,  29.334829, 2026284, 0916,       SUOMI NPP,            VIIRS,        31,      1.971
 -95.584541,  29.328333, 2026284, 0916,       SUOMI NPP,            VIIRS,        31,      1.971
 -87.612778,  46.604443, 2026284, 0921,       GOES-EAST,             NGFS,        23,     13.440
 -90.701111,  35.908054, 2026284, 0921,       GOES-EAST,             NGFS,        91,      2.920
 -89.365555,  31.662500, 2026284, 0921,       GOES-EAST,             NGFS,        27,      2.140
 -95.591110,  29.334999, 2026284, 0921,       GOES-EAST,             NGFS,        31,      5.580
 -87.612778,  46.604443, 2026284, 0926,       GOES-EAST,             NGFS,        23,      6.300
 -87.604446,  46.572498, 2026284, 0926,       GOES-EAST,             NGFS,        23,      3.410
 -90.701111,  35.908054, 2026284, 0926,       GOES-EAST,             NGFS,        91,      2.480
 -89.365555,  31.662500, 2026284, 0926,       GOES-EAST,             NGFS,        27,      1.450
 -95.591110,  29.334999, 2026284, 0926,       GOES-EAST,             NGFS,        31,      8.020
-121.526400,  61.585979, 2026284, 0929,         NOAA 20,            VIIRS,        62,      0.716
-121.509910,  61.559532, 2026284, 0929,         NOAA 20,            VIIRS,        60,      0.580
-121.138610,  56.908817, 2026284, 0929,         NOAA 20,            VIIRS,        60,      3.122
-121.128010,  56.908409, 2026284, 0929,         NOAA 20,            VIIRS,        60,      3.122
-121.134740,  56.908176, 2026284, 0929,         NOAA 20,            VIIRS,        60,      4.569
-121.772700,  56.283478, 2026284, 0929,         NOAA 20,            VIIRS,        60,      0.618
-124.769770,  55.484833, 2026284, 0929,         NOAA 20,            VIIRS,        22,      1.924
-124.784520,  55.479385, 2026284, 0929,         NOAA 20,            VIIRS,        60,      1.840
-124.777240,  55.479279, 2026284, 0929,         NOAA 20,            VIIRS,        22,      1.840
-124.770140,  55.479176, 2026284, 0929,         NOAA 20,            VIIRS,        22,      1.924
-124.771200,  55.473522, 2026284, 0929,         NOAA 20,            VIIRS,        22,      0.983
-126.787990,  55.187691, 2026284, 0929,         NOAA 20,            VIIRS,        60,      2.282
-126.789390,  55.181583, 2026284, 0929,         NOAA 20,            VIIRS,        60,      2.282
-126.792230,  55.169373, 2026284, 0929,         NOAA 20,            VIIRS,        60,      1.616
-126.793940,  55.163261, 2026284, 0929,         NOAA 20,            VIIRS,        60,      2.764
-126.688890,  54.846188, 2026284, 0929,         NOAA 20,            VIIRS,        22,      1.861
-126.453900,  54.602318, 2026284, 0929,         NOAA 20,            VIIRS,        60,      0.605
-126.099920,  54.595539, 2026284, 0929,         NOAA 20,            VIIRS,        60,      2.741
-126.092680,  54.595509, 2026284, 0929,         NOAA 20,            VIIRS,        60,      2.811
-126.085390,  54.595486, 2026284, 0929,         NOAA 20,            VIIRS,        60,      2.811
-126.100390,  54.589600, 2026284, 0929,         NOAA 20,            VIIRS,        22,      2.741
-126.093300,  54.589577, 2026284, 0929,         NOAA 20,            VIIRS,        22,      2.811
-126.086270,  54.589554, 2026284, 0929,         NOAA 20,            VIIRS,        22,      2.811
-126.079290,  54.589523, 2026284, 0929,         NOAA 20,            VIIRS,        22,      5.726
-126.448980,  54.600819, 2026284, 0929,         NOAA 20,            VIIRS,        22,      1.837
-126.102890,  54.592617, 2026284, 0929,         NOAA 20,            VIIRS,        60,      3.370
-126.095720,  54.592560, 2026284, 0929,         NOAA 20,            VIIRS,        60,      5.374
-126.088570,  54.592503, 2026284, 0929,         NOAA 20,            VIIRS,        60,      5.374
-126.081480,  54.592445, 2026284, 0929,         NOAA 20,            VIIRS,        60,      4.104
-126.074500,  54.592396, 2026284, 0929,         NOAA 20,            VIIRS,        60,      4.104
-126.045540,  54.586231, 2026284, 0929,         NOAA 20,            VIIRS,        60,      2.026
-126.045230,  54.580303, 2026284, 0929,         NOAA 20,            VIIRS,        60,      2.026
-126.045130,  54.574383, 2026284, 0929,         NOAA 20,            VIIRS,        60,      1.769
-126.705490,  54.351830, 2026284, 0929,         NOAA 20,            VIIRS,        21,      2.720
-126.697880,  54.351814, 2026284, 0929,         NOAA 20,            VIIRS,        21,      2.720
-126.689840,  54.351799, 2026284, 0929,         NOAA 20,            VIIRS,        21,      4.445
-126.688320,  54.345730, 2026284, 0929,         NOAA 20,            VIIRS,        21,      2.085
-124.299450,  54.092102, 2026284, 0929,         NOAA 20,            VIIRS,         5,      1.134
-125.357430,  53.919403, 2026284, 0929,         NOAA 20,            VIIRS,        21,      1.294
 -92.340080,  46.684750, 2026284, 0929,         NOAA 20,            VIIRS,        55,      2.618
 -92.332153,  46.681919, 2026284, 0929,         NOAA 20,            VIIRS,        55,      3.974
 -92.338493,  46.685398, 2026284, 0929,         NOAA 20,            VIIRS,        55,      2.694
 -92.330513,  46.682598, 2026284, 0929,         NOAA 20,            VIIRS,        55,      2.694
-117.145190,  51.441032, 2026284, 0929,         NOAA 20,            VIIRS,        21,      0.922
-117.144290,  51.438919, 2026284, 0929,         NOAA 20,            VIIRS,        21,      1.287
-119.924410,  51.010059, 2026284, 0929,         NOAA 20,            VIIRS,        22,      1.863
-119.924100,  51.007435, 2026284, 0929,         NOAA 20,            VIIRS,        22,      1.437
-119.917530,  51.006969, 2026284, 0929,         NOAA 20,            VIIRS,        22,      1.437
 -94.356110,  43.473404, 2026284, 0929,         NOAA 20,            VIIRS,        35,      0.722
 -92.336945,  46.679165, 2026284, 0931,       GOES-EAST,             NGFS,        55,      7.030
 -87.612778,  46.604443, 2026284, 0931,       GOES-EAST,             NGFS,        23,     11.830
 -90.701111,  35.908054, 2026284, 0931,       GOES-EAST,             NGFS,        91,      2.930
 -89.365555,  31.662500, 2026284, 0931,       GOES-EAST,             NGFS,        27,      1.630
 -95.591110,  29.334999, 2026284, 0931,       GOES-EAST,             NGFS,        31,      6.640
 -98.008049,  43.742695, 2026284, 0935,         NOAA 20,            VIIRS,        30,      0.521
-122.962830,  46.256199, 2026284, 0935,         NOAA 20,            VIIRS,        22,      0.972
-118.479710,  45.747120, 2026284, 0935,         NOAA 20,            VIIRS,        31,      2.804
-121.891040,  38.818783, 2026284, 0935,         NOAA 20,            VIIRS,        91,      1.258
-121.885930,  38.818295, 2026284, 0935,         NOAA 20,            VIIRS,        91,      1.156
-119.639050,  36.236240, 2026284, 0935,         NOAA 20,            VIIRS,        91,      0.422
 -87.612778,  46.604443, 2026284, 0936,       GOES-EAST,             NGFS,        23,      7.180
 -87.604446,  46.572498, 2026284, 0936,       GOES-EAST,             NGFS,        23,      3.940
 -92.336945,  46.679165, 2026284, 0936,       GOES-EAST,             NGFS,        55,     11.340
 -90.701111,  35.908054, 2026284, 0936,       GOES-EAST,             NGFS,        91,      2.130
 -89.365555,  31.662500, 2026284, 0936,       GOES-EAST,             NGFS,        27,      1.950
 -95.591110,  29.334999, 2026284, 0936,       GOES-EAST,             NGFS,        31,      5.800
 -87.641945,  46.605556, 2026284, 0941,       GOES-EAST,             NGFS,        23,      4.090
 -87.612778,  46.604443, 2026284, 0941,       GOES-EAST,             NGFS,        23,      6.310
 -92.336945,  46.679165, 2026284, 0941,       GOES-EAST,             NGFS,        55,     14.940
 -90.701111,  35.908054, 2026284, 0941,       GOES-EAST,             NGFS,        91,      3.080
 -89.365555,  31.662500, 2026284, 0941,       GOES-EAST,             NGFS,        27,      1.730
 -95.591110,  29.334999, 2026284, 0941,       GOES-EAST,             NGFS,        31,      6.880
-117.178340,  51.453609, 2026284, 0946,       GOES-EAST,             NGFS,        21,     11.600
 -87.612778,  46.604443, 2026284, 0946,       GOES-EAST,             NGFS,        23,      7.660
 -87.604446,  46.572498, 2026284, 0946,       GOES-EAST,             NGFS,        23,      3.980
 -92.336945,  46.679165, 2026284, 0946,       GOES-EAST,             NGFS,        55,      4.470
 -90.701111,  35.908054, 2026284, 0946,       GOES-EAST,             NGFS,        91,      2.590
 -89.365555,  31.662500, 2026284, 0946,       GOES-EAST,             NGFS,        27,      1.590
 -95.591110,  29.334999, 2026284, 0946,       GOES-EAST,             NGFS,        31,      4.860
-117.178337,  51.453609, 2026284, 0951,       GOES-EAST,             NGFS,        21,     11.040
 -87.641945,  46.605556, 2026284, 0951,       GOES-EAST,             NGFS,        23,      5.910
 -87.612778,  46.604443, 2026284, 0951,       GOES-EAST,             NGFS,        23,      9.200
 -92.336945,  46.679165, 2026284, 0951,       GOES-EAST,             NGFS,        55,      4.240
 -90.701111,  35.908054, 2026284, 0951,       GOES-EAST,             NGFS,        91,      2.870
 -89.365555,  31.662500, 2026284, 0951,       GOES-EAST,             NGFS,        27,      1.980
 -95.591110,  29.334999, 2026284, 0951,       GOES-EAST,             NGFS,        31,      7.420
-117.122500,  51.411110, 2026284, 0956,       GOES-EAST,             NGFS,        21,     10.930
-117.178337,  51.453609, 2026284, 0956,       GOES-EAST,             NGFS,        21,     12.230
 -87.612778,  46.604443, 2026284, 0956,       GOES-EAST,             NGFS,        23,     14.570
 -90.701111,  35.908054, 2026284, 0956,       GOES-EAST,             NGFS,        91,      1.570
 -89.365555,  31.662500, 2026284, 0956,       GOES-EAST,             NGFS,        27,      2.210
 -95.591110,  29.334999, 2026284, 0956,       GOES-EAST,             NGFS,        31,      6.940
-117.178337,  51.453609, 2026284, 1001,       GOES-EAST,             NGFS,        21,     24.700
 -87.612778,  46.604443, 2026284, 1001,       GOES-EAST,             NGFS,        23,     13.290
 -90.701111,  35.908054, 2026284, 1001,       GOES-EAST,             NGFS,        91,      2.510
 -89.365555,  31.662500, 2026284, 1001,       GOES-EAST,             NGFS,        27,      1.980
 -95.591110,  29.334999, 2026284, 1001,       GOES-EAST,             NGFS,        31,      7.250
-117.178337,  51.453609, 2026284, 1006,       GOES-EAST,             NGFS,        21,     19.470
 -87.641945,  46.605556, 2026284, 1006,       GOES-EAST,             NGFS,        23,      5.550
 -87.612778,  46.604443, 2026284, 1006,       GOES-EAST,             NGFS,        23,      9.600
 -90.701111,  35.908054, 2026284, 1006,       GOES-EAST,             NGFS,        91,      2.320
 -89.365555,  31.662500, 2026284, 1006,       GOES-EAST,             NGFS,        27,      1.690
 -95.591110,  29.334999, 2026284, 1006,       GOES-EAST,             NGFS,        31,      8.250
-117.178337,  51.453609, 2026284, 1011,       GOES-EAST,             NGFS,        21,     20.480
 -87.641945,  46.605556, 2026284, 1011,       GOES-EAST,             NGFS,        23,      4.900
 -87.612778,  46.604443, 2026284, 1011,       GOES-EAST,             NGFS,        23,      8.480
 -90.701111,  35.908054, 2026284, 1011,       GOES-EAST,             NGFS,        91,      2.820
 -89.365555,  31.662500, 2026284, 1011,       GOES-EAST,             NGFS,        27,      1.860
 -95.591110,  29.334999, 2026284, 1011,       GOES-EAST,             NGFS,        31,      5.130
-117.178337,  51.453609, 2026284, 1016,       GOES-EAST,             NGFS,        21,     17.700
 -87.612778,  46.604443, 2026284, 1016,       GOES-EAST,             NGFS,        23,     13.270
 -90.701111,  35.908054, 2026284, 1016,       GOES-EAST,             NGFS,        91,      2.360
 -89.365555,  31.662500, 2026284, 1016,       GOES-EAST,             NGFS,        27,      1.920
 -95.591110,  29.334999, 2026284, 1016,       GOES-EAST,             NGFS,        31,      5.840
-117.178337,  51.453609, 2026284, 1021,       GOES-EAST,             NGFS,        21,     19.280
 -87.641945,  46.605556, 2026284, 1021,       GOES-EAST,             NGFS,        23,      5.360
 -87.612778,  46.604443, 2026284, 1021,       GOES-EAST,             NGFS,        23,      9.330
 -90.701111,  35.908054, 2026284, 1021,       GOES-EAST,             NGFS,        91,      2.510
 -89.365555,  31.662500, 2026284, 1021,       GOES-EAST,             NGFS,        27,      1.930
 -95.591110,  29.334999, 2026284, 1021,       GOES-EAST,             NGFS,        31,      6.390
-117.178337,  51.453609, 2026284, 1026,       GOES-EAST,             NGFS,        21,      9.210
-117.122498,  51.411110, 2026284, 1026,       GOES-EAST,             NGFS,        21,      7.390
 -87.612778,  46.604443, 2026284, 1026,       GOES-EAST,             NGFS,        23,     15.460
 -89.365555,  31.662500, 2026284, 1026,       GOES-EAST,             NGFS,        27,      1.900
 -95.591110,  29.334999, 2026284, 1026,       GOES-EAST,             NGFS,        31,      5.860
-117.178337,  51.453609, 2026284, 1031,       GOES-EAST,             NGFS,        21,     19.240
 -87.612778,  46.604443, 2026284, 1031,       GOES-EAST,             NGFS,        23,     13.820
 -95.591110,  29.334999, 2026284, 1031,       GOES-EAST,             NGFS,        31,      6.510
 -89.791115,  29.765556, 2026284, 1036,       GOES-EAST,             NGFS,        15,      3.820
-117.178337,  51.453609, 2026284, 1036,       GOES-EAST,             NGFS,        21,      9.850
-117.122498,  51.411110, 2026284, 1036,       GOES-EAST,             NGFS,        21,      8.550
 -87.612778,  46.604443, 2026284, 1036,       GOES-EAST,             NGFS,        23,     14.920
 -95.591110,  29.334999, 2026284, 1036,       GOES-EAST,             NGFS,        31,      5.430
-117.178337,  51.453609, 2026284, 1041,       GOES-EAST,             NGFS,        21,     17.630
 -87.641945,  46.605556, 2026284, 1041,       GOES-EAST,             NGFS,        23,      4.880
 -87.612778,  46.604443, 2026284, 1041,       GOES-EAST,             NGFS,        23,      7.990
 -89.791115,  29.765556, 2026284, 1041,       GOES-EAST,             NGFS,        15,      2.660
 -95.591110,  29.334999, 2026284, 1041,       GOES-EAST,             NGFS,        31,      6.370
-117.178337,  51.453609, 2026284, 1046,       GOES-EAST,             NGFS,        21,     18.710
 -87.612778,  46.604443, 2026284, 1046,       GOES-EAST,             NGFS,        23,     13.610
 -95.591110,  29.334999, 2026284, 1046,       GOES-EAST,             NGFS,        31,      5.450
-117.178337,  51.453609, 2026284, 1051,       GOES-EAST,             NGFS,        21,      7.660
 -87.641945,  46.605556, 2026284, 1051,       GOES-EAST,             NGFS,        23,      4.960
 -87.612778,  46.604443, 2026284, 1051,       GOES-EAST,             NGFS,        23,      9.880
 -95.591110,  29.334999, 2026284, 1051,       GOES-EAST,             NGFS,        31,      4.870
-117.178337,  51.453609, 2026284, 1056,       GOES-EAST,             NGFS,        21,      7.490
 -87.612778,  46.604443, 2026284, 1056,       GOES-EAST,             NGFS,        23,     14.520
 -95.591110,  29.334999, 2026284, 1056,       GOES-EAST,             NGFS,        31,      5.330
-117.178337,  51.453609, 2026284, 1101,       GOES-EAST,             NGFS,        21,     10.910
 -87.612778,  46.604443, 2026284, 1101,       GOES-EAST,             NGFS,        23,     13.350
 -95.591110,  29.334999, 2026284, 1101,       GOES-EAST,             NGFS,        31,      5.280
 -96.154999,  28.880278, 2026284, 1106,       GOES-EAST,             NGFS,        30,      7.650
-117.178337,  51.453609, 2026284, 1106,       GOES-EAST,             NGFS,        21,      7.610
 -87.641945,  46.605556, 2026284, 1106,       GOES-EAST,             NGFS,        23,      4.900
 -87.612778,  46.604443, 2026284, 1106,       GOES-EAST,             NGFS,        23,      9.100
 -95.591110,  29.334999, 2026284, 1106,       GOES-EAST,             NGFS,        31,      5.670
